epoch,train_loss,val_loss,train_rmse,val_rmse,train_loss_obj,test_rmse,ema_val_rmse,mean_abs_delta_g,mean_frob_delta_M,mean_abs_delta_C_qd,mean_abs_delta_tau_f
1,0.20364756,0.19645633,0.11124239,0.10135503,0.20364775,0.10784684,0.10176026,2.10660403e-03,2.07329565e-04,6.57697522e-05,1.69289752e-03
2,0.20044498,0.19286457,0.11041438,0.10058412,0.20044778,0.10707207,0.10158974,8.52986182e-03,5.01803091e-03,2.45247492e-03,6.61186468e-03
3,0.19490304,0.18726406,0.10900587,0.09952107,0.19492070,0.10597191,0.10123399,2.05912524e-02,1.71786952e-02,9.42426498e-03,1.50227187e-02
4,0.18709387,0.17954444,0.10725306,0.09816464,0.18716610,0.10457426,0.10068806,3.98477468e-02,3.75210785e-02,2.31274295e-02,2.72511092e-02
5,0.17709892,0.17062496,0.10510772,0.09647556,0.17729238,0.10272789,0.09999776,6.07584583e-02,6.78689389e-02,4.09703193e-02,4.23736339e-02
6,0.16834704,0.16364536,0.10342367,0.09509324,0.16871286,0.10096571,0.09920816,7.31506297e-02,1.04748894e-01,5.68556790e-02,6.06923735e-02
7,0.16264848,0.16041297,0.10220627,0.09442092,0.16320259,0.09990010,0.09837609,7.60843625e-02,1.58511401e-01,7.30744426e-02,7.52066333e-02
8,0.15922850,0.15813188,0.10142195,0.09399088,0.16002609,0.09933058,0.09750666,7.71475572e-02,2.13014786e-01,1.01813612e-01,8.05351622e-02
9,0.15651555,0.15532969,0.10074584,0.09329094,0.15771518,0.09869900,0.09660500,7.84306102e-02,2.88342322e-01,1.42287918e-01,8.45867792e-02
10,0.15388326,0.15250283,0.09997871,0.09250637,0.15558634,0.09784077,0.09567957,8.10670340e-02,3.50212135e-01,1.85443043e-01,8.59350869e-02
11,0.15150905,0.14960467,0.09930653,0.09169561,0.15381958,0.09713070,0.09476794,8.31010865e-02,4.18926504e-01,2.27461617e-01,8.79735209e-02
12,0.14816208,0.14639243,0.09840422,0.09077074,0.15109645,0.09626081,0.09388663,8.32160037e-02,4.75245599e-01,2.66817282e-01,8.93285912e-02
13,0.14516097,0.14346883,0.09753725,0.09009992,0.14872890,0.09557842,0.09305216,8.48249456e-02,5.52294645e-01,3.00358143e-01,9.07892277e-02
14,0.14214224,0.14019286,0.09673464,0.08896017,0.14623768,0.09460778,0.09223891,8.62962438e-02,5.52261653e-01,3.32599394e-01,9.15243972e-02
15,0.13958901,0.13777313,0.09594546,0.08834172,0.14411872,0.09401634,0.09149970,8.86910189e-02,6.01363778e-01,3.51643868e-01,9.19720294e-02
16,0.13690038,0.13551524,0.09526809,0.08766783,0.14180454,0.09325757,0.09081955,8.98235336e-02,6.11544879e-01,3.72056913e-01,9.21269799e-02
17,0.13475020,0.13348072,0.09456947,0.08698103,0.13985455,0.09262914,0.09018582,9.10070254e-02,6.20329061e-01,3.80686596e-01,9.19291869e-02
18,0.13285329,0.13171805,0.09396374,0.08651158,0.13803171,0.09211321,0.08962354,9.18186754e-02,6.20791487e-01,3.84931301e-01,9.20088474e-02
19,0.13085344,0.13062771,0.09339873,0.08616522,0.13597182,0.09169579,0.08912161,9.28049469e-02,6.14669089e-01,3.82455949e-01,9.16470040e-02
20,0.12972097,0.12944896,0.09299403,0.08589030,0.13469584,0.09150245,0.08867077,9.33923019e-02,6.06439050e-01,3.77808627e-01,9.16137220e-02
21,0.12782882,0.12841823,0.09251027,0.08557721,0.13257667,0.09125651,0.08825901,9.47450692e-02,5.90282059e-01,3.67147384e-01,9.13771382e-02
22,0.12712826,0.12776517,0.09224164,0.08531973,0.13167636,0.09104024,0.08788380,9.66908574e-02,5.77565804e-01,3.58589708e-01,9.13706193e-02
23,0.12629613,0.12682446,0.09202818,0.08515165,0.13053401,0.09094755,0.08753779,9.64154191e-02,5.56550296e-01,3.43240777e-01,9.01251350e-02
24,0.12510854,0.12633726,0.09164151,0.08507066,0.12912806,0.09095287,0.08722729,9.76546736e-02,5.43538703e-01,3.33577696e-01,9.01597822e-02
25,0.12400862,0.12572191,0.09132168,0.08483657,0.12776815,0.09077860,0.08693143,9.81817938e-02,5.17548114e-01,3.21979308e-01,8.90055852e-02
26,0.12329974,0.12528156,0.09111557,0.08474886,0.12683472,0.09078006,0.08665470,1.00843665e-01,5.00553206e-01,3.08648465e-01,8.88171896e-02
27,0.12254607,0.12497251,0.09083842,0.08466598,0.12586090,0.09083998,0.08640024,1.01760321e-01,4.90485646e-01,2.96536983e-01,8.72060969e-02
28,0.12223797,0.12479163,0.09083672,0.08461054,0.12529892,0.09079937,0.08617060,1.01547221e-01,4.65181024e-01,2.84280935e-01,8.73210402e-02
29,0.12150607,0.12433761,0.09054531,0.08453708,0.12438488,0.09085471,0.08595248,1.02027436e-01,4.52579508e-01,2.73194956e-01,8.65520805e-02
30,0.12172658,0.12426347,0.09066425,0.08449791,0.12438605,0.09077145,0.08575402,1.02962609e-01,4.35346616e-01,2.60560355e-01,8.53941377e-02
31,0.12111757,0.12385158,0.09045394,0.08440630,0.12360258,0.09087906,0.08556403,1.03272946e-01,4.15380817e-01,2.50004931e-01,8.43880711e-02
32,0.12047154,0.12376180,0.09025384,0.08435324,0.12286007,0.09089040,0.08538899,1.05083919e-01,4.02224494e-01,2.43484866e-01,8.35234841e-02
33,0.12019539,0.12341218,0.09018296,0.08431101,0.12239735,0.09104843,0.08523457,1.05371368e-01,3.84510640e-01,2.31630653e-01,8.27395048e-02
34,0.11976957,0.12334602,0.09010677,0.08423014,0.12187071,0.09089926,0.08508514,1.05611700e-01,3.71587328e-01,2.24614700e-01,8.18600705e-02
35,0.11939304,0.12329687,0.09000672,0.08428952,0.12136623,0.09099798,0.08495603,1.06962655e-01,3.62679894e-01,2.16231224e-01,8.04905770e-02
36,0.11920709,0.12300104,0.08987750,0.08417959,0.12108448,0.09098327,0.08483680,1.07038955e-01,3.52249486e-01,2.09054331e-01,7.98294453e-02
37,0.11879117,0.12293871,0.08967667,0.08414263,0.12055140,0.09102976,0.08472336,1.07077318e-01,3.33849534e-01,2.01339714e-01,7.83660796e-02
38,0.11847599,0.12288762,0.08964361,0.08414994,0.12016152,0.09101576,0.08462865,1.07737208e-01,3.26800787e-01,1.95398423e-01,7.74142575e-02
39,0.11786010,0.12260159,0.08942672,0.08412217,0.11947261,0.09104976,0.08454370,1.08571497e-01,3.12988632e-01,1.89651502e-01,7.59284580e-02
40,0.11761108,0.12265504,0.08932874,0.08416659,0.11914537,0.09109516,0.08447166,1.09699915e-01,3.07529385e-01,1.84035730e-01,7.45728923e-02
41,0.11797108,0.12236559,0.08948973,0.08409003,0.11944221,0.09101411,0.08440717,1.09514433e-01,3.00113963e-01,1.79008341e-01,7.31705062e-02
42,0.11778513,0.12223814,0.08948108,0.08402928,0.11917867,0.09106272,0.08434310,1.10200433e-01,2.89936092e-01,1.71784511e-01,7.19784543e-02
43,0.11725357,0.12230337,0.08927822,0.08404314,0.11861782,0.09105119,0.08429008,1.11473406e-01,2.84437770e-01,1.69915532e-01,7.08693435e-02
44,0.11713798,0.12231733,0.08927452,0.08402638,0.11843692,0.09118024,0.08424569,1.10730138e-01,2.72738059e-01,1.65162401e-01,7.02127310e-02
45,0.11631936,0.12221952,0.08901359,0.08402982,0.11758224,0.09123320,0.08420429,1.12293118e-01,2.67857091e-01,1.61343519e-01,6.88731853e-02
46,0.11656366,0.12191807,0.08910878,0.08394919,0.11778072,0.09119941,0.08416530,1.12234099e-01,2.60880075e-01,1.57611811e-01,6.72135953e-02
47,0.11625079,0.12189618,0.08896420,0.08392476,0.11741723,0.09130504,0.08412490,1.11497223e-01,2.50574192e-01,1.54609816e-01,6.58708748e-02
48,0.11613487,0.12187367,0.08900313,0.08396154,0.11728712,0.09123503,0.08409603,1.13215982e-01,2.48865961e-01,1.52071280e-01,6.45483793e-02
49,0.11587599,0.12175938,0.08881751,0.08393492,0.11697575,0.09129420,0.08406837,1.12159066e-01,2.43238869e-01,1.48933161e-01,6.35370697e-02
50,0.11555921,0.12159220,0.08879009,0.08393406,0.11664892,0.09121236,0.08404346,1.14321297e-01,2.37876206e-01,1.46471262e-01,6.17711396e-02
51,0.11530904,0.12145056,0.08865753,0.08389104,0.11636409,0.09140621,0.08401781,1.14479303e-01,2.32818141e-01,1.43896286e-01,6.11685264e-02
52,0.11529661,0.12140720,0.08863869,0.08389959,0.11633302,0.09129884,0.08399698,1.14942761e-01,2.25299232e-01,1.42419602e-01,5.93694303e-02
53,0.11534488,0.12146232,0.08866150,0.08389889,0.11634823,0.09121998,0.08397756,1.14972471e-01,2.22220353e-01,1.39986990e-01,5.79737687e-02
54,0.11516994,0.12117849,0.08862740,0.08386617,0.11615471,0.09117335,0.08395772,1.14716731e-01,2.20558561e-01,1.37651518e-01,5.69289762e-02
55,0.11491816,0.12129548,0.08857842,0.08387509,0.11588880,0.09126339,0.08393976,1.15698184e-01,2.15771770e-01,1.36781887e-01,5.56974059e-02
56,0.11484626,0.12107046,0.08849274,0.08377831,0.11579135,0.09105613,0.08391810,1.15515333e-01,2.11157984e-01,1.33998659e-01,5.54284186e-02
57,0.11448622,0.12084918,0.08839047,0.08372223,0.11541009,0.09107259,0.08389331,1.16178612e-01,2.07951170e-01,1.32145631e-01,5.45047343e-02
58,0.11425371,0.12111175,0.08830775,0.08378366,0.11516600,0.09102967,0.08387583,1.16340919e-01,2.05493763e-01,1.31282490e-01,5.36162601e-02
59,0.11403785,0.12089552,0.08830109,0.08373230,0.11493242,0.09110530,0.08385514,1.16492200e-01,2.02354651e-01,1.30221985e-01,5.26386623e-02
60,0.11388203,0.12091385,0.08820932,0.08375766,0.11477232,0.09115629,0.08384043,1.17440761e-01,1.99306422e-01,1.29101600e-01,5.17569906e-02
61,0.11374416,0.12053657,0.08815821,0.08362193,0.11462217,0.09099323,0.08381259,1.17803842e-01,1.96875373e-01,1.27885826e-01,5.04960184e-02
62,0.11378647,0.12045196,0.08823331,0.08359998,0.11466159,0.09105747,0.08378539,1.18345246e-01,1.95560136e-01,1.27330295e-01,5.02372827e-02
63,0.11351056,0.12073369,0.08803760,0.08367236,0.11437383,0.09098096,0.08376670,1.18266485e-01,1.93199839e-01,1.26243781e-01,4.94016505e-02
64,0.11350167,0.12045421,0.08806106,0.08367968,0.11435796,0.09084973,0.08375114,1.18638517e-01,1.90920414e-01,1.25150345e-01,4.90038814e-02
65,0.11323724,0.12025112,0.08793007,0.08363514,0.11407998,0.09085436,0.08373119,1.18709319e-01,1.89720750e-01,1.24625047e-01,4.79068804e-02
66,0.11284122,0.12024701,0.08783723,0.08368659,0.11368586,0.09102528,0.08371760,1.19956196e-01,1.85068015e-01,1.24447943e-01,4.73208616e-02
67,0.11296808,0.12006393,0.08785710,0.08358527,0.11380553,0.09092262,0.08369775,1.19369046e-01,1.85461028e-01,1.23165132e-01,4.71033713e-02
68,0.11284669,0.12017258,0.08789654,0.08364424,0.11367367,0.09077469,0.08368644,1.18830961e-01,1.83720659e-01,1.22906452e-01,4.66426797e-02
69,0.11278628,0.12034588,0.08784954,0.08378966,0.11360994,0.09082637,0.08368915,1.20712481e-01,1.81485919e-01,1.22215321e-01,4.54703361e-02
70,0.11240750,0.12009417,0.08765643,0.08367323,0.11323278,0.09083736,0.08368050,1.20116004e-01,1.82863510e-01,1.22462855e-01,4.50978735e-02
71,0.11179201,0.12008288,0.08751586,0.08363647,0.11262120,0.09062303,0.08366950,1.20312745e-01,1.81254049e-01,1.22847204e-01,4.47215061e-02
72,0.11205936,0.11979080,0.08762274,0.08350783,0.11288157,0.09069995,0.08364851,1.21152980e-01,1.82910101e-01,1.22060422e-01,4.38968032e-02
73,0.11207072,0.11998013,0.08760622,0.08363316,0.11288237,0.09072312,0.08363979,1.20109084e-01,1.80427585e-01,1.21276688e-01,4.44348487e-02
74,0.11201602,0.11992495,0.08757721,0.08351251,0.11284080,0.09057171,0.08362186,1.22220672e-01,1.78068585e-01,1.21663565e-01,4.41409494e-02
75,0.11200369,0.11984877,0.08755044,0.08352096,0.11281679,0.09060758,0.08360639,1.21023646e-01,1.79054459e-01,1.21543570e-01,4.36038902e-02
76,0.11160270,0.11955244,0.08736744,0.08346486,0.11242053,0.09071491,0.08358771,1.21550472e-01,1.79027471e-01,1.21847131e-01,4.34854786e-02
77,0.11147171,0.11962271,0.08745372,0.08351020,0.11229174,0.09056682,0.08357494,1.21607369e-01,1.78134729e-01,1.21954902e-01,4.30540929e-02
78,0.11131265,0.11965703,0.08733565,0.08354066,0.11213546,0.09051247,0.08356628,1.21986983e-01,1.80647152e-01,1.22500576e-01,4.25265914e-02
79,0.11119641,0.11945387,0.08724339,0.08349688,0.11201614,0.09052793,0.08355481,1.21998858e-01,1.77931947e-01,1.22414831e-01,4.27466197e-02
80,0.11121370,0.11937521,0.08736559,0.08340206,0.11204153,0.09054386,0.08353519,1.23094272e-01,1.78575004e-01,1.21778460e-01,4.36365074e-02
81,0.11084888,0.11949211,0.08722086,0.08348529,0.11168122,0.09054627,0.08352571,1.22927044e-01,1.79308205e-01,1.22817330e-01,4.28178618e-02
82,0.11091743,0.11938659,0.08725752,0.08345836,0.11174186,0.09036103,0.08351541,1.22078592e-01,1.81427849e-01,1.22358387e-01,4.29651159e-02
83,0.11118843,0.11936522,0.08721015,0.08344294,0.11201726,0.09027178,0.08350482,1.23259180e-01,1.79395198e-01,1.22229932e-01,4.31754149e-02
84,0.11066514,0.11920323,0.08709751,0.08346231,0.11149703,0.09017170,0.08349718,1.23308710e-01,1.79779017e-01,1.22644814e-01,4.30334780e-02
85,0.11088808,0.11922211,0.08718626,0.08341000,0.11172550,0.09028056,0.08348561,1.23768125e-01,1.81404683e-01,1.22323112e-01,4.30684224e-02
86,0.11045206,0.11925175,0.08698911,0.08341397,0.11128905,0.09021275,0.08347553,1.24180515e-01,1.79680438e-01,1.22725743e-01,4.25085726e-02
87,0.11046091,0.11936462,0.08704033,0.08352632,0.11129849,0.09025499,0.08347686,1.23669364e-01,1.80405444e-01,1.23438209e-01,4.22726481e-02
88,0.11001804,0.11929062,0.08691785,0.08343272,0.11085939,0.09010870,0.08346927,1.24833401e-01,1.79928405e-01,1.23223599e-01,4.25177245e-02
89,0.11048394,0.11915888,0.08703356,0.08340222,0.11132109,0.09003207,0.08345951,1.24435815e-01,1.80476211e-01,1.22804101e-01,4.23175838e-02
90,0.11027957,0.11903833,0.08697953,0.08340456,0.11111522,0.09004278,0.08345141,1.23863719e-01,1.81660271e-01,1.22872853e-01,4.26744128e-02
91,0.11025088,0.11899907,0.08697231,0.08339179,0.11109645,0.09007034,0.08344217,1.24506729e-01,1.80834301e-01,1.23201374e-01,4.28807159e-02
92,0.10997242,0.11898459,0.08683706,0.08330868,0.11082089,0.09002600,0.08342488,1.25381524e-01,1.79185037e-01,1.23949947e-01,4.24850787e-02
93,0.11010121,0.11888638,0.08687243,0.08332095,0.11093906,0.08997447,0.08341175,1.23892649e-01,1.80717464e-01,1.22862267e-01,4.30093777e-02
94,0.10981863,0.11892492,0.08682216,0.08331956,0.11066344,0.09004244,0.08340029,1.25545797e-01,1.80569965e-01,1.22990271e-01,4.26924847e-02
95,0.10946037,0.11887480,0.08669337,0.08330658,0.11031406,0.08995428,0.08338883,1.26234536e-01,1.82017754e-01,1.23310227e-01,4.22685071e-02
96,0.10982558,0.11868047,0.08682160,0.08317378,0.11067597,0.08988421,0.08336433,1.24698504e-01,1.81885130e-01,1.24178488e-01,4.21749756e-02
97,0.11019771,0.11873078,0.08690851,0.08330305,0.11104709,0.08983737,0.08335499,1.25543690e-01,1.81248322e-01,1.23624936e-01,4.18851438e-02
98,0.10947836,0.11866091,0.08677173,0.08330601,0.11033192,0.09001927,0.08334733,1.25736932e-01,1.82632136e-01,1.23754368e-01,4.20315105e-02
99,0.10963444,0.11874602,0.08670595,0.08326606,0.11048711,0.08992646,0.08333672,1.26093349e-01,1.80809703e-01,1.23828567e-01,4.19902723e-02
100,0.10913165,0.11876132,0.08656086,0.08332840,0.10998648,0.08987006,0.08333252,1.25704972e-01,1.83113231e-01,1.24085264e-01,4.19635647e-02
101,0.10934934,0.11871040,0.08667455,0.08329285,0.11020645,0.08990525,0.08332584,1.26090169e-01,1.83430050e-01,1.23986808e-01,4.22358926e-02
102,0.10890852,0.11871829,0.08654978,0.08332118,0.10976307,0.08987160,0.08332288,1.25707820e-01,1.83314496e-01,1.24157992e-01,4.12728167e-02
103,0.10896686,0.11874377,0.08657847,0.08329398,0.10982767,0.08985239,0.08331771,1.26537744e-01,1.84787808e-01,1.23896188e-01,4.17472977e-02
104,0.10913574,0.11852219,0.08662762,0.08323779,0.10999164,0.08985869,0.08330794,1.26065834e-01,1.84434405e-01,1.24130175e-01,4.11434674e-02
105,0.10859543,0.11854069,0.08644509,0.08327093,0.10945274,0.08973328,0.08330202,1.26611947e-01,1.81997276e-01,1.23812231e-01,4.12952257e-02
106,0.10871822,0.11848675,0.08650046,0.08318943,0.10958410,0.08974057,0.08328873,1.27315537e-01,1.81874655e-01,1.24536077e-01,4.19299380e-02
107,0.10839881,0.11860643,0.08629986,0.08326437,0.10925454,0.08980476,0.08328494,1.26412977e-01,1.84064459e-01,1.23924927e-01,4.24371919e-02
108,0.10858549,0.11860379,0.08635045,0.08320986,0.10944715,0.08973182,0.08327450,1.27166636e-01,1.84397248e-01,1.23990001e-01,4.16728459e-02
109,0.10849594,0.11839061,0.08639358,0.08322519,0.10935842,0.08968517,0.08326713,1.26961157e-01,1.82359342e-01,1.24409253e-01,4.15075107e-02
110,0.10892047,0.11849989,0.08645137,0.08319248,0.10977998,0.08962451,0.08325783,1.26556802e-01,1.82916247e-01,1.24026997e-01,4.19380036e-02
111,0.10855484,0.11849733,0.08637341,0.08319613,0.10941715,0.08964323,0.08324969,1.26872258e-01,1.84265853e-01,1.24302589e-01,4.12775164e-02
112,0.10824907,0.11834093,0.08635786,0.08318220,0.10910443,0.08959127,0.08324041,1.25882228e-01,1.83540763e-01,1.24217853e-01,4.20306388e-02
113,0.10833597,0.11844617,0.08626374,0.08315181,0.10920919,0.08969997,0.08322963,1.28895523e-01,1.83454194e-01,1.24585085e-01,4.16857162e-02
114,0.10810698,0.11843412,0.08622489,0.08315716,0.10897624,0.08971236,0.08322041,1.27343801e-01,1.83614172e-01,1.24739051e-01,4.07952083e-02
115,0.10819101,0.11852278,0.08626314,0.08323924,0.10905679,0.08962563,0.08322032,1.27229946e-01,1.85153208e-01,1.24310865e-01,4.13922886e-02
116,0.10821162,0.11853132,0.08628504,0.08323972,0.10908162,0.08967391,0.08322033,1.27492305e-01,1.86384698e-01,1.24586796e-01,4.14611043e-02
117,0.10786021,0.11840853,0.08616510,0.08316238,0.10873400,0.08960181,0.08321251,1.27756084e-01,1.85708658e-01,1.24402044e-01,4.10669975e-02
118,0.10828350,0.11856515,0.08630373,0.08320962,0.10914441,0.08957166,0.08320976,1.27359574e-01,1.84402756e-01,1.24278018e-01,4.10958654e-02
119,0.10813638,0.11833713,0.08622721,0.08319857,0.10900882,0.08957472,0.08320652,1.27413906e-01,1.85688953e-01,1.24903003e-01,4.11069673e-02
120,0.10794899,0.11831483,0.08616586,0.08321610,0.10881712,0.08962131,0.08320539,1.28153567e-01,1.85076573e-01,1.24698206e-01,4.11090342e-02
121,0.10763661,0.11831274,0.08609616,0.08310416,0.10850999,0.08946829,0.08319345,1.28576110e-01,1.84213293e-01,1.24618934e-01,4.08244350e-02
122,0.10761766,0.11824775,0.08618389,0.08315079,0.10849215,0.08949758,0.08318701,1.28414658e-01,1.84301920e-01,1.25014658e-01,4.08331453e-02
123,0.10785084,0.11830272,0.08612061,0.08315683,0.10872311,0.08953160,0.08318235,1.28059517e-01,1.84610767e-01,1.24661308e-01,4.07442760e-02
124,0.10785677,0.11820492,0.08609514,0.08310715,0.10872775,0.08940042,0.08317339,1.28020618e-01,1.85113874e-01,1.24604825e-01,4.10713807e-02
125,0.10723695,0.11817291,0.08592662,0.08315168,0.10811473,0.08947030,0.08316931,1.28545631e-01,1.85335859e-01,1.25103439e-01,4.06957727e-02
126,0.10777976,0.11828246,0.08612325,0.08320272,0.10865445,0.08947183,0.08317045,1.28292859e-01,1.86056980e-01,1.24461337e-01,4.11549082e-02
127,0.10702563,0.11832464,0.08586494,0.08316881,0.10790463,0.08949428,0.08316831,1.29483643e-01,1.85751906e-01,1.24693803e-01,4.11725601e-02
128,0.10744305,0.11827934,0.08604814,0.08316586,0.10831707,0.08940778,0.08316653,1.28332089e-01,1.86783787e-01,1.24597912e-01,4.06148632e-02
129,0.10728189,0.11809226,0.08597478,0.08312886,0.10815584,0.08950213,0.08316101,1.28927354e-01,1.86627873e-01,1.24514975e-01,4.06644267e-02
130,0.10703344,0.11804515,0.08592416,0.08314394,0.10791340,0.08950432,0.08315753,1.29230495e-01,1.85284773e-01,1.24535207e-01,4.07901376e-02
131,0.10711434,0.11818977,0.08591220,0.08319080,0.10799523,0.08954226,0.08315904,1.29113411e-01,1.86219279e-01,1.25067844e-01,4.10329097e-02
132,0.10708776,0.11813492,0.08591688,0.08314868,0.10796951,0.08938135,0.08315695,1.29139650e-01,1.85955410e-01,1.24865247e-01,4.11728063e-02
133,0.10726773,0.11803385,0.08594714,0.08311148,0.10813819,0.08948156,0.08315068,1.27766864e-01,1.86625699e-01,1.24263930e-01,4.12071935e-02
134,0.10716703,0.11807636,0.08589282,0.08316635,0.10804342,0.08948921,0.08315100,1.28912987e-01,1.86126968e-01,1.24182983e-01,4.11475683e-02
135,0.10702108,0.11823297,0.08585043,0.08319350,0.10790138,0.08941271,0.08315390,1.29251252e-01,1.86051515e-01,1.24651942e-01,4.11686595e-02
136,0.10726750,0.11808688,0.08594154,0.08314809,0.10814597,0.08949364,0.08315226,1.28752871e-01,1.86229452e-01,1.24602648e-01,4.13183661e-02
137,0.10704413,0.11813396,0.08587136,0.08316670,0.10792853,0.08951698,0.08315254,1.29585684e-01,1.86411733e-01,1.24538608e-01,4.14361965e-02
138,0.10701284,0.11820155,0.08588865,0.08315203,0.10789604,0.08945679,0.08315117,1.29238606e-01,1.87204938e-01,1.24682055e-01,4.18537176e-02
139,0.10703226,0.11818397,0.08586975,0.08317222,0.10791179,0.08944518,0.08315192,1.28749141e-01,1.87336886e-01,1.24486269e-01,4.16412128e-02
140,0.10706603,0.11814316,0.08583563,0.08313915,0.10795031,0.08949070,0.08314931,1.29961932e-01,1.87583149e-01,1.24372830e-01,4.15763849e-02
141,0.10656879,0.11817082,0.08573099,0.08315197,0.10745026,0.08944694,0.08314837,1.29283018e-01,1.86752545e-01,1.24824353e-01,4.17912526e-02
142,0.10661712,0.11816116,0.08566885,0.08312037,0.10750263,0.08935813,0.08314421,1.29308018e-01,1.87034716e-01,1.24824908e-01,4.19403081e-02
143,0.10641647,0.11803566,0.08564320,0.08309258,0.10730142,0.08930900,0.08313782,1.29829526e-01,1.86451022e-01,1.24843553e-01,4.15499203e-02
144,0.10690697,0.11799103,0.08581707,0.08308379,0.10778910,0.08927266,0.08313099,1.29325784e-01,1.86416795e-01,1.24641475e-01,4.17130384e-02
145,0.10679181,0.11795140,0.08578563,0.08308633,0.10768134,0.08938913,0.08312512,1.30042214e-01,1.86503993e-01,1.24723081e-01,4.14139862e-02
146,0.10667206,0.11801661,0.08575601,0.08305489,0.10756141,0.08932679,0.08311712,1.30266024e-01,1.86932977e-01,1.24694229e-01,4.14813969e-02
147,0.10653004,0.11796862,0.08565533,0.08307015,0.10741430,0.08938949,0.08311107,1.29623963e-01,1.85552499e-01,1.24450555e-01,4.20042394e-02
148,0.10628786,0.11806303,0.08564473,0.08314401,0.10716991,0.08937583,0.08311296,1.29815747e-01,1.86486378e-01,1.24232871e-01,4.17067892e-02
149,0.10641769,0.11817714,0.08559588,0.08315482,0.10730617,0.08934114,0.08311615,1.30278359e-01,1.86500506e-01,1.24570428e-01,4.17421764e-02
150,0.10646174,0.11822317,0.08569429,0.08315322,0.10734485,0.08936715,0.08311883,1.29266687e-01,1.86934033e-01,1.24642711e-01,4.19985351e-02
151,0.10634288,0.11804426,0.08558601,0.08311272,0.10722717,0.08937260,0.08311726,1.30070409e-01,1.87087479e-01,1.24164343e-01,4.19314341e-02
152,0.10624010,0.11797125,0.08561003,0.08307787,0.10712478,0.08932344,0.08311186,1.30388468e-01,1.86224265e-01,1.24062524e-01,4.20609081e-02
153,0.10636416,0.11796566,0.08562576,0.08306199,0.10724464,0.08940954,0.08310584,1.29602948e-01,1.87219211e-01,1.24372914e-01,4.22137363e-02
154,0.10625470,0.11799958,0.08561016,0.08312836,0.10713855,0.08940509,0.08310718,1.30038266e-01,1.87165495e-01,1.23983462e-01,4.18664007e-02
155,0.10627956,0.11785081,0.08557530,0.08306603,0.10716765,0.08934946,0.08310194,1.30804227e-01,1.87476012e-01,1.24296989e-01,4.20560749e-02
156,0.10606971,0.11778278,0.08550549,0.08306029,0.10695913,0.08943771,0.08309689,1.30416369e-01,1.87121567e-01,1.24184842e-01,4.18013718e-02
157,0.10600095,0.11786326,0.08553211,0.08305794,0.10689135,0.08936942,0.08309211,1.30582636e-01,1.87858848e-01,1.24303000e-01,4.17829357e-02
158,0.10589578,0.11789882,0.08544500,0.08309618,0.10678845,0.08929626,0.08309127,1.30671955e-01,1.87312306e-01,1.24771519e-01,4.15644748e-02
159,0.10617423,0.11779932,0.08557769,0.08301732,0.10706477,0.08928401,0.08308294,1.30820411e-01,1.86804324e-01,1.24320222e-01,4.15687723e-02
160,0.10628662,0.11782025,0.08563263,0.08304256,0.10717939,0.08929979,0.08307770,1.31189723e-01,1.86790356e-01,1.24121084e-01,4.14207298e-02
161,0.10635127,0.11773186,0.08556389,0.08301216,0.10723985,0.08935080,0.08307034,1.30062655e-01,1.87727084e-01,1.24227003e-01,4.17664440e-02
162,0.10566988,0.11772691,0.08543523,0.08304733,0.10655891,0.08935872,0.08306685,1.30546565e-01,1.87588170e-01,1.24422953e-01,4.15010925e-02
163,0.10615172,0.11776877,0.08554847,0.08303632,0.10704422,0.08934638,0.08306301,1.30847846e-01,1.87212707e-01,1.24425280e-01,4.13944262e-02
164,0.10576154,0.11781235,0.08536903,0.08306191,0.10665298,0.08936872,0.08306207,1.30752124e-01,1.87968639e-01,1.24302934e-01,4.18032029e-02
165,0.10603385,0.11794272,0.08554604,0.08306093,0.10692508,0.08940647,0.08306120,1.30916981e-01,1.88833773e-01,1.23994226e-01,4.18064056e-02
166,0.10576612,0.11795328,0.08540256,0.08307605,0.10665891,0.08945298,0.08306160,1.30875097e-01,1.87473347e-01,1.24084183e-01,4.19167249e-02
167,0.10586802,0.11785409,0.08543092,0.08304180,0.10675530,0.08943244,0.08305880,1.30691190e-01,1.87757960e-01,1.24151082e-01,4.17096793e-02
168,0.10598321,0.11776138,0.08547694,0.08301967,0.10686647,0.08938243,0.08305417,1.30112917e-01,1.88203071e-01,1.23822376e-01,4.17673711e-02
169,0.10589626,0.11776634,0.08544748,0.08302558,0.10678488,0.08931399,0.08305051,1.30483407e-01,1.87251059e-01,1.24428678e-01,4.18324329e-02
170,0.10562716,0.11778112,0.08540997,0.08301823,0.10652430,0.08929647,0.08304637,1.31020215e-01,1.87213334e-01,1.24464702e-01,4.18594391e-02
171,0.10605414,0.11778141,0.08543405,0.08299303,0.10694644,0.08933171,0.08304047,1.31163236e-01,1.87650469e-01,1.24110831e-01,4.13205870e-02
172,0.10563373,0.11780524,0.08535395,0.08302243,0.10652588,0.08934914,0.08303786,1.31214963e-01,1.87530942e-01,1.24265547e-01,4.15836350e-02
173,0.10576311,0.11781951,0.08540715,0.08301884,0.10665762,0.08935963,0.08303508,1.31124127e-01,1.88820993e-01,1.24756243e-01,4.17525348e-02
174,0.10606125,0.11782760,0.08554546,0.08303116,0.10695512,0.08933408,0.08303409,1.31142002e-01,1.88067964e-01,1.24565713e-01,4.14718539e-02
175,0.10540362,0.11789324,0.08522549,0.08307002,0.10629103,0.08937962,0.08303706,1.30157950e-01,1.88215067e-01,1.24464499e-01,4.15651549e-02
176,0.10568569,0.11787121,0.08541846,0.08305573,0.10657441,0.08936661,0.08303833,1.30579447e-01,1.88092650e-01,1.24382660e-01,4.16693123e-02
177,0.10562449,0.11784481,0.08536284,0.08301171,0.10651713,0.08934598,0.08303511,1.31406852e-01,1.87344361e-01,1.24327250e-01,4.16109617e-02
178,0.10602027,0.11781633,0.08551120,0.08300493,0.10691804,0.08933651,0.08303138,1.31132401e-01,1.87519653e-01,1.24794683e-01,4.20407237e-02
179,0.10576636,0.11778660,0.08543592,0.08295328,0.10665275,0.08932726,0.08302297,1.30605355e-01,1.87293310e-01,1.24016705e-01,4.22872764e-02
180,0.10576944,0.11777850,0.08542053,0.08295802,0.10665564,0.08934849,0.08301600,1.30440341e-01,1.87640693e-01,1.23840764e-01,4.18524475e-02
181,0.10559226,0.11776090,0.08535790,0.08297701,0.10647828,0.08940643,0.08301159,1.30625286e-01,1.87608341e-01,1.23653649e-01,4.24045015e-02
182,0.10622277,0.11783921,0.08553855,0.08298836,0.10710992,0.08940010,0.08300876,1.30456694e-01,1.87034546e-01,1.24048645e-01,4.23619351e-02
183,0.10562769,0.11778885,0.08536149,0.08298576,0.10651978,0.08944649,0.08300593,1.31217211e-01,1.87034528e-01,1.24014741e-01,4.20859046e-02
184,0.10575676,0.11782622,0.08541330,0.08300279,0.10664991,0.08938771,0.08300514,1.31457207e-01,1.86927845e-01,1.24160370e-01,4.20130176e-02
185,0.10563538,0.11782838,0.08533147,0.08301060,0.10652677,0.08934145,0.08300522,1.31215536e-01,1.87284489e-01,1.23676146e-01,4.19938997e-02
186,0.10565649,0.11780862,0.08536688,0.08301288,0.10655063,0.08936448,0.08300555,1.31319473e-01,1.86964664e-01,1.24331698e-01,4.19778687e-02
187,0.10548634,0.11778021,0.08527103,0.08300420,0.10638294,0.08935146,0.08300503,1.31358674e-01,1.87619109e-01,1.24398750e-01,4.21229888e-02
188,0.10566014,0.11776250,0.08535546,0.08299435,0.10655662,0.08937729,0.08300349,1.32217408e-01,1.87445184e-01,1.23827566e-01,4.20663641e-02
189,0.10526072,0.11774162,0.08525287,0.08297630,0.10615092,0.08934927,0.08300039,1.31357545e-01,1.87931602e-01,1.23849221e-01,4.22133027e-02
190,0.10566590,0.11775446,0.08539241,0.08296335,0.10656071,0.08932377,0.08299636,1.31797144e-01,1.87668430e-01,1.23953727e-01,4.19752929e-02
191,0.10543563,0.11773365,0.08524887,0.08298272,0.10632964,0.08935426,0.08299470,1.31145771e-01,1.87618428e-01,1.24581767e-01,4.20159410e-02
192,0.10509433,0.11771464,0.08513054,0.08297582,0.10598652,0.08936195,0.08299248,1.31783506e-01,1.87831056e-01,1.23646796e-01,4.24689320e-02
193,0.10577681,0.11773058,0.08535340,0.08298985,0.10666938,0.08936292,0.08299175,1.31616438e-01,1.87970646e-01,1.23770677e-01,4.20350539e-02
194,0.10540198,0.11775437,0.08525589,0.08300235,0.10630379,0.08934914,0.08299249,1.31698769e-01,1.87977750e-01,1.24773384e-01,4.17051626e-02
195,0.10540187,0.11775748,0.08528106,0.08299665,0.10629473,0.08936148,0.08299260,1.31537580e-01,1.87710417e-01,1.23791828e-01,4.18412145e-02
196,0.10523456,0.11776099,0.08520641,0.08298793,0.10613378,0.08937825,0.08299183,1.31748648e-01,1.87997849e-01,1.24130785e-01,4.21941183e-02
197,0.10531053,0.11777718,0.08523943,0.08299736,0.10620323,0.08937789,0.08299209,1.31435627e-01,1.88326049e-01,1.24000794e-01,4.22826133e-02
198,0.10520127,0.11774759,0.08514018,0.08300043,0.10609861,0.08938414,0.08299269,1.32134261e-01,1.88352979e-01,1.24042656e-01,4.22569181e-02
199,0.10536638,0.11775181,0.08521942,0.08300923,0.10626228,0.08938791,0.08299401,1.31816391e-01,1.88261028e-01,1.23904517e-01,4.23802911e-02
200,0.10514381,0.11776060,0.08519495,0.08301096,0.10603742,0.08941402,0.08299528,1.31389153e-01,1.88166175e-01,1.24046542e-01,4.21960405e-02
201,0.10512297,0.11782486,0.08516994,0.08302015,0.10601961,0.08939200,0.08299747,1.32044715e-01,1.88556383e-01,1.23875484e-01,4.24459951e-02
202,0.10519774,0.11775205,0.08517530,0.08301566,0.10609228,0.08938159,0.08299909,1.32055783e-01,1.88618423e-01,1.23754394e-01,4.23999927e-02
203,0.10566395,0.11776370,0.08535226,0.08302726,0.10655815,0.08940340,0.08300164,1.31447252e-01,1.89250167e-01,1.23803571e-01,4.23614435e-02
204,0.10479249,0.11776103,0.08508407,0.08303244,0.10569666,0.08941080,0.08300441,1.32132950e-01,1.88695526e-01,1.24453788e-01,4.26926499e-02
205,0.10530564,0.11777799,0.08522019,0.08303383,0.10620290,0.08942589,0.08300710,1.31976394e-01,1.89031722e-01,1.23882019e-01,4.23512126e-02
206,0.10528123,0.11778494,0.08518785,0.08302704,0.10618394,0.08941015,0.08300875,1.32027159e-01,1.88728961e-01,1.24278233e-01,4.22717479e-02
207,0.10507496,0.11777236,0.08514369,0.08301365,0.10597422,0.08942023,0.08300898,1.32329283e-01,1.88692002e-01,1.23598924e-01,4.23962282e-02
208,0.10510114,0.11771917,0.08517666,0.08298398,0.10599976,0.08941904,0.08300626,1.31778591e-01,1.89062485e-01,1.23859633e-01,4.25883000e-02
209,0.10498952,0.11777773,0.08519666,0.08300249,0.10588893,0.08943337,0.08300566,1.32755661e-01,1.88595616e-01,1.23557477e-01,4.25237060e-02
210,0.10507904,0.11777001,0.08506583,0.08299333,0.10597749,0.08941295,0.08300418,1.32138349e-01,1.88753969e-01,1.23897131e-01,4.27529086e-02
211,0.10474155,0.11775289,0.08504368,0.08299526,0.10563635,0.08941336,0.08300308,1.31834918e-01,1.88528387e-01,1.23649598e-01,4.23567218e-02
212,0.10545695,0.11775276,0.08529281,0.08300489,0.10635555,0.08944598,0.08300305,1.31688525e-01,1.88416258e-01,1.23757480e-01,4.24951179e-02
213,0.10555531,0.11771868,0.08528147,0.08298319,0.10645218,0.08944481,0.08300089,1.31526584e-01,1.88577706e-01,1.23751449e-01,4.25879712e-02
214,0.10511197,0.11773226,0.08514673,0.08300711,0.10600595,0.08947377,0.08300132,1.31845020e-01,1.88627857e-01,1.23691604e-01,4.24575544e-02
215,0.10504612,0.11770327,0.08513676,0.08300205,0.10594507,0.08946848,0.08300120,1.32273603e-01,1.89140575e-01,1.23657767e-01,4.23330167e-02
216,0.10508728,0.11772864,0.08521900,0.08299596,0.10599032,0.08945968,0.08300050,1.32141638e-01,1.88608586e-01,1.24586200e-01,4.22865984e-02
217,0.10488955,0.11770101,0.08508750,0.08298271,0.10578756,0.08946809,0.08299854,1.32077707e-01,1.88633016e-01,1.23798897e-01,4.22907781e-02
218,0.10523688,0.11772257,0.08520958,0.08298271,0.10613644,0.08944419,0.08299673,1.32215482e-01,1.89010968e-01,1.24080249e-01,4.23553816e-02
219,0.10545293,0.11770956,0.08528319,0.08297528,0.10635066,0.08943514,0.08299439,1.31768498e-01,1.88547593e-01,1.23920752e-01,4.22490556e-02
220,0.10529713,0.11771697,0.08521293,0.08298769,0.10618554,0.08945186,0.08299359,1.31186045e-01,1.88548105e-01,1.23662098e-01,4.24411949e-02
221,0.10493904,0.11773511,0.08515410,0.08299938,0.10583525,0.08945497,0.08299403,1.31918570e-01,1.88850701e-01,1.23476958e-01,4.25569377e-02
222,0.10514031,0.11771274,0.08511530,0.08299480,0.10603660,0.08944354,0.08299397,1.31737097e-01,1.88555401e-01,1.23861126e-01,4.25721946e-02
223,0.10526895,0.11772072,0.08512676,0.08299144,0.10616108,0.08943413,0.08299358,1.31919399e-01,1.88703062e-01,1.23440338e-01,4.23521549e-02
224,0.10538166,0.11770592,0.08525074,0.08299272,0.10627808,0.08944064,0.08299337,1.31823092e-01,1.88897689e-01,1.23784269e-01,4.25579019e-02
225,0.10525913,0.11769324,0.08518663,0.08298035,0.10615414,0.08942854,0.08299192,1.31636393e-01,1.89023667e-01,1.23759013e-01,4.26262642e-02
226,0.10481175,0.11770536,0.08507776,0.08298661,0.10570992,0.08943429,0.08299126,1.31719164e-01,1.88544892e-01,1.23991377e-01,4.25762990e-02
227,0.10553929,0.11770035,0.08542383,0.08298703,0.10643671,0.08942886,0.08299073,1.31755942e-01,1.88825168e-01,1.23557178e-01,4.23866285e-02
228,0.10487625,0.11769933,0.08505754,0.08298990,0.10577051,0.08943918,0.08299051,1.31774706e-01,1.88475508e-01,1.23624540e-01,4.24532902e-02
229,0.10511885,0.11770207,0.08522203,0.08300016,0.10601333,0.08944843,0.08299131,1.31779246e-01,1.88345883e-01,1.23560548e-01,4.23877084e-02
230,0.10497251,0.11765263,0.08508368,0.08298144,0.10586847,0.08944423,0.08299021,1.32063631e-01,1.88719223e-01,1.23643945e-01,4.23520644e-02
231,0.10490551,0.11765932,0.08508661,0.08296802,0.10579860,0.08943715,0.08298791,1.31800304e-01,1.88618831e-01,1.23405329e-01,4.23933695e-02
232,0.10506066,0.11768731,0.08525940,0.08297596,0.10595463,0.08942563,0.08298664,1.31950669e-01,1.88806231e-01,1.23224727e-01,4.24356740e-02
233,0.10533309,0.11767874,0.08516183,0.08297314,0.10623109,0.08942666,0.08298521,1.32044625e-01,1.88531711e-01,1.23542769e-01,4.24487783e-02
234,0.10514559,0.11768406,0.08511544,0.08297680,0.10604536,0.08942283,0.08298429,1.32033309e-01,1.89020534e-01,1.23575938e-01,4.25198718e-02
235,0.10510805,0.11770716,0.08517618,0.08298493,0.10601035,0.08941044,0.08298428,1.32079817e-01,1.88565345e-01,1.23996701e-01,4.23544112e-02
236,0.10560333,0.11773075,0.08531478,0.08298609,0.10650064,0.08942269,0.08298438,1.31997337e-01,1.88521928e-01,1.23646007e-01,4.24833586e-02
237,0.10509374,0.11773034,0.08522173,0.08298443,0.10598847,0.08941697,0.08298429,1.31986184e-01,1.88236344e-01,1.23269938e-01,4.25960866e-02
238,0.10478750,0.11770542,0.08504281,0.08298463,0.10568287,0.08943222,0.08298424,1.31813634e-01,1.88352843e-01,1.23872931e-01,4.25598710e-02
239,0.10523984,0.11770458,0.08517993,0.08297998,0.10613990,0.08942214,0.08298375,1.31726623e-01,1.88804277e-01,1.23878177e-01,4.26343917e-02
240,0.10492369,0.11770523,0.08510938,0.08298271,0.10582227,0.08942871,0.08298354,1.32320879e-01,1.88374605e-01,1.23767112e-01,4.26108243e-02
241,0.10478293,0.11770288,0.08506288,0.08297758,0.10568570,0.08941674,0.08298288,1.32540830e-01,1.88842713e-01,1.24037595e-01,4.27210209e-02
242,0.10488815,0.11770622,0.08505571,0.08297865,0.10577944,0.08940902,0.08298238,1.31895110e-01,1.88578842e-01,1.23026016e-01,4.26734271e-02
243,0.10471662,0.11769942,0.08506591,0.08297284,0.10561097,0.08940714,0.08298136,1.31676362e-01,1.88352809e-01,1.23430853e-01,4.26120810e-02
244,0.10506067,0.11770424,0.08511638,0.08297276,0.10595952,0.08940202,0.08298044,1.32189671e-01,1.88748941e-01,1.23591605e-01,4.25572344e-02
245,0.10477233,0.11769881,0.08506067,0.08297228,0.10567139,0.08940604,0.08297957,1.32291336e-01,1.88739427e-01,1.23410980e-01,4.24981209e-02
246,0.10492860,0.11770000,0.08519356,0.08298047,0.10582481,0.08941539,0.08297957,1.32005556e-01,1.88638873e-01,1.23255253e-01,4.26000904e-02
247,0.10472613,0.11771573,0.08506487,0.08298209,0.10562325,0.08941210,0.08297973,1.32088666e-01,1.88807960e-01,1.23476026e-01,4.26199170e-02
248,0.10505433,0.11770952,0.08512465,0.08298586,0.10595060,0.08941611,0.08298026,1.31662260e-01,1.88751385e-01,1.23930560e-01,4.25860020e-02
249,0.10466403,0.11770243,0.08507107,0.08297771,0.10556088,0.08941940,0.08297991,1.32312625e-01,1.88745705e-01,1.23539007e-01,4.26679785e-02
250,0.10510922,0.11770800,0.08514716,0.08297824,0.10600735,0.08942209,0.08297965,1.32191163e-01,1.88644150e-01,1.23629313e-01,4.26402855e-02
