epoch,train_loss,val_loss,train_rmse,val_rmse,train_loss_obj,ema_val_rmse,mean_abs_delta_g,mean_frob_delta_M,mean_abs_delta_C_qd,mean_abs_delta_tau_f
1,0.20786754,0.20128557,0.11129615,0.10271416,0.20787034,0.10347987,3.56437650e-03,3.60110288e-04,9.09447746e-05,2.75535533e-03
2,0.20397899,0.19679963,0.11035243,0.10173146,0.20400322,0.10330187,1.22861420e-02,1.69924695e-04,7.01927947e-05,9.00126885e-03
3,0.19916606,0.19127190,0.10927709,0.10059378,0.19924755,0.10303196,2.37359564e-02,5.59179424e-04,2.13899316e-04,1.63363485e-02
4,0.19381821,0.18464301,0.10819885,0.09923868,0.19401242,0.10267082,3.72125864e-02,1.13998430e-03,4.40351186e-04,2.45602889e-02
5,0.18771916,0.17732472,0.10700694,0.09776598,0.18808469,0.10222342,4.94778734e-02,1.83872191e-03,7.18734029e-04,3.29821241e-02
6,0.18148416,0.17047490,0.10578737,0.09641638,0.18210397,0.10169756,5.85510229e-02,2.60430404e-03,9.87586365e-04,4.34153221e-02
7,0.17607855,0.16533738,0.10473245,0.09542514,0.17702032,0.10110881,6.32485190e-02,3.43619593e-03,1.23285196e-03,5.40520049e-02
8,0.17149842,0.16232477,0.10376962,0.09490743,0.17277623,0.10047063,6.54654487e-02,4.33687517e-03,1.46694392e-03,6.34095897e-02
9,0.16905526,0.16065095,0.10318855,0.09455227,0.17064050,0.09980555,6.83101944e-02,5.51717736e-03,1.71544445e-03,7.00597577e-02
10,0.16744698,0.15947171,0.10279517,0.09420454,0.16919475,0.09913805,7.10863688e-02,6.94978352e-03,2.13710099e-03,7.34627366e-02
11,0.16628586,0.15837788,0.10251160,0.09396887,0.16809119,0.09848415,7.35940470e-02,7.99815555e-03,2.62444859e-03,7.54620428e-02
12,0.16493172,0.15731595,0.10216500,0.09370313,0.16680430,0.09784787,7.49027603e-02,9.74086876e-03,3.34624569e-03,7.70593956e-02
13,0.16390532,0.15637434,0.10188080,0.09345987,0.16581446,0.09724076,7.72267268e-02,1.13577743e-02,4.15240193e-03,7.83605401e-02
14,0.16280029,0.15519979,0.10157467,0.09316072,0.16477559,0.09666699,7.75217204e-02,1.29608142e-02,5.11959541e-03,8.04471506e-02
15,0.16177121,0.15431774,0.10127600,0.09291847,0.16378836,0.09612777,7.94384063e-02,1.48839159e-02,6.09031635e-03,8.14718571e-02
16,0.16090773,0.15353107,0.10106173,0.09281007,0.16293954,0.09563613,7.88435375e-02,1.71944085e-02,7.21291038e-03,8.24173477e-02
17,0.15993596,0.15281238,0.10082043,0.09259656,0.16205048,0.09517862,8.09956938e-02,1.93907316e-02,8.58157045e-03,8.43175738e-02
18,0.15949996,0.15206288,0.10069497,0.09243752,0.16162957,0.09476520,8.06980326e-02,2.14907317e-02,9.96343512e-03,8.48895125e-02
19,0.15871058,0.15126212,0.10051109,0.09226327,0.16088022,0.09439015,8.20932202e-02,2.48846997e-02,1.14770296e-02,8.58788402e-02
20,0.15775546,0.15069284,0.10023535,0.09211728,0.15998656,0.09404725,8.25441889e-02,2.77671993e-02,1.30863373e-02,8.71470538e-02
21,0.15730949,0.15011861,0.10014616,0.09201119,0.15958592,0.09374602,8.34027648e-02,3.08338973e-02,1.45148973e-02,8.80480921e-02
22,0.15667235,0.14951494,0.09995465,0.09188994,0.15897034,0.09347459,8.43793855e-02,3.29479026e-02,1.65007012e-02,8.83112338e-02
23,0.15600294,0.14916298,0.09983195,0.09188624,0.15836450,0.09323758,8.40496854e-02,3.67047829e-02,1.82826763e-02,8.97822594e-02
24,0.15571431,0.14877879,0.09976283,0.09181941,0.15810191,0.09302521,8.53979471e-02,4.09375464e-02,2.01097779e-02,8.98501296e-02
25,0.15515403,0.14815552,0.09964788,0.09162075,0.15760922,0.09282751,8.51128323e-02,4.43363795e-02,2.20571069e-02,9.06709584e-02
26,0.15470592,0.14778518,0.09954546,0.09159523,0.15715740,0.09265397,8.52900413e-02,4.79052537e-02,2.44577528e-02,9.04719876e-02
27,0.15407072,0.14747198,0.09938204,0.09151427,0.15660806,0.09249716,8.62199140e-02,5.27456993e-02,2.64929075e-02,9.15260622e-02
28,0.15385873,0.14696537,0.09927142,0.09140926,0.15644073,0.09235311,8.69173149e-02,5.70856951e-02,2.87606088e-02,9.22833704e-02
29,0.15342621,0.14651465,0.09914397,0.09127800,0.15602096,0.09221642,8.74786123e-02,6.01361747e-02,3.09315324e-02,9.13904433e-02
30,0.15301701,0.14615855,0.09909542,0.09126917,0.15568071,0.09209836,8.70640874e-02,6.52890004e-02,3.33486714e-02,9.25675165e-02
31,0.15256421,0.14578514,0.09894840,0.09114049,0.15526390,0.09198155,8.73118388e-02,6.88813801e-02,3.60888736e-02,9.24081109e-02
32,0.15171155,0.14524502,0.09877977,0.09106044,0.15449737,0.09187516,8.83067751e-02,7.55124860e-02,3.81793698e-02,9.28994401e-02
33,0.15160554,0.14503165,0.09874414,0.09099353,0.15441421,0.09177481,8.84052280e-02,7.87742783e-02,4.06838858e-02,9.32783666e-02
34,0.15155896,0.14477832,0.09873397,0.09093302,0.15441225,0.09168264,8.77469659e-02,8.58901595e-02,4.35222887e-02,9.33157827e-02
35,0.15107530,0.14426871,0.09856889,0.09079474,0.15401091,0.09158721,8.95847667e-02,8.86300299e-02,4.60784138e-02,9.36978448e-02
36,0.15061678,0.14396644,0.09849608,0.09075180,0.15360127,0.09150158,8.93541512e-02,9.53500445e-02,4.82274824e-02,9.42090114e-02
37,0.15011744,0.14354470,0.09838655,0.09065192,0.15318113,0.09141664,9.01796801e-02,1.02719363e-01,5.13100049e-02,9.42289482e-02
38,0.14953605,0.14323724,0.09820973,0.09065795,0.15264845,0.09134224,8.96252738e-02,1.04510951e-01,5.35742248e-02,9.49865426e-02
39,0.14890284,0.14239548,0.09806611,0.09045786,0.15210261,0.09125889,9.05119199e-02,1.13321017e-01,5.55471019e-02,9.50860414e-02
40,0.14852065,0.14216345,0.09794853,0.09039965,0.15180417,0.09117988,9.11933179e-02,1.19339311e-01,5.89387552e-02,9.52932867e-02
41,0.14812131,0.14181331,0.09783560,0.09024927,0.15145886,0.09109407,9.09015639e-02,1.22065353e-01,6.13098445e-02,9.57083881e-02
42,0.14789068,0.14120312,0.09779812,0.09004056,0.15133883,0.09099477,9.25182696e-02,1.29261780e-01,6.42731568e-02,9.59440814e-02
43,0.14733833,0.14101112,0.09760838,0.09008069,0.15083923,0.09090857,9.05705756e-02,1.38209755e-01,6.62842987e-02,9.61198821e-02
44,0.14673634,0.14044416,0.09746205,0.08991979,0.15034160,0.09081725,9.26541286e-02,1.43380028e-01,6.93646844e-02,9.64778587e-02
45,0.14617294,0.14006414,0.09729874,0.08974104,0.14988438,0.09071695,9.26509395e-02,1.47750499e-01,7.20789556e-02,9.68113285e-02
46,0.14555557,0.13956957,0.09712167,0.08969104,0.14936821,0.09062111,9.32301094e-02,1.54860996e-01,7.45797835e-02,9.72917988e-02
47,0.14517157,0.13961248,0.09707820,0.08963765,0.14907726,0.09052924,9.30238119e-02,1.64037375e-01,7.71496985e-02,9.73569676e-02
48,0.14495588,0.13908191,0.09698443,0.08954664,0.14895222,0.09043781,9.42035774e-02,1.66723650e-01,8.01687993e-02,9.72970976e-02
49,0.14445194,0.13899849,0.09684761,0.08944723,0.14855541,0.09034466,9.37549609e-02,1.73738364e-01,8.27402954e-02,9.80526353e-02
50,0.14368766,0.13818914,0.09663487,0.08932676,0.14791483,0.09025135,9.48460661e-02,1.82014057e-01,8.51290238e-02,9.76227031e-02
51,0.14332772,0.13802091,0.09650295,0.08915566,0.14766992,0.09014795,9.47395971e-02,1.85261995e-01,8.92483811e-02,9.82543458e-02
52,0.14302924,0.13744363,0.09645670,0.08911624,0.14746352,0.09005193,9.51534582e-02,1.92353372e-01,9.14649973e-02,9.82548899e-02
53,0.14211809,0.13727362,0.09616745,0.08904401,0.14671531,0.08995711,9.61030128e-02,1.99769170e-01,9.44219760e-02,9.81123836e-02
54,0.14219344,0.13686314,0.09621222,0.08883762,0.14684069,0.08985326,9.51209469e-02,2.00992275e-01,9.64427886e-02,9.81203839e-02
55,0.14137820,0.13631178,0.09599654,0.08868690,0.14617530,0.08974273,9.61084508e-02,2.10268023e-01,9.92119168e-02,9.81688835e-02
56,0.14076531,0.13595891,0.09576073,0.08862831,0.14570790,0.08963963,9.64150825e-02,2.16418616e-01,1.02638313e-01,9.85207106e-02
57,0.14080696,0.13563014,0.09578462,0.08856173,0.14584252,0.08954209,9.68532737e-02,2.21721523e-01,1.05027179e-01,9.83017064e-02
58,0.13977447,0.13525367,0.09548501,0.08845462,0.14497544,0.08944194,9.67638607e-02,2.26693348e-01,1.08829851e-01,9.82856238e-02
59,0.13966261,0.13482785,0.09548064,0.08817497,0.14500086,0.08932330,9.72343376e-02,2.36621717e-01,1.11023303e-01,9.85560161e-02
60,0.13927378,0.13463355,0.09532157,0.08811304,0.14472706,0.08921145,9.75212175e-02,2.38891909e-01,1.13416996e-01,9.86061345e-02
61,0.13842482,0.13398855,0.09511145,0.08798194,0.14399984,0.08909973,9.79814690e-02,2.47899384e-01,1.15552320e-01,9.81485804e-02
62,0.13808677,0.13369638,0.09499718,0.08795117,0.14378291,0.08899333,9.72877285e-02,2.48507935e-01,1.18815416e-01,9.84162625e-02
63,0.13765185,0.13283882,0.09489493,0.08766069,0.14351136,0.08887106,9.80615173e-02,2.53552587e-01,1.21885604e-01,9.83121188e-02
64,0.13711553,0.13266679,0.09474007,0.08763629,0.14308533,0.08875647,9.79257503e-02,2.58982067e-01,1.24200112e-01,9.84134933e-02
65,0.13655231,0.13223702,0.09455897,0.08741805,0.14267496,0.08863371,9.88033039e-02,2.67872669e-01,1.26911678e-01,9.82743264e-02
66,0.13622338,0.13251268,0.09447398,0.08749329,0.14246970,0.08852754,9.97219277e-02,2.70003349e-01,1.29035271e-01,9.76640605e-02
67,0.13581832,0.13181754,0.09431133,0.08721719,0.14219492,0.08840702,9.84188321e-02,2.71050970e-01,1.32308912e-01,9.76898624e-02
68,0.13514423,0.13078774,0.09411212,0.08706835,0.14158861,0.08828437,9.99172558e-02,2.76483641e-01,1.32985801e-01,9.75378773e-02
69,0.13474254,0.13066723,0.09403147,0.08689348,0.14136221,0.08815632,9.94352698e-02,2.84253121e-01,1.36388722e-01,9.73476826e-02
70,0.13424305,0.13074720,0.09390000,0.08699157,0.14094704,0.08804715,9.88675905e-02,2.85660381e-01,1.38220306e-01,9.73041162e-02
71,0.13366597,0.12965913,0.09369542,0.08667214,0.14049300,0.08791765,1.00365411e-01,2.88500201e-01,1.39874150e-01,9.75497449e-02
72,0.13334670,0.12934902,0.09356038,0.08645238,0.14029289,0.08778000,1.00373278e-01,2.92012156e-01,1.42718676e-01,9.69813433e-02
73,0.13296649,0.12907937,0.09347518,0.08640313,0.14004381,0.08764952,1.00102125e-01,3.00641541e-01,1.44266399e-01,9.69979987e-02
74,0.13260809,0.12876814,0.09333996,0.08628539,0.13981003,0.08752175,9.93960623e-02,3.01519378e-01,1.47465602e-01,9.71271431e-02
75,0.13180403,0.12817919,0.09308189,0.08620207,0.13911203,0.08739667,1.00750466e-01,3.03678230e-01,1.48534595e-01,9.72969097e-02
76,0.13147803,0.12770991,0.09298145,0.08606012,0.13888966,0.08726939,1.00895635e-01,3.09288667e-01,1.50070043e-01,9.66393563e-02
77,0.13089550,0.12731164,0.09286635,0.08586259,0.13836537,0.08713477,1.01367078e-01,3.09859413e-01,1.51241010e-01,9.65716292e-02
78,0.13060643,0.12709305,0.09269427,0.08585280,0.13820607,0.08701100,1.01509111e-01,3.14958057e-01,1.53401833e-01,9.60902022e-02
79,0.12993608,0.12707529,0.09259254,0.08583481,0.13760504,0.08689490,1.00811735e-01,3.13324256e-01,1.55712277e-01,9.63161138e-02
80,0.12978771,0.12617153,0.09250483,0.08548616,0.13747515,0.08675906,1.01521741e-01,3.13908523e-01,1.55988334e-01,9.55827292e-02
81,0.12912020,0.12579554,0.09228305,0.08543320,0.13703707,0.08663156,1.02102515e-01,3.27512173e-01,1.58608221e-01,9.56537705e-02
82,0.12891737,0.12546750,0.09219813,0.08525831,0.13679677,0.08650048,1.00738348e-01,3.23207044e-01,1.58379456e-01,9.63256424e-02
83,0.12826616,0.12492617,0.09203997,0.08520576,0.13624767,0.08637367,1.01919194e-01,3.26851489e-01,1.60267703e-01,9.57579964e-02
84,0.12820511,0.12478819,0.09199088,0.08504933,0.13623118,0.08624559,1.01898214e-01,3.24553971e-01,1.61312168e-01,9.52012509e-02
85,0.12773266,0.12410904,0.09184304,0.08491568,0.13580165,0.08611621,1.01822679e-01,3.28661489e-01,1.62327126e-01,9.52728479e-02
86,0.12714984,0.12388086,0.09170646,0.08484602,0.13538997,0.08598946,1.01774890e-01,3.29776899e-01,1.65016594e-01,9.53956861e-02
87,0.12685166,0.12360630,0.09163834,0.08472663,0.13506782,0.08586422,1.02029247e-01,3.33410983e-01,1.64034112e-01,9.50792236e-02
88,0.12609559,0.12285864,0.09139633,0.08445621,0.13433581,0.08572349,1.02130503e-01,3.31859934e-01,1.65001303e-01,9.45655454e-02
89,0.12601490,0.12275437,0.09139130,0.08456017,0.13427164,0.08560831,1.03322417e-01,3.29005108e-01,1.65038726e-01,9.47519918e-02
90,0.12550838,0.12261953,0.09113433,0.08442769,0.13381854,0.08548952,1.02844623e-01,3.33525616e-01,1.66985258e-01,9.43219166e-02
91,0.12502366,0.12196837,0.09102719,0.08424230,0.13338907,0.08536384,1.02968019e-01,3.36131647e-01,1.67210177e-01,9.39044799e-02
92,0.12473391,0.12187979,0.09093200,0.08423391,0.13316743,0.08524842,1.03893238e-01,3.34747605e-01,1.67920534e-01,9.39948601e-02
93,0.12471196,0.12158609,0.09092176,0.08403908,0.13308261,0.08512562,1.02514314e-01,3.34472484e-01,1.67803784e-01,9.40409193e-02
94,0.12431706,0.12152139,0.09078146,0.08404238,0.13277691,0.08501576,1.03706801e-01,3.34390973e-01,1.69788837e-01,9.32295937e-02
95,0.12372965,0.12082226,0.09063795,0.08379155,0.13218939,0.08488879,1.03546741e-01,3.36988384e-01,1.69213165e-01,9.35859592e-02
96,0.12341626,0.12042493,0.09052977,0.08375898,0.13181785,0.08477357,1.03770801e-01,3.35694447e-01,1.69113800e-01,9.27209042e-02
97,0.12330550,0.12014948,0.09053193,0.08359074,0.13176374,0.08465161,1.04156194e-01,3.37904694e-01,1.69435200e-01,9.30918583e-02
98,0.12276542,0.11994928,0.09031810,0.08352713,0.13129026,0.08453863,1.03172421e-01,3.37907423e-01,1.70813650e-01,9.27973492e-02
99,0.12249230,0.11966876,0.09020515,0.08337534,0.13094566,0.08442040,1.04349512e-01,3.38478822e-01,1.70247783e-01,9.23949147e-02
100,0.12269145,0.11933620,0.09028337,0.08335883,0.13114402,0.08431130,1.03314642e-01,3.35801777e-01,1.70498901e-01,9.24869652e-02
101,0.12201618,0.11948253,0.09008107,0.08326235,0.13044965,0.08420137,1.04119440e-01,3.36567457e-01,1.70397715e-01,9.22872992e-02
102,0.12171734,0.11913183,0.08998068,0.08315608,0.13012543,0.08409217,1.04678337e-01,3.36463207e-01,1.70056414e-01,9.15373687e-02
103,0.12120558,0.11861544,0.08985723,0.08311184,0.12959659,0.08399013,1.04831170e-01,3.39771396e-01,1.68424976e-01,9.19776554e-02
104,0.12097986,0.11855246,0.08977053,0.08303416,0.12936620,0.08389054,1.05170371e-01,3.31430929e-01,1.70678227e-01,9.13821491e-02
105,0.12100596,0.11850193,0.08976219,0.08304308,0.12935228,0.08379921,1.04810714e-01,3.30057217e-01,1.69574658e-01,9.15102195e-02
106,0.12046335,0.11822475,0.08959386,0.08305405,0.12883233,0.08371952,1.05053982e-01,3.33195603e-01,1.69440327e-01,9.08945159e-02
107,0.12058649,0.11787687,0.08963144,0.08289593,0.12889519,0.08363119,1.05514387e-01,3.33199015e-01,1.69249099e-01,9.06442674e-02
108,0.12007404,0.11766106,0.08946769,0.08284148,0.12834615,0.08354727,1.04471833e-01,3.33983939e-01,1.69254100e-01,9.02426634e-02
109,0.12001066,0.11742968,0.08940969,0.08272323,0.12816468,0.08345920,1.04788814e-01,3.28408170e-01,1.67725659e-01,8.97344120e-02
110,0.11952092,0.11751800,0.08930481,0.08283879,0.12777523,0.08339036,1.05875002e-01,3.34316503e-01,1.68844147e-01,8.99574005e-02
111,0.11963963,0.11706988,0.08932681,0.08263576,0.12776999,0.08330959,1.05633389e-01,3.29133094e-01,1.67426039e-01,8.97529148e-02
112,0.11911469,0.11657053,0.08914009,0.08236870,0.12734420,0.08320928,1.06375226e-01,3.30652677e-01,1.67996192e-01,9.00985128e-02
113,0.11909806,0.11657834,0.08914289,0.08243092,0.12714349,0.08312551,1.04603525e-01,3.24635107e-01,1.66739298e-01,8.91614542e-02
114,0.11893670,0.11658915,0.08912208,0.08243986,0.12701725,0.08305050,1.06272256e-01,3.25109628e-01,1.67843953e-01,8.90998282e-02
115,0.11867852,0.11602727,0.08900523,0.08230289,0.12666102,0.08296868,1.05347347e-01,3.24997811e-01,1.65943692e-01,8.93656858e-02
116,0.11873662,0.11613053,0.08901992,0.08222954,0.12669180,0.08288999,1.05586393e-01,3.23352080e-01,1.65286004e-01,8.84740311e-02
117,0.11832018,0.11597121,0.08889435,0.08232603,0.12624506,0.08282555,1.06208207e-01,3.24234787e-01,1.64692174e-01,8.84266505e-02
118,0.11780354,0.11544904,0.08873250,0.08206585,0.12571497,0.08274472,1.06181950e-01,3.26983083e-01,1.64494193e-01,8.82467758e-02
119,0.11779968,0.11534427,0.08876523,0.08205621,0.12566563,0.08267076,1.07171479e-01,3.19432522e-01,1.64315322e-01,8.74497571e-02
120,0.11797945,0.11559621,0.08876870,0.08210444,0.12571724,0.08260778,1.06896439e-01,3.18969670e-01,1.62787475e-01,8.74189774e-02
121,0.11776326,0.11513405,0.08870445,0.08199557,0.12547493,0.08254218,1.06050667e-01,3.17472299e-01,1.62299363e-01,8.74846545e-02
122,0.11728499,0.11497243,0.08858694,0.08194381,0.12499797,0.08247492,1.07467704e-01,3.18415683e-01,1.62113604e-01,8.74066411e-02
123,0.11693652,0.11519746,0.08846726,0.08197495,0.12459393,0.08241802,1.05831780e-01,3.15259071e-01,1.61533374e-01,8.75718726e-02
124,0.11719124,0.11579667,0.08853448,0.08209283,0.12476583,0.08237691,1.06932574e-01,3.13961126e-01,1.60556894e-01,8.65823573e-02
125,0.11681705,0.11479940,0.08838361,0.08188629,0.12434991,0.08232213,1.07141336e-01,3.07961756e-01,1.60053334e-01,8.66538270e-02
126,0.11655454,0.11475669,0.08834001,0.08182731,0.12407040,0.08226639,1.07824849e-01,3.13001263e-01,1.59359724e-01,8.65030917e-02
127,0.11652409,0.11430806,0.08831065,0.08167851,0.12393837,0.08220062,1.07475019e-01,3.07620565e-01,1.58341539e-01,8.60890073e-02
128,0.11640578,0.11420199,0.08831047,0.08173080,0.12379877,0.08214666,1.07258390e-01,3.06520499e-01,1.58236139e-01,8.56540387e-02
129,0.11618531,0.11422862,0.08819991,0.08163586,0.12350498,0.08209060,1.07574774e-01,3.09690909e-01,1.56916699e-01,8.50214830e-02
130,0.11631027,0.11411750,0.08820479,0.08169763,0.12356779,0.08204360,1.07637746e-01,3.01482236e-01,1.56623367e-01,8.53056987e-02
131,0.11582096,0.11430412,0.08804359,0.08162066,0.12305936,0.08199533,1.07340217e-01,3.03724973e-01,1.56509314e-01,8.50269396e-02
132,0.11573056,0.11410656,0.08804462,0.08168745,0.12288448,0.08195886,1.07902501e-01,3.05464027e-01,1.54141042e-01,8.49261745e-02
133,0.11601966,0.11377779,0.08814423,0.08149043,0.12313191,0.08190474,1.07132096e-01,3.00031003e-01,1.54831488e-01,8.47953304e-02
134,0.11573270,0.11349298,0.08804988,0.08148303,0.12279568,0.08185668,1.08110433e-01,2.99973028e-01,1.53517771e-01,8.47283555e-02
135,0.11556480,0.11390087,0.08805614,0.08155816,0.12259476,0.08182144,1.08034923e-01,2.97483915e-01,1.53218984e-01,8.41405245e-02
136,0.11524002,0.11331790,0.08794420,0.08141635,0.12219187,0.08177451,1.07641888e-01,2.98760082e-01,1.52140735e-01,8.38140813e-02
137,0.11540329,0.11361386,0.08798758,0.08155732,0.12231500,0.08174469,1.07813580e-01,2.96092343e-01,1.51702832e-01,8.36595169e-02
138,0.11517606,0.11370528,0.08792710,0.08153656,0.12203524,0.08171759,1.08759693e-01,2.94004646e-01,1.50628495e-01,8.35348840e-02
139,0.11532788,0.11304684,0.08791872,0.08137536,0.12205179,0.08167679,1.07914013e-01,2.91773188e-01,1.48766247e-01,8.30758999e-02
140,0.11485718,0.11316468,0.08772934,0.08125979,0.12163362,0.08162763,1.08847079e-01,2.90431207e-01,1.49680527e-01,8.33762789e-02
141,0.11496379,0.11331361,0.08781639,0.08135206,0.12163750,0.08159213,1.08717272e-01,2.89187806e-01,1.48461523e-01,8.24068638e-02
142,0.11467494,0.11326218,0.08769231,0.08137085,0.12129963,0.08156357,1.09317300e-01,2.84046382e-01,1.47638247e-01,8.23248250e-02
143,0.11454177,0.11307695,0.08767410,0.08140126,0.12113685,0.08153906,1.08286000e-01,2.84699536e-01,1.47285707e-01,8.17517363e-02
144,0.11462332,0.11311770,0.08764457,0.08125418,0.12119604,0.08150287,1.08876014e-01,2.84749274e-01,1.46936105e-01,8.13913795e-02
145,0.11448195,0.11273021,0.08760444,0.08124150,0.12098281,0.08146970,1.08912767e-01,2.84602681e-01,1.45225056e-01,8.25935218e-02
146,0.11431636,0.11252655,0.08759404,0.08117900,0.12074259,0.08143341,1.08623784e-01,2.78609691e-01,1.45619163e-01,8.11125836e-02
147,0.11458756,0.11289361,0.08769409,0.08123510,0.12093536,0.08140705,1.09158425e-01,2.77221286e-01,1.43937430e-01,8.12367250e-02
148,0.11426131,0.11288265,0.08752035,0.08119338,0.12061572,0.08137925,1.09576457e-01,2.79775971e-01,1.43519375e-01,8.05821479e-02
149,0.11429057,0.11287417,0.08757447,0.08120385,0.12055234,0.08135454,1.09601921e-01,2.75811740e-01,1.42609585e-01,8.07481245e-02
150,0.11424714,0.11253924,0.08755862,0.08117676,0.12049883,0.08132711,1.08807103e-01,2.75250652e-01,1.42703667e-01,8.01517300e-02
151,0.11358879,0.11266504,0.08739892,0.08116245,0.11982462,0.08130479,1.09821766e-01,2.75450544e-01,1.41625849e-01,7.97759404e-02
152,0.11390947,0.11217129,0.08741234,0.08110156,0.12005925,0.08127788,1.09516868e-01,2.69949277e-01,1.40948963e-01,7.96698900e-02
153,0.11374155,0.11236570,0.08737710,0.08102624,0.11983818,0.08124564,1.09593590e-01,2.71535913e-01,1.40003602e-01,7.95767684e-02
154,0.11377396,0.11213212,0.08740317,0.08100664,0.11984292,0.08121388,1.09529749e-01,2.68805338e-01,1.40275572e-01,7.90110531e-02
155,0.11367953,0.11243939,0.08736349,0.08107480,0.11968510,0.08119618,1.09523303e-01,2.65266830e-01,1.38727259e-01,7.92922303e-02
156,0.11397658,0.11248000,0.08749503,0.08118261,0.11995129,0.08118627,1.09749248e-01,2.66527523e-01,1.38124182e-01,7.86189169e-02
157,0.11343902,0.11232120,0.08724548,0.08098889,0.11933872,0.08116074,1.10079037e-01,2.63193944e-01,1.37184124e-01,7.85687037e-02
158,0.11343323,0.11219167,0.08728172,0.08108680,0.11932350,0.08114437,1.08741430e-01,2.64334939e-01,1.37199290e-01,7.84057183e-02
159,0.11334008,0.11206702,0.08721473,0.08108377,0.11922403,0.08113246,1.10240794e-01,2.59996451e-01,1.36590379e-01,7.77432807e-02
160,0.11344854,0.11182766,0.08727952,0.08101833,0.11920656,0.08111272,1.08975890e-01,2.60840931e-01,1.35628389e-01,7.72016884e-02
161,0.11352302,0.11200603,0.08726932,0.08094232,0.11926468,0.08108977,1.10407769e-01,2.57336595e-01,1.34633576e-01,7.71204992e-02
162,0.11321067,0.11197873,0.08718081,0.08093562,0.11892734,0.08106447,1.10223754e-01,2.57240500e-01,1.34054848e-01,7.74377163e-02
163,0.11312418,0.11156031,0.08720071,0.08086094,0.11882753,0.08103686,1.10730587e-01,2.56501112e-01,1.33938646e-01,7.66277425e-02
164,0.11295945,0.11175755,0.08712685,0.08092405,0.11858610,0.08101840,1.10427917e-01,2.53651182e-01,1.32934811e-01,7.64830678e-02
165,0.11303976,0.11174640,0.08712932,0.08103802,0.11866670,0.08101293,1.11103103e-01,2.54039540e-01,1.32394092e-01,7.65162141e-02
166,0.11307525,0.11187620,0.08711890,0.08090346,0.11857996,0.08099410,1.09061626e-01,2.50350692e-01,1.31894261e-01,7.57813987e-02
167,0.11302842,0.11180494,0.08716455,0.08093328,0.11854581,0.08097962,1.10437924e-01,2.48776265e-01,1.31230474e-01,7.55394744e-02
168,0.11306124,0.11145423,0.08710965,0.08079079,0.11855326,0.08095464,1.10299631e-01,2.49604590e-01,1.30413647e-01,7.56349317e-02
169,0.11282772,0.11163818,0.08699736,0.08090525,0.11828066,0.08094370,1.10936994e-01,2.43458459e-01,1.30577653e-01,7.55819082e-02
170,0.11271337,0.11120421,0.08696353,0.08071066,0.11812063,0.08091480,1.10855440e-01,2.46349320e-01,1.29560472e-01,7.52780782e-02
171,0.11275054,0.11154033,0.08699885,0.08090256,0.11813669,0.08090633,1.10359130e-01,2.46953514e-01,1.29892541e-01,7.43986338e-02
172,0.11289126,0.11135301,0.08701445,0.08080355,0.11820536,0.08088900,1.09996731e-01,2.43211836e-01,1.28842107e-01,7.39987504e-02
173,0.11250591,0.11112959,0.08699511,0.08065488,0.11783116,0.08085936,1.10473118e-01,2.43025684e-01,1.28266309e-01,7.42709045e-02
174,0.11248692,0.11120813,0.08692019,0.08065994,0.11775907,0.08083325,1.10875714e-01,2.44932374e-01,1.27184142e-01,7.32816963e-02
175,0.11193974,0.11134550,0.08679714,0.08066561,0.11719211,0.08080934,1.11181649e-01,2.40462292e-01,1.27574807e-01,7.30269395e-02
176,0.11227307,0.11145354,0.08687816,0.08091495,0.11750339,0.08081494,1.11619264e-01,2.37427006e-01,1.27474667e-01,7.28562691e-02
177,0.11216993,0.11166919,0.08682023,0.08081578,0.11736376,0.08080525,1.11159903e-01,2.37763155e-01,1.26169047e-01,7.32024307e-02
178,0.11240498,0.11130726,0.08687345,0.08071918,0.11755504,0.08079306,1.11126257e-01,2.38133190e-01,1.26506428e-01,7.22526736e-02
179,0.11190413,0.11132864,0.08673236,0.08094577,0.11702097,0.08079963,1.11681125e-01,2.35364329e-01,1.25000549e-01,7.24330323e-02
180,0.11223917,0.11142249,0.08685626,0.08072449,0.11730763,0.08078781,1.10746807e-01,2.33858629e-01,1.25190008e-01,7.23693937e-02
181,0.11230376,0.11113612,0.08684014,0.08078946,0.11734498,0.08078365,1.11267029e-01,2.33365232e-01,1.24516114e-01,7.15793793e-02
182,0.11198653,0.11129689,0.08673744,0.08077028,0.11700167,0.08077618,1.11980484e-01,2.30782467e-01,1.23594557e-01,7.16103865e-02
183,0.11211096,0.11132625,0.08682308,0.08087159,0.11706530,0.08078023,1.10704944e-01,2.29875687e-01,1.22945699e-01,7.12622411e-02
184,0.11220480,0.11121791,0.08682949,0.08063918,0.11717822,0.08075952,1.11953879e-01,2.27675007e-01,1.23541989e-01,7.09498757e-02
185,0.11204243,0.11092238,0.08677018,0.08076155,0.11695434,0.08075234,1.11607151e-01,2.27126998e-01,1.22661128e-01,7.07486339e-02
186,0.11149822,0.11116554,0.08653704,0.08073758,0.11643101,0.08074568,1.11646620e-01,2.27585084e-01,1.22804559e-01,7.02810958e-02
187,0.11148012,0.11093960,0.08655832,0.08068553,0.11634589,0.08073365,1.11761011e-01,2.30032461e-01,1.21241889e-01,6.98123057e-02
188,0.11187911,0.11113871,0.08674466,0.08062206,0.11672049,0.08071682,1.11687572e-01,2.24746048e-01,1.21428855e-01,6.96665049e-02
189,0.11171200,0.11073855,0.08664610,0.08057732,0.11652469,0.08069752,1.11120396e-01,2.23936358e-01,1.21408322e-01,6.95947120e-02
190,0.11169078,0.11066334,0.08665832,0.08064460,0.11645651,0.08068640,1.11776898e-01,2.19718597e-01,1.20616402e-01,6.87201489e-02
191,0.11179034,0.11071956,0.08667853,0.08060037,0.11658657,0.08067071,1.12493929e-01,2.23021387e-01,1.20607106e-01,6.86727858e-02
192,0.11156422,0.11116799,0.08663186,0.08069813,0.11629192,0.08066807,1.11593527e-01,2.21637214e-01,1.19472811e-01,6.88220488e-02
193,0.11148843,0.11051462,0.08664062,0.08074193,0.11621329,0.08066658,1.11670342e-01,2.21841477e-01,1.19713559e-01,6.80641551e-02
194,0.11137803,0.11059620,0.08652829,0.08053709,0.11607793,0.08064851,1.11646775e-01,2.19921271e-01,1.19016287e-01,6.84631900e-02
195,0.11147504,0.11082546,0.08658319,0.08065395,0.11610131,0.08064406,1.11487120e-01,2.14320923e-01,1.18081968e-01,6.79550997e-02
196,0.11149662,0.11079159,0.08655473,0.08067754,0.11611377,0.08063934,1.11387471e-01,2.15910331e-01,1.17837785e-01,6.77139370e-02
197,0.11170229,0.11026821,0.08666034,0.08053694,0.11631644,0.08062514,1.12375697e-01,2.17887751e-01,1.17503415e-01,6.71906148e-02
198,0.11154647,0.11099288,0.08658211,0.08069866,0.11611159,0.08062739,1.10850231e-01,2.15694790e-01,1.17723436e-01,6.75464261e-02
199,0.11159440,0.11084140,0.08657412,0.08068892,0.11616839,0.08062562,1.12030591e-01,2.13583065e-01,1.17670107e-01,6.68869431e-02
200,0.11148429,0.11055704,0.08656641,0.08059298,0.11601437,0.08061801,1.11777437e-01,2.14127244e-01,1.16678155e-01,6.66253318e-02
201,0.11130161,0.11049740,0.08646901,0.08050153,0.11582130,0.08060155,1.12488135e-01,2.11718772e-01,1.16288746e-01,6.59582089e-02
202,0.11098300,0.11063798,0.08636496,0.08056542,0.11545905,0.08059126,1.12988128e-01,2.08734097e-01,1.15770637e-01,6.66020843e-02
203,0.11161992,0.11067458,0.08658633,0.08052127,0.11608171,0.08057700,1.11163534e-01,2.12907935e-01,1.15375236e-01,6.58070508e-02
204,0.11157176,0.11079926,0.08659141,0.08055933,0.11598492,0.08056899,1.11467479e-01,2.09562959e-01,1.14359206e-01,6.61618372e-02
205,0.11100643,0.11028604,0.08638216,0.08047934,0.11545003,0.08055457,1.12570228e-01,2.06896122e-01,1.15513856e-01,6.54314900e-02
206,0.11116169,0.11071080,0.08644746,0.08068839,0.11555313,0.08056206,1.11413876e-01,2.06898300e-01,1.14981927e-01,6.54204891e-02
207,0.11090663,0.11074775,0.08641555,0.08056828,0.11530156,0.08055755,1.12447083e-01,2.07404567e-01,1.14572729e-01,6.52383424e-02
208,0.11096135,0.11048020,0.08636885,0.08065567,0.11532746,0.08056094,1.12498058e-01,2.05294545e-01,1.13653309e-01,6.45944881e-02
209,0.11079945,0.11063055,0.08633262,0.08058550,0.11515392,0.08055619,1.12738488e-01,2.06337226e-01,1.12609463e-01,6.49246837e-02
210,0.11108117,0.11056341,0.08633141,0.08058776,0.11541473,0.08055476,1.12703022e-01,2.03065147e-01,1.13374872e-01,6.42081802e-02
211,0.11071651,0.11033632,0.08623273,0.08045872,0.11500994,0.08053922,1.12050571e-01,2.01014786e-01,1.13490010e-01,6.45625077e-02
212,0.11118651,0.11079132,0.08647856,0.08065933,0.11548021,0.08054406,1.12113786e-01,2.02572357e-01,1.12672776e-01,6.38549400e-02
213,0.11058772,0.11044292,0.08623285,0.08057692,0.11487121,0.08054270,1.13070448e-01,2.02290255e-01,1.12572992e-01,6.33483377e-02
214,0.11042173,0.11065774,0.08612421,0.08063862,0.11469638,0.08054358,1.11866935e-01,2.00752425e-01,1.12584765e-01,6.35616872e-02
215,0.11109562,0.11061065,0.08647179,0.08064226,0.11534244,0.08054676,1.12507626e-01,2.01084803e-01,1.11561537e-01,6.29382990e-02
216,0.11085451,0.11035365,0.08632186,0.08059447,0.11508197,0.08054399,1.12143794e-01,2.02432852e-01,1.11311297e-01,6.30887195e-02
217,0.11094651,0.11012074,0.08638502,0.08044096,0.11513970,0.08052846,1.12007892e-01,1.96983373e-01,1.11097803e-01,6.27841767e-02
218,0.11048465,0.11017774,0.08614162,0.08048822,0.11469536,0.08051883,1.13214003e-01,2.00412955e-01,1.10998179e-01,6.26284297e-02
219,0.11052543,0.11043227,0.08617313,0.08046681,0.11470506,0.08050902,1.12706812e-01,1.98375546e-01,1.10187307e-01,6.22246709e-02
220,0.11064500,0.11054846,0.08620808,0.08051024,0.11480954,0.08050212,1.12550573e-01,1.95963341e-01,1.10844871e-01,6.20126439e-02
221,0.11043174,0.11042597,0.08618893,0.08049193,0.11457412,0.08049653,1.12777516e-01,1.94786889e-01,1.10045785e-01,6.17381055e-02
222,0.11080566,0.11030568,0.08623001,0.08052960,0.11494999,0.08049342,1.13116404e-01,1.97513529e-01,1.10068343e-01,6.18087297e-02
223,0.11037266,0.11044916,0.08619607,0.08059549,0.11449441,0.08049591,1.12867052e-01,1.95445422e-01,1.09958570e-01,6.18248690e-02
224,0.11052531,0.11040213,0.08621461,0.08043039,0.11461555,0.08048456,1.12342923e-01,1.95236179e-01,1.09715868e-01,6.02642192e-02
225,0.11030359,0.11038166,0.08609686,0.08047568,0.11438727,0.08047805,1.12973367e-01,1.97083328e-01,1.09085634e-01,6.11310797e-02
226,0.11059642,0.11021974,0.08620958,0.08049589,0.11463969,0.08047443,1.12871377e-01,1.93022056e-01,1.08313802e-01,6.03192855e-02
227,0.11031197,0.11051283,0.08614602,0.08062289,0.11438665,0.08048311,1.12369199e-01,1.92638634e-01,1.08626070e-01,6.08140720e-02
228,0.11029508,0.11002339,0.08610925,0.08030435,0.11432542,0.08045894,1.13448934e-01,1.91698302e-01,1.07687619e-01,6.03276964e-02
229,0.11022576,0.11027548,0.08609640,0.08049676,0.11428292,0.08045606,1.12490493e-01,1.92956494e-01,1.08157613e-01,6.08330402e-02
230,0.11009370,0.11025383,0.08601903,0.08044844,0.11411845,0.08045095,1.13502235e-01,1.90387487e-01,1.08098090e-01,6.05193927e-02
231,0.11014953,0.11016883,0.08607919,0.08049843,0.11414930,0.08045039,1.12318463e-01,1.89254544e-01,1.08087921e-01,5.99449520e-02
232,0.11019924,0.11046657,0.08608986,0.08049185,0.11418522,0.08044717,1.13144231e-01,1.91296739e-01,1.06780506e-01,5.96524486e-02
233,0.11034653,0.10991464,0.08611581,0.08040004,0.11430798,0.08043669,1.12307231e-01,1.89470367e-01,1.07054592e-01,5.96629463e-02
234,0.11027636,0.11019751,0.08614564,0.08032824,0.11424025,0.08042134,1.12723013e-01,1.85795102e-01,1.07267059e-01,5.94615184e-02
235,0.11014965,0.11016680,0.08608561,0.08038936,0.11410904,0.08041149,1.12949783e-01,1.89161292e-01,1.06700667e-01,5.95669126e-02
236,0.11017733,0.11013546,0.08599905,0.08053170,0.11410094,0.08041634,1.12776398e-01,1.87553158e-01,1.06558767e-01,5.94664315e-02
237,0.11026313,0.11029072,0.08613576,0.08044168,0.11418304,0.08041455,1.12664699e-01,1.85635365e-01,1.06366528e-01,5.90411921e-02
238,0.11017698,0.11015504,0.08606045,0.08050339,0.11410370,0.08041868,1.13558948e-01,1.85401187e-01,1.06662677e-01,5.87963527e-02
239,0.10987568,0.10988590,0.08599858,0.08040010,0.11378944,0.08041253,1.13030556e-01,1.84289143e-01,1.06130979e-01,5.88559697e-02
240,0.10998195,0.11007308,0.08602013,0.08046738,0.11388124,0.08041105,1.13401741e-01,1.84352227e-01,1.05598901e-01,5.81872221e-02
241,0.10977685,0.11016099,0.08596192,0.08036825,0.11367761,0.08040308,1.13935844e-01,1.86287234e-01,1.05507127e-01,5.84998633e-02
242,0.10992692,0.11007544,0.08602564,0.08039778,0.11379960,0.08039659,1.13333875e-01,1.82149231e-01,1.05756023e-01,5.81312273e-02
243,0.11006076,0.11012976,0.08599230,0.08046642,0.11394224,0.08039788,1.13071268e-01,1.85965145e-01,1.05478119e-01,5.82443665e-02
244,0.10993867,0.10990170,0.08597673,0.08030534,0.11376787,0.08038152,1.13473958e-01,1.83704196e-01,1.05149494e-01,5.75865317e-02
245,0.10993903,0.10954531,0.08599164,0.08037856,0.11376111,0.08037488,1.12353348e-01,1.80878636e-01,1.05031689e-01,5.76761848e-02
246,0.10972183,0.10998105,0.08591534,0.08041577,0.11358008,0.08037357,1.13754577e-01,1.81486129e-01,1.05032166e-01,5.73785680e-02
247,0.10975265,0.10999796,0.08591252,0.08047579,0.11358343,0.08037669,1.13367584e-01,1.83786111e-01,1.04325967e-01,5.74153777e-02
248,0.10999249,0.11000008,0.08600226,0.08041004,0.11380964,0.08037374,1.12198530e-01,1.82153177e-01,1.04696643e-01,5.72995804e-02
249,0.10978201,0.10978684,0.08587364,0.08031475,0.11360779,0.08036305,1.14387906e-01,1.80445548e-01,1.03698795e-01,5.73137382e-02
250,0.10958888,0.11009206,0.08587262,0.08053235,0.11340725,0.08037329,1.13828884e-01,1.81143661e-01,1.04472733e-01,5.63607359e-02
251,0.10987542,0.11035460,0.08595194,0.08050217,0.11366778,0.08037997,1.13500639e-01,1.82799587e-01,1.03451269e-01,5.68961605e-02
252,0.10969055,0.10993544,0.08594359,0.08040150,0.11348720,0.08037686,1.13070477e-01,1.81604131e-01,1.03545114e-01,5.68255155e-02
253,0.10995261,0.10999538,0.08598517,0.08046612,0.11370751,0.08038071,1.13171393e-01,1.79297129e-01,1.03447651e-01,5.64333909e-02
254,0.10958529,0.10984643,0.08585799,0.08049121,0.11333773,0.08038577,1.13077319e-01,1.77905775e-01,1.03475771e-01,5.64707865e-02
255,0.10950437,0.10977157,0.08580285,0.08027527,0.11327588,0.08036924,1.13674165e-01,1.79621581e-01,1.03198745e-01,5.58505183e-02
256,0.10959176,0.11024915,0.08575379,0.08046560,0.11335163,0.08037194,1.13654695e-01,1.79554725e-01,1.03302375e-01,5.61412413e-02
257,0.10958171,0.11046184,0.08579782,0.08065301,0.11334597,0.08039527,1.13698272e-01,1.78455648e-01,1.03197745e-01,5.61863790e-02
258,0.10963707,0.10984701,0.08586478,0.08037914,0.11333600,0.08038719,1.12608871e-01,1.77443156e-01,1.02658919e-01,5.57894291e-02
259,0.10965435,0.10991966,0.08584208,0.08037228,0.11336527,0.08038031,1.12702442e-01,1.77431502e-01,1.02397715e-01,5.60731782e-02
260,0.10945171,0.11029220,0.08580361,0.08049282,0.11319932,0.08038708,1.13664738e-01,1.80325608e-01,1.02578583e-01,5.59860675e-02
261,0.10967460,0.10989209,0.08589284,0.08032917,0.11339435,0.08037458,1.12921360e-01,1.77510357e-01,1.02746712e-01,5.55681335e-02
262,0.10945430,0.10993818,0.08578753,0.08045489,0.11316837,0.08037735,1.13639442e-01,1.76086487e-01,1.02193047e-01,5.55546042e-02
263,0.10919843,0.11008663,0.08571720,0.08044249,0.11292852,0.08037935,1.14226189e-01,1.77603637e-01,1.02842733e-01,5.47720656e-02
264,0.10941847,0.10962964,0.08572008,0.08030337,0.11309593,0.08036569,1.13280822e-01,1.76158031e-01,1.01959826e-01,5.52133718e-02
265,0.10928990,0.10986413,0.08576454,0.08031521,0.11299757,0.08035403,1.13993998e-01,1.75957356e-01,1.01634167e-01,5.52133224e-02
266,0.10931301,0.10996520,0.08569908,0.08040899,0.11301367,0.08035215,1.14200802e-01,1.74491090e-01,1.01699716e-01,5.49283590e-02
267,0.10968523,0.10983358,0.08587412,0.08029710,0.11336179,0.08034078,1.13221125e-01,1.77321239e-01,1.01566663e-01,5.52940761e-02
268,0.10916104,0.10980869,0.08564333,0.08035208,0.11285764,0.08033861,1.13555519e-01,1.77225756e-01,1.01718025e-01,5.50743141e-02
269,0.10927663,0.11005737,0.08573315,0.08049091,0.11295483,0.08034751,1.13821443e-01,1.73732951e-01,1.01412551e-01,5.47228243e-02
270,0.10899012,0.10991767,0.08568191,0.08040458,0.11269411,0.08034903,1.14669205e-01,1.76231499e-01,1.01265937e-01,5.46787974e-02
271,0.10907477,0.10960718,0.08569953,0.08031223,0.11276375,0.08033968,1.13975439e-01,1.74847245e-01,1.01836936e-01,5.45889060e-02
272,0.10929488,0.10993604,0.08571037,0.08046008,0.11295694,0.08034535,1.13313174e-01,1.72266873e-01,1.01962463e-01,5.44150841e-02
273,0.10913256,0.10965654,0.08566752,0.08030885,0.11279667,0.08033355,1.14356116e-01,1.71950695e-01,1.00924160e-01,5.48637954e-02
274,0.10946069,0.11010040,0.08576050,0.08033106,0.11309880,0.08032636,1.13581188e-01,1.71347861e-01,1.00563648e-01,5.48413456e-02
275,0.10910457,0.10983708,0.08561311,0.08032035,0.11278012,0.08031877,1.13949201e-01,1.75012674e-01,1.01303701e-01,5.43538050e-02
276,0.10893909,0.11003025,0.08559613,0.08033442,0.11261193,0.08031552,1.13856355e-01,1.75109646e-01,1.01291381e-01,5.40500233e-02
277,0.10906588,0.10991274,0.08569208,0.08034098,0.11272308,0.08031136,1.13343680e-01,1.75219199e-01,1.00699935e-01,5.43856077e-02
278,0.10914438,0.11011463,0.08562707,0.08046104,0.11278787,0.08031996,1.13349089e-01,1.74058824e-01,1.00868227e-01,5.45827376e-02
279,0.10872585,0.11002541,0.08550653,0.08044383,0.11237579,0.08032751,1.13936074e-01,1.73190514e-01,1.00712038e-01,5.38303544e-02
280,0.10891452,0.10982740,0.08556336,0.08028311,0.11256270,0.08031833,1.14147528e-01,1.71671884e-01,1.00805444e-01,5.44547173e-02
281,0.10874424,0.10999673,0.08556386,0.08044678,0.11241348,0.08032496,1.14277032e-01,1.73862307e-01,1.01104642e-01,5.37892889e-02
282,0.10847233,0.10961294,0.08546208,0.08026111,0.11209521,0.08031297,1.13988788e-01,1.71977372e-01,1.00301313e-01,5.36495938e-02
283,0.10910509,0.10962267,0.08565284,0.08031354,0.11274473,0.08030843,1.13575076e-01,1.73284256e-01,1.00805308e-01,5.40623367e-02
284,0.10906694,0.10970174,0.08569147,0.08030438,0.11270424,0.08030197,1.13825788e-01,1.75006411e-01,9.99588890e-02,5.42399546e-02
285,0.10853832,0.10973213,0.08546450,0.08032068,0.11217670,0.08029980,1.13844668e-01,1.72124171e-01,1.00517110e-01,5.37788792e-02
286,0.10882482,0.10954965,0.08554678,0.08040315,0.11245655,0.08030352,1.13993319e-01,1.72894449e-01,1.00676454e-01,5.39988326e-02
287,0.10911928,0.10978207,0.08566574,0.08020958,0.11275028,0.08029056,1.14037227e-01,1.70697681e-01,1.00843922e-01,5.35998846e-02
288,0.10880909,0.10997583,0.08557092,0.08040768,0.11243681,0.08029578,1.13796837e-01,1.71691581e-01,1.00515705e-01,5.39694123e-02
289,0.10901787,0.10980263,0.08558937,0.08035977,0.11263872,0.08029668,1.13518011e-01,1.73638611e-01,1.00274474e-01,5.39916361e-02
290,0.10861347,0.10962797,0.08543936,0.08023140,0.11224134,0.08028515,1.14415389e-01,1.72412642e-01,1.00441958e-01,5.38874345e-02
291,0.10871267,0.10963309,0.08547567,0.08032714,0.11232569,0.08028277,1.14423488e-01,1.73301579e-01,9.97751441e-02,5.34134402e-02
292,0.10879930,0.10992894,0.08554067,0.08033271,0.11241673,0.08028232,1.13667457e-01,1.74842742e-01,1.00023506e-01,5.39918253e-02
293,0.10849606,0.11002023,0.08543802,0.08036195,0.11212775,0.08028454,1.14521732e-01,1.73309365e-01,1.00138221e-01,5.41098737e-02
294,0.10877369,0.10971540,0.08552055,0.08031387,0.11237436,0.08028047,1.13204130e-01,1.73103969e-01,9.99301069e-02,5.38531753e-02
295,0.10854334,0.11018104,0.08548103,0.08039365,0.11217601,0.08028660,1.15294821e-01,1.70142998e-01,9.98857280e-02,5.36304815e-02
296,0.10858514,0.10994133,0.08548263,0.08048997,0.11222099,0.08030042,1.13900567e-01,1.72655750e-01,1.00243571e-01,5.34591757e-02
297,0.10846720,0.10957357,0.08540403,0.08026894,0.11209199,0.08029020,1.14716337e-01,1.71526176e-01,1.00408756e-01,5.31453751e-02
298,0.10831324,0.10972980,0.08531359,0.08036515,0.11193802,0.08029045,1.14797157e-01,1.74070438e-01,1.00142855e-01,5.33881987e-02
299,0.10870989,0.10993913,0.08547853,0.08045773,0.11234587,0.08030228,1.14398828e-01,1.71346003e-01,1.00810588e-01,5.38967183e-02
300,0.10861590,0.11016597,0.08546781,0.08036225,0.11222096,0.08030087,1.13146695e-01,1.73036385e-01,9.99516626e-02,5.32755952e-02
301,0.10830112,0.10961283,0.08537349,0.08037696,0.11192707,0.08030238,1.14104142e-01,1.72599261e-01,1.00448557e-01,5.35849668e-02
302,0.10815523,0.10932982,0.08532106,0.08023831,0.11179360,0.08028822,1.14942092e-01,1.71041239e-01,9.99948243e-02,5.35934604e-02
303,0.10894204,0.10965745,0.08553597,0.08027490,0.11256349,0.08028205,1.14260488e-01,1.71450944e-01,1.00519463e-01,5.33345658e-02
304,0.10847203,0.10928903,0.08542389,0.08020561,0.11208834,0.08026637,1.14517660e-01,1.71121103e-01,1.00210331e-01,5.32626050e-02
305,0.10864975,0.11010495,0.08546670,0.08048981,0.11225904,0.08028422,1.13396253e-01,1.71003483e-01,1.00385453e-01,5.35556938e-02
306,0.10849626,0.10931623,0.08539072,0.08026862,0.11212843,0.08027709,1.14430040e-01,1.71429454e-01,1.00638698e-01,5.33889369e-02
307,0.10825729,0.10983794,0.08528801,0.08025825,0.11190665,0.08026946,1.14878103e-01,1.72311342e-01,1.00073305e-01,5.32839576e-02
308,0.10829496,0.10980270,0.08533566,0.08038141,0.11192787,0.08027745,1.14657067e-01,1.70842935e-01,1.00613040e-01,5.34568537e-02
309,0.10827124,0.10957552,0.08534598,0.08017705,0.11190379,0.08026226,1.14291693e-01,1.71436708e-01,1.00621052e-01,5.36152883e-02
310,0.10854849,0.10977855,0.08544466,0.08030032,0.11216493,0.08026162,1.13697003e-01,1.72688091e-01,1.00444861e-01,5.32634782e-02
311,0.10872117,0.10955680,0.08545401,0.08030911,0.11233620,0.08025983,1.14057743e-01,1.70401338e-01,1.00296587e-01,5.34024141e-02
312,0.10842287,0.10941399,0.08544735,0.08027068,0.11207735,0.08025455,1.14139727e-01,1.74431640e-01,1.00527271e-01,5.32059906e-02
313,0.10839134,0.10967649,0.08532838,0.08024432,0.11201905,0.08025014,1.15340808e-01,1.69920150e-01,9.95620049e-02,5.35078148e-02
314,0.10818605,0.10996537,0.08529417,0.08032304,0.11179001,0.08025139,1.13740086e-01,1.69186561e-01,1.00265601e-01,5.37051324e-02
315,0.10824230,0.10973884,0.08530521,0.08025772,0.11191451,0.08024808,1.15096638e-01,1.72208765e-01,1.00909037e-01,5.30978250e-02
316,0.10806925,0.10957142,0.08524403,0.08024346,0.11169000,0.08024265,1.14276930e-01,1.71857873e-01,1.00132113e-01,5.36191243e-02
317,0.10822999,0.11015436,0.08527185,0.08039691,0.11186978,0.08025312,1.13920513e-01,1.72621765e-01,1.00425921e-01,5.35080135e-02
318,0.10835143,0.10944291,0.08530383,0.08015353,0.11199623,0.08023733,1.14897292e-01,1.73418090e-01,1.00186288e-01,5.33709528e-02
319,0.10873908,0.10997275,0.08549820,0.08041493,0.11235237,0.08024948,1.12986386e-01,1.72459539e-01,1.00631974e-01,5.36759413e-02
320,0.10806557,0.10962773,0.08521624,0.08023550,0.11168661,0.08024447,1.14418888e-01,1.71303655e-01,1.00612205e-01,5.37574574e-02
321,0.10831364,0.10989787,0.08533569,0.08033054,0.11195438,0.08024697,1.14434842e-01,1.72947227e-01,1.00147907e-01,5.36678212e-02
322,0.10837655,0.10966834,0.08538850,0.08027394,0.11200640,0.08024504,1.14001170e-01,1.70720497e-01,1.00680481e-01,5.31969626e-02
323,0.10818516,0.10990668,0.08529451,0.08042977,0.11181923,0.08025774,1.14529682e-01,1.72813775e-01,1.00388187e-01,5.32210178e-02
324,0.10824348,0.10976658,0.08535554,0.08041064,0.11187682,0.08026792,1.14315751e-01,1.71615101e-01,1.00300129e-01,5.36198750e-02
325,0.10822937,0.10999944,0.08526571,0.08036371,0.11187530,0.08027228,1.14264818e-01,1.74197825e-01,1.00073396e-01,5.37424668e-02
326,0.10798788,0.10979165,0.08523680,0.08034903,0.11162695,0.08027547,1.14521480e-01,1.72350838e-01,1.00158079e-01,5.32773744e-02
327,0.10799333,0.10993233,0.08517175,0.08038409,0.11165036,0.08028361,1.14689686e-01,1.74132364e-01,1.00598668e-01,5.33909929e-02
328,0.10819253,0.11028874,0.08536018,0.08052259,0.11180193,0.08030299,1.13251204e-01,1.73020191e-01,1.00163984e-01,5.35938329e-02
329,0.10787187,0.11000355,0.08514526,0.08041721,0.11152346,0.08030695,1.14918537e-01,1.71853385e-01,1.00410031e-01,5.31318431e-02
330,0.10818337,0.10983652,0.08527498,0.08034703,0.11183241,0.08030598,1.14504212e-01,1.72108089e-01,1.00537388e-01,5.34602246e-02
331,0.10794710,0.10991909,0.08515367,0.08031722,0.11159556,0.08030339,1.15053558e-01,1.73318244e-01,9.99438358e-02,5.30388275e-02
332,0.10820866,0.10966994,0.08529913,0.08025639,0.11183006,0.08029391,1.13937544e-01,1.72054044e-01,1.00081617e-01,5.38428096e-02
333,0.10808711,0.10966821,0.08528117,0.08030737,0.11172983,0.08028787,1.14506908e-01,1.72532232e-01,1.00162416e-01,5.32945488e-02
334,0.10812160,0.10941756,0.08522263,0.08030386,0.11174271,0.08028277,1.14285436e-01,1.71721757e-01,1.00307425e-01,5.32191404e-02
335,0.10827007,0.10966430,0.08531197,0.08041382,0.11191065,0.08029076,1.14397132e-01,1.71566878e-01,1.00205144e-01,5.39598176e-02
336,0.10783775,0.10994632,0.08510565,0.08052791,0.11148436,0.08030824,1.13840099e-01,1.73460939e-01,1.00715481e-01,5.36485207e-02
337,0.10791386,0.10959519,0.08516199,0.08019416,0.11156871,0.08029227,1.16049534e-01,1.72684107e-01,9.99412239e-02,5.34747052e-02
338,0.10776453,0.10947781,0.08513220,0.08029934,0.11141746,0.08028703,1.14608694e-01,1.73962662e-01,1.00283277e-01,5.39291988e-02
339,0.10797508,0.10968555,0.08520682,0.08035434,0.11163759,0.08029009,1.15198301e-01,1.73697090e-01,1.00462478e-01,5.38501642e-02
340,0.10753120,0.10947282,0.08503007,0.08022059,0.11120001,0.08027962,1.15312364e-01,1.73297568e-01,1.00477557e-01,5.37009262e-02
341,0.10790807,0.10945006,0.08509328,0.08021131,0.11151852,0.08026728,1.14300996e-01,1.69634777e-01,1.00213789e-01,5.36613363e-02
342,0.10794220,0.10971664,0.08514579,0.08028383,0.11158777,0.08026745,1.14787498e-01,1.73109253e-01,1.00771366e-01,5.35595780e-02
343,0.10772546,0.10910930,0.08507162,0.08008655,0.11135589,0.08024426,1.14753945e-01,1.72047904e-01,9.99927621e-02,5.30907742e-02
344,0.10754591,0.10962429,0.08508645,0.08022127,0.11119758,0.08023381,1.14614221e-01,1.70981676e-01,1.00805976e-01,5.34714811e-02
345,0.10763755,0.10992920,0.08506978,0.08040291,0.11129363,0.08024521,1.15102840e-01,1.73243830e-01,1.00749971e-01,5.29951688e-02
346,0.10786204,0.10959821,0.08523258,0.08023393,0.11151874,0.08023961,1.14654854e-01,1.73911485e-01,1.00436151e-01,5.34521373e-02
347,0.10746678,0.10972092,0.08499885,0.08027115,0.11114167,0.08023726,1.15292963e-01,1.72299698e-01,1.00725192e-01,5.34789074e-02
348,0.10756208,0.10956566,0.08507863,0.08024041,0.11120995,0.08023301,1.15007638e-01,1.74026278e-01,1.00629365e-01,5.36098888e-02
349,0.10746107,0.10962334,0.08492689,0.08025009,0.11113172,0.08023055,1.15170923e-01,1.73180848e-01,1.00865588e-01,5.34927727e-02
350,0.10778024,0.10972467,0.08508858,0.08031643,0.11142458,0.08023497,1.15416880e-01,1.73337822e-01,1.00041786e-01,5.35308728e-02
351,0.10758438,0.10957799,0.08502514,0.08027233,0.11123528,0.08023323,1.14960136e-01,1.73547439e-01,1.00303791e-01,5.32634176e-02
352,0.10774013,0.10984673,0.08512794,0.08025233,0.11138087,0.08023192,1.14268184e-01,1.73298839e-01,1.00748181e-01,5.28405352e-02
353,0.10732490,0.10955982,0.08492404,0.08020290,0.11100500,0.08022591,1.15789469e-01,1.74378469e-01,1.00381225e-01,5.37909713e-02
354,0.10746732,0.10914751,0.08500229,0.08010075,0.11110754,0.08020791,1.14941009e-01,1.73421363e-01,1.00148513e-01,5.42316628e-02
355,0.10738611,0.10951369,0.08498823,0.08025724,0.11107037,0.08020767,1.15621890e-01,1.72885544e-01,1.00339882e-01,5.29387232e-02
356,0.10744675,0.10970736,0.08493200,0.08029897,0.11111353,0.08021152,1.15541173e-01,1.74837032e-01,1.00415823e-01,5.32080949e-02
357,0.10776164,0.10935813,0.08510703,0.08017264,0.11139234,0.08020403,1.14104185e-01,1.74465501e-01,1.00757310e-01,5.30776836e-02
358,0.10738169,0.10954853,0.08502277,0.08018560,0.11107089,0.08019861,1.15559638e-01,1.73142696e-01,1.00913161e-01,5.30210288e-02
359,0.10758063,0.10930666,0.08509577,0.08011275,0.11122571,0.08018456,1.14371873e-01,1.72347879e-01,1.00244153e-01,5.35211465e-02
360,0.10747040,0.10961949,0.08498682,0.08026366,0.11112661,0.08018870,1.15668619e-01,1.73950324e-01,9.98414657e-02,5.32878918e-02
361,0.10721758,0.10979125,0.08489466,0.08030105,0.11089351,0.08019556,1.14637040e-01,1.74165217e-01,1.00953883e-01,5.32177921e-02
362,0.10752133,0.10921556,0.08507830,0.08013715,0.11120032,0.08018279,1.15644225e-01,1.74920382e-01,1.00087625e-01,5.33716668e-02
363,0.10724423,0.10979768,0.08491114,0.08031305,0.11090087,0.08019136,1.14494744e-01,1.75179172e-01,1.00531796e-01,5.30053285e-02
364,0.10704384,0.10929509,0.08487928,0.08005705,0.11070999,0.08017222,1.14767362e-01,1.72905758e-01,1.00351912e-01,5.33254956e-02
365,0.10765020,0.10994028,0.08503770,0.08031226,0.11131242,0.08018280,1.15184506e-01,1.72590974e-01,1.00135599e-01,5.33076087e-02
366,0.10714281,0.10948923,0.08492280,0.08011271,0.11082052,0.08017055,1.14416399e-01,1.75171505e-01,1.00987828e-01,5.35990387e-02
367,0.10772205,0.10957177,0.08512024,0.08029403,0.11139566,0.08018183,1.15910457e-01,1.74934773e-01,1.00437182e-01,5.30008054e-02
368,0.10751071,0.10926654,0.08505220,0.08008662,0.11117238,0.08016444,1.14304911e-01,1.75237058e-01,1.00472133e-01,5.34224991e-02
369,0.10749255,0.10976311,0.08499804,0.08040582,0.11115617,0.08018061,1.15135567e-01,1.74125028e-01,1.00410120e-01,5.32603450e-02
370,0.10717632,0.10961860,0.08488795,0.08017478,0.11085574,0.08017621,1.14745865e-01,1.73591012e-01,1.00680134e-01,5.36706329e-02
371,0.10728926,0.10948410,0.08497553,0.08027378,0.11096443,0.08018187,1.14917137e-01,1.74420910e-01,1.00138856e-01,5.36231247e-02
372,0.10723625,0.10951912,0.08496249,0.08025624,0.11091615,0.08018392,1.15454675e-01,1.74044335e-01,1.00552719e-01,5.31889447e-02
373,0.10721602,0.10934613,0.08488441,0.08010532,0.11089517,0.08017060,1.15217518e-01,1.73498381e-01,1.00276049e-01,5.32928538e-02
374,0.10734188,0.10954394,0.08498110,0.08020397,0.11100332,0.08016636,1.15451520e-01,1.74090018e-01,1.00413843e-01,5.29112088e-02
375,0.10731783,0.10964053,0.08500308,0.08018896,0.11099484,0.08016481,1.14947703e-01,1.74306598e-01,1.00404987e-01,5.37455454e-02
376,0.10734726,0.10961150,0.08498855,0.08031480,0.11099949,0.08017401,1.14612340e-01,1.74089290e-01,1.00361686e-01,5.31176580e-02
377,0.10720021,0.10971874,0.08490213,0.08030352,0.11087237,0.08018351,1.15189534e-01,1.72052009e-01,1.00423680e-01,5.34132298e-02
378,0.10752192,0.10913292,0.08498781,0.08012531,0.11117709,0.08017341,1.14755753e-01,1.75173784e-01,1.00536109e-01,5.36644515e-02
379,0.10737984,0.10941277,0.08494157,0.08012349,0.11102544,0.08016501,1.14707335e-01,1.72303918e-01,1.00852512e-01,5.31508193e-02
380,0.10710787,0.10954896,0.08486005,0.08030472,0.11081031,0.08017384,1.15977099e-01,1.72910817e-01,1.00707998e-01,5.33958373e-02
381,0.10709997,0.10913743,0.08487267,0.08005928,0.11077269,0.08015757,1.15094568e-01,1.73549794e-01,1.00206841e-01,5.34892182e-02
382,0.10717149,0.10962839,0.08492895,0.08021009,0.11084663,0.08015975,1.14733208e-01,1.73364188e-01,1.00782242e-01,5.36802415e-02
383,0.10737001,0.10947513,0.08494176,0.08024030,0.11103308,0.08016535,1.14461941e-01,1.74404749e-01,1.00736227e-01,5.38951824e-02
384,0.10724157,0.10973397,0.08494695,0.08034530,0.11091178,0.08017732,1.15088689e-01,1.73243299e-01,1.00308534e-01,5.36597250e-02
385,0.10708560,0.10923472,0.08493354,0.08014559,0.11077443,0.08016763,1.16338373e-01,1.72681853e-01,1.00073645e-01,5.32123233e-02
386,0.10709184,0.10963561,0.08491660,0.08026601,0.11075690,0.08017373,1.15032495e-01,1.73518182e-01,1.00209060e-01,5.36086775e-02
387,0.10730745,0.10952944,0.08494849,0.08033705,0.11098169,0.08018606,1.15276032e-01,1.73800145e-01,1.00294274e-01,5.34029333e-02
388,0.10717414,0.10920887,0.08491142,0.08023233,0.11082567,0.08018680,1.14384697e-01,1.73406328e-01,1.00153660e-01,5.36155063e-02
389,0.10758095,0.10924848,0.08503826,0.08019285,0.11127094,0.08018204,1.15602681e-01,1.74807566e-01,1.00909946e-01,5.32276601e-02
390,0.10697944,0.10963247,0.08481891,0.08021376,0.11066822,0.08018069,1.15891800e-01,1.73790950e-01,9.99714886e-02,5.37732152e-02
391,0.10697786,0.10978982,0.08483848,0.08030029,0.11065205,0.08018844,1.14318430e-01,1.74466530e-01,1.00828325e-01,5.31252483e-02
392,0.10699187,0.10911400,0.08481923,0.08015075,0.11067381,0.08018064,1.15400828e-01,1.73495863e-01,1.00587002e-01,5.36753008e-02
393,0.10710591,0.10947032,0.08485230,0.08016982,0.11077814,0.08017672,1.15710822e-01,1.73600866e-01,9.99763336e-02,5.36468099e-02
394,0.10696834,0.10937130,0.08479749,0.08019568,0.11065242,0.08017425,1.15211258e-01,1.74734047e-01,1.00489878e-01,5.35929773e-02
395,0.10703672,0.10965994,0.08484054,0.08022377,0.11072297,0.08017434,1.15296862e-01,1.73225883e-01,1.00340374e-01,5.35814557e-02
396,0.10729004,0.10920498,0.08491097,0.08015576,0.11095444,0.08016715,1.15072822e-01,1.72987461e-01,9.98483123e-02,5.36359990e-02
397,0.10699047,0.10965190,0.08478905,0.08026681,0.11067381,0.08017345,1.15147621e-01,1.74282433e-01,1.00538569e-01,5.34352482e-02
398,0.10727788,0.10943328,0.08488475,0.08032871,0.11090831,0.08018282,1.14211980e-01,1.72608769e-01,1.00452279e-01,5.33333953e-02
399,0.10688505,0.10921730,0.08470388,0.08016422,0.11057915,0.08017663,1.16114915e-01,1.74169376e-01,1.00403401e-01,5.31789940e-02
400,0.10665098,0.10940943,0.08468938,0.08015673,0.11032830,0.08016840,1.16180991e-01,1.72788515e-01,9.99911251e-02,5.34228265e-02
401,0.10726947,0.10923778,0.08489371,0.08012533,0.11095452,0.08016111,1.14252695e-01,1.74081351e-01,1.00595958e-01,5.37190317e-02
402,0.10695232,0.10937071,0.08480866,0.08016465,0.11060661,0.08015631,1.14269312e-01,1.73733241e-01,1.00576927e-01,5.33174998e-02
403,0.10710902,0.10936029,0.08482538,0.08020608,0.11079513,0.08015383,1.15391861e-01,1.73636071e-01,1.00540523e-01,5.30767147e-02
404,0.10695235,0.10917457,0.08482178,0.08018019,0.11061489,0.08015494,1.14741600e-01,1.72142297e-01,1.00841329e-01,5.37688318e-02
405,0.10702734,0.10967207,0.08483579,0.08023644,0.11072335,0.08015947,1.15968749e-01,1.74654478e-01,1.00108691e-01,5.38516829e-02
406,0.10694642,0.10929013,0.08484484,0.08012625,0.11061175,0.08014973,1.15324094e-01,1.73687260e-01,1.00030950e-01,5.35442095e-02
407,0.10699947,0.10967380,0.08489112,0.08031210,0.11069921,0.08016237,1.15689736e-01,1.74422787e-01,1.00417259e-01,5.36262520e-02
408,0.10667716,0.10937333,0.08475472,0.08017779,0.11034334,0.08016061,1.14873010e-01,1.74020521e-01,9.98811261e-02,5.36017045e-02
409,0.10735182,0.10924062,0.08495671,0.08019398,0.11100891,0.08015847,1.15110913e-01,1.74667936e-01,9.97988731e-02,5.40943833e-02
410,0.10675761,0.10941168,0.08467797,0.08022315,0.11046039,0.08016155,1.15419124e-01,1.74464553e-01,1.00811013e-01,5.34739849e-02
411,0.10654364,0.10950150,0.08461537,0.08014856,0.11021907,0.08015571,1.15136659e-01,1.74989219e-01,1.00231090e-01,5.36302477e-02
412,0.10683291,0.10939005,0.08473556,0.08027735,0.11052302,0.08016429,1.15354231e-01,1.74692625e-01,1.00442071e-01,5.31423129e-02
413,0.10677304,0.10938166,0.08475903,0.08021041,0.11045982,0.08016305,1.15677645e-01,1.75400659e-01,1.00485405e-01,5.32620789e-02
414,0.10672400,0.10926118,0.08466319,0.08022427,0.11043994,0.08016465,1.15662514e-01,1.74457747e-01,1.00468610e-01,5.35957963e-02
