architecture,epoch,train_rmse,val_rmse,overfit_gap
FNN,1,0.35372,0.189646,-0.164074
FNN,2,0.277624,0.161004,-0.11662
FNN,3,0.241758,0.147626,-0.0941317
FNN,4,0.218487,0.139553,-0.078934
FNN,5,0.201718,0.133952,-0.0677654
FNN,6,0.189486,0.130298,-0.0591878
FNN,7,0.179766,0.127309,-0.0524574
FNN,8,0.172435,0.124769,-0.0476664
FNN,9,0.16569,0.122922,-0.0427677
FNN,10,0.160355,0.121096,-0.0392592
FNN,11,0.155737,0.119539,-0.0361971
FNN,12,0.151555,0.118361,-0.0331941
FNN,13,0.147957,0.116849,-0.0311083
FNN,14,0.14487,0.115841,-0.0290291
FNN,15,0.142074,0.114689,-0.0273847
FNN,16,0.139601,0.113594,-0.0260075
FNN,17,0.137087,0.11249,-0.0245972
FNN,18,0.134946,0.111309,-0.0236374
FNN,19,0.132897,0.110545,-0.022352
FNN,20,0.1311,0.10945,-0.0216499
FNN,21,0.129425,0.108368,-0.0210575
FNN,22,0.128051,0.107162,-0.0208894
FNN,23,0.126757,0.106317,-0.0204405
FNN,24,0.12509,0.105378,-0.019712
FNN,25,0.124013,0.104357,-0.0196554
FNN,26,0.122792,0.10332,-0.0194716
FNN,27,0.121659,0.10248,-0.0191787
FNN,28,0.120845,0.101276,-0.0195683
FNN,29,0.119882,0.100797,-0.0190849
FNN,30,0.118739,0.0998889,-0.0188501
FNN,31,0.117854,0.0994127,-0.0184413
FNN,32,0.117254,0.0988451,-0.018409
FNN,33,0.116466,0.0983517,-0.0181146
FNN,34,0.115755,0.0976266,-0.0181281
FNN,35,0.115017,0.0971949,-0.0178225
FNN,36,0.114412,0.0969819,-0.0174296
FNN,37,0.113768,0.0965264,-0.017242
FNN,38,0.113465,0.0961087,-0.0173559
FNN,39,0.112561,0.0956467,-0.0169145
FNN,40,0.112079,0.0949018,-0.0171772
FNN,41,0.111636,0.0951183,-0.0165178
FNN,42,0.11109,0.094761,-0.0163288
FNN,43,0.110609,0.0944012,-0.0162077
FNN,44,0.110257,0.0937867,-0.01647
FNN,45,0.109757,0.0935214,-0.0162356
FNN,46,0.109356,0.0931331,-0.0162228
FNN,47,0.108898,0.0931071,-0.0157911
FNN,48,0.108503,0.0927665,-0.0157363
FNN,49,0.108123,0.0922193,-0.0159033
FNN,50,0.107621,0.0921594,-0.0154615
FNN,51,0.107135,0.0916889,-0.0154458
FNN,52,0.106919,0.0916819,-0.0152366
FNN,53,0.106495,0.0914191,-0.0150758
FNN,54,0.106147,0.0911654,-0.0149817
FNN,55,0.106084,0.0911569,-0.0149266
FNN,56,0.105612,0.0908208,-0.0147912
FNN,57,0.105322,0.0910006,-0.0143212
FNN,58,0.105027,0.0907898,-0.0142374
FNN,59,0.104717,0.0907884,-0.0139283
FNN,60,0.104518,0.0905019,-0.014016
FNN,61,0.104209,0.0903705,-0.0138387
FNN,62,0.103871,0.0900287,-0.0138423
FNN,63,0.103627,0.0899469,-0.0136798
FNN,64,0.103472,0.0900206,-0.0134518
FNN,65,0.103208,0.0897896,-0.0134189
FNN,66,0.103048,0.0900813,-0.0129668
FNN,67,0.102902,0.089507,-0.0133953
FNN,68,0.102459,0.0893773,-0.0130816
FNN,69,0.102273,0.0896073,-0.0126657
FNN,70,0.102203,0.0894067,-0.0127962
FNN,71,0.101902,0.0895725,-0.012329
FNN,72,0.101644,0.0895373,-0.012107
FNN,73,0.101388,0.0894759,-0.0119117
FNN,74,0.101245,0.0890787,-0.0121661
FNN,75,0.101054,0.0891418,-0.0119124
FNN,76,0.101033,0.089095,-0.0119384
FNN,77,0.10068,0.0888783,-0.0118017
FNN,78,0.100528,0.088403,-0.0121246
FNN,79,0.100411,0.0890219,-0.0113893
FNN,80,0.100145,0.0889458,-0.0111996
FNN,81,0.100078,0.0884978,-0.0115805
FNN,82,0.0999199,0.0888521,-0.0110678
FNN,83,0.0996448,0.0882769,-0.0113679
FNN,84,0.0996035,0.0884461,-0.0111574
FNN,85,0.0992881,0.0881473,-0.0111408
FNN,86,0.0992736,0.0882269,-0.0110467
FNN,87,0.0991872,0.0886539,-0.0105333
FNN,88,0.0990921,0.0879488,-0.0111432
FNN,89,0.0988874,0.0882199,-0.0106675
FNN,90,0.0987164,0.0882451,-0.0104713
FNN,91,0.0985575,0.0884674,-0.0100901
FNN,92,0.098537,0.0878838,-0.0106532
FNN,93,0.0983682,0.0881527,-0.0102156
FNN,94,0.0982073,0.0881367,-0.0100706
FNN,95,0.0981605,0.0879268,-0.0102337
FNN,96,0.0980976,0.0879784,-0.0101191
FNN,97,0.0978967,0.0881643,-0.00973239
FNN,98,0.0978614,0.0877965,-0.0100649
FNN,99,0.097908,0.0879254,-0.00998267
FNN,100,0.0976664,0.0880688,-0.00959763
FNN,101,0.0975967,0.0874121,-0.0101846
FNN,102,0.097503,0.087564,-0.00993896
FNN,103,0.0972989,0.0875595,-0.00973939
FNN,104,0.0973147,0.0875935,-0.00972117
FNN,105,0.0972631,0.0875791,-0.00968393
FNN,106,0.0971727,0.087402,-0.00977068
FNN,107,0.0968967,0.0872074,-0.00968933
FNN,108,0.0969057,0.0877742,-0.0091315
FNN,109,0.0966879,0.0875831,-0.00910479
FNN,110,0.0968266,0.0870249,-0.00980169
FNN,111,0.0967466,0.0876586,-0.00908806
FNN,112,0.0966581,0.0870255,-0.00963268
FNN,113,0.0965266,0.0875822,-0.00894437
FNN,114,0.0965406,0.0873302,-0.00921037
FNN,115,0.0964362,0.0876559,-0.00878035
FNN,116,0.0963003,0.0872246,-0.00907566
FNN,117,0.0962173,0.0867132,-0.00950412
FNN,118,0.096153,0.0868419,-0.0093111
FNN,119,0.0961356,0.0867733,-0.00936225
FNN,120,0.0959776,0.0873644,-0.0086132
FNN,121,0.0959285,0.0868033,-0.00912519
FNN,122,0.0958004,0.0870394,-0.00876099
FNN,123,0.0958699,0.0865809,-0.00928903
FNN,124,0.0957322,0.0868202,-0.00891203
FNN,125,0.0955264,0.0864175,-0.00910888
FNN,126,0.0955691,0.0869289,-0.00864021
FNN,127,0.0955029,0.0866268,-0.00887614
FNN,128,0.0954148,0.0868599,-0.0085549
FNN,129,0.0954001,0.0869183,-0.00848179
FNN,130,0.0953661,0.0868975,-0.0084686
FNN,131,0.0951698,0.0866476,-0.00852221
FNN,132,0.0953169,0.0866003,-0.00871668
FNN,133,0.0951788,0.0872143,-0.00796449
FNN,134,0.0950863,0.086486,-0.00860034
FNN,135,0.095194,0.0865317,-0.00866228
FNN,136,0.0950375,0.0874204,-0.00761708
FNN,137,0.0949439,0.0866479,-0.00829602
FNN,138,0.094961,0.0869445,-0.00801653
FNN,139,0.0948462,0.0866704,-0.00817581
FNN,140,0.0947881,0.0868003,-0.0079878
FNN,141,0.0947635,0.0864827,-0.00828077
FNN,142,0.0948155,0.086465,-0.00835047
FNN,143,0.0946831,0.0865488,-0.00813434
FNN,144,0.0945654,0.0869885,-0.00757691
FNN,145,0.0944111,0.0866968,-0.00771432
FNN,146,0.0945209,0.0863627,-0.00815824
FNN,147,0.094324,0.0870699,-0.00725411
FNN,148,0.0944239,0.0864963,-0.00792758
FNN,149,0.094253,0.0868575,-0.00739554
FNN,150,0.0944133,0.0865923,-0.007821
FNN,151,0.0944066,0.0867108,-0.00769576
FNN,152,0.0941994,0.0865696,-0.00762983
FNN,153,0.0941931,0.0865195,-0.00767359
FNN,154,0.0941837,0.0865558,-0.00762792
FNN,155,0.0941266,0.0861195,-0.00800718
FNN,156,0.0939515,0.0862838,-0.00766769
FNN,157,0.0939902,0.0861393,-0.00785083
FNN,158,0.094068,0.0865293,-0.00753869
FNN,159,0.0939689,0.0861799,-0.00778898
FNN,160,0.0938562,0.0863519,-0.00750428
FNN,161,0.0938411,0.0865084,-0.00733276
FNN,162,0.0938592,0.0862849,-0.00757428
FNN,163,0.0937045,0.0858619,-0.0078426
FNN,164,0.0936819,0.086184,-0.00749786
FNN,165,0.0938102,0.0867455,-0.00706471
FNN,166,0.0936744,0.0861552,-0.00751913
FNN,167,0.0937894,0.0862617,-0.00752765
FNN,168,0.0937101,0.0868632,-0.0068469
FNN,169,0.0936746,0.0865696,-0.00710505
FNN,170,0.0934166,0.0869012,-0.0065154
FNN,171,0.0935017,0.0861978,-0.00730386
FNN,172,0.0936901,0.0866033,-0.00708677
FNN,173,0.0934259,0.0864335,-0.00699239
FNN,174,0.093432,0.0861149,-0.00731712
FNN,175,0.0932729,0.0866487,-0.00662423
FNN,176,0.0933527,0.0866365,-0.00671625
FNN,177,0.0933807,0.0865974,-0.00678329
FNN,178,0.0932788,0.0860625,-0.00721626
FNN,179,0.0932798,0.0860233,-0.0072565
FNN,180,0.0932034,0.086539,-0.00666445
FNN,181,0.0932005,0.0865398,-0.0066607
FNN,182,0.0932393,0.0860929,-0.00714638
FNN,183,0.093089,0.0866081,-0.00648096
FNN,184,0.0930351,0.0863693,-0.00666589
FNN,185,0.0930212,0.0859989,-0.00702235
FNN,186,0.0930101,0.0860021,-0.00700803
FNN,187,0.0930333,0.0865844,-0.00644887
FNN,188,0.0931669,0.0866149,-0.006552
FNN,189,0.0930881,0.0859763,-0.00711183
FNN,190,0.0927759,0.0865634,-0.00621244
FNN,191,0.0928543,0.0862162,-0.00663805
FNN,192,0.0928935,0.0860141,-0.00687936
FNN,193,0.0927629,0.0863792,-0.00638377
FNN,194,0.0927507,0.0865806,-0.00617011
FNN,195,0.0927108,0.0863196,-0.00639114
FNN,196,0.0926287,0.0858065,-0.00682214
FNN,197,0.0926457,0.0862092,-0.00643656
FNN,198,0.0929071,0.0865935,-0.0063136
FNN,199,0.0925716,0.0863713,-0.00620029
FNN,200,0.0925853,0.0860464,-0.00653894
FNN,201,0.0926436,0.0862459,-0.00639762
FNN,202,0.0925495,0.0863651,-0.00618435
FNN,203,0.0925637,0.0860119,-0.00655177
FNN,204,0.0925599,0.0861942,-0.00636578
FNN,205,0.0925181,0.0862931,-0.00622503
FNN,206,0.0924833,0.0860103,-0.00647295
FNN,207,0.0924044,0.0861998,-0.00620461
FNN,208,0.0923376,0.0866635,-0.00567402
FNN,209,0.0924291,0.086546,-0.00588306
FNN,210,0.0923609,0.0859505,-0.00641047
FNN,211,0.0925038,0.0865003,-0.00600355
FNN,212,0.0922781,0.0863696,-0.00590857
FNN,213,0.0922081,0.0866507,-0.00555737
FNN,214,0.0922139,0.0862014,-0.00601245
FNN,215,0.0923,0.0862186,-0.00608138
FNN,216,0.0923289,0.0861077,-0.00622116
FNN,217,0.0922678,0.0861588,-0.00610898
FNN,218,0.0922294,0.0864509,-0.00577853
FNN,219,0.0920776,0.0861605,-0.00591709
FNN,220,0.0921426,0.0862416,-0.00590102
FNN,221,0.0921197,0.0867373,-0.00538234
FNN,222,0.0920602,0.0862352,-0.00582507
FNN,223,0.0920507,0.0863487,-0.00570196
FNN,224,0.0919818,0.0864642,-0.00551767
FNN,225,0.091842,0.0862672,-0.0055748
FNN,226,0.0919731,0.0861134,-0.00585978
FNN,227,0.0919672,0.0861339,-0.00583331
FNN,228,0.0920309,0.0862481,-0.00578281
FNN,229,0.091996,0.0860588,-0.00593723
FNN,230,0.0918927,0.0859355,-0.00595718
FNN,231,0.0919753,0.0856273,-0.00634804
FNN,232,0.0918581,0.0857873,-0.00607073
FNN,233,0.0918672,0.0859559,-0.00591134
FNN,234,0.0918378,0.0859188,-0.00591899
FNN,235,0.091896,0.0862393,-0.00565667
FNN,236,0.0917862,0.0863637,-0.00542247
FNN,237,0.0917475,0.086668,-0.00507943
FNN,238,0.0917238,0.0858919,-0.00583188
FNN,239,0.0917316,0.0864247,-0.00530692
FNN,240,0.0916357,0.0865061,-0.0051296
FNN,241,0.0916917,0.0857486,-0.0059431
FNN,242,0.0917499,0.0862659,-0.00548392
FNN,243,0.0914621,0.0857195,-0.00574262
FNN,244,0.0916139,0.0864374,-0.00517649
FNN,245,0.0916701,0.0862685,-0.00540158
FNN,246,0.0916855,0.0862532,-0.00543227
FNN,247,0.0915299,0.0863593,-0.00517052
FNN,248,0.0914778,0.086377,-0.00510081
FNN,249,0.091558,0.0861649,-0.00539304
FNN,250,0.0913373,0.0859509,-0.00538638
FNN,251,0.0914449,0.086445,-0.0049999
FNN,252,0.0914698,0.0863266,-0.00514322
FNN,253,0.091373,0.0857116,-0.00566148
FNN,254,0.0914923,0.0862207,-0.00527165
FNN,255,0.0914169,0.086139,-0.00527795
FNN,256,0.0914419,0.0861909,-0.00525096
FNN,257,0.0913289,0.0860244,-0.00530445
FNN,258,0.0914936,0.085728,-0.00576565
FNN,259,0.0913018,0.0857635,-0.00553823
FNN,260,0.091317,0.0861455,-0.00517153
FNN,261,0.0914395,0.086011,-0.00542843
FNN,262,0.0914105,0.0862032,-0.00520726
FNN,263,0.0912547,0.0865812,-0.00467346
FNN,264,0.0912187,0.0862588,-0.00495988
FNN,265,0.0912545,0.0862798,-0.00497477
FNN,266,0.0912552,0.0861944,-0.00506079
FNN,267,0.0911746,0.0861238,-0.00505077
FNN,268,0.0911826,0.0858436,-0.005339
FNN,269,0.0912084,0.085754,-0.0054544
FNN,270,0.0912456,0.0855607,-0.00568495
FNN,271,0.0911937,0.0862596,-0.00493413
FNN,272,0.0912241,0.0860634,-0.00516077
FNN,273,0.0910371,0.0858692,-0.00516788
FNN,274,0.09108,0.08614,-0.00493995
FNN,275,0.0911474,0.0859607,-0.0051867
FNN,276,0.0911381,0.0860172,-0.00512084
FNN,277,0.0911478,0.0859483,-0.00519947
FNN,278,0.0910711,0.0859272,-0.00514384
FNN,279,0.0909217,0.086259,-0.00466266
FNN,280,0.0911325,0.0864478,-0.00468472
FNN,281,0.0910458,0.0859916,-0.00505415
FNN,282,0.0911451,0.0857517,-0.00539338
FNN,283,0.090963,0.0860486,-0.00491444
FNN,284,0.0909816,0.0862308,-0.00475081
FNN,285,0.0910551,0.0864923,-0.00456281
FNN,286,0.0908857,0.0854414,-0.00544426
FNN,287,0.0908539,0.0861161,-0.0047378
FNN,288,0.0909646,0.0860953,-0.0048693
FNN,289,0.0909556,0.0864078,-0.00454783
FNN,290,0.0909934,0.0859198,-0.00507363
FNN,291,0.0908485,0.0860755,-0.00477295
FNN,292,0.0906582,0.0861452,-0.004513
FNN,293,0.090929,0.0857741,-0.00515492
FNN,294,0.0908749,0.0858667,-0.00500821
FNN,295,0.0908864,0.0857335,-0.00515281
FNN,296,0.0907847,0.0852938,-0.0054909
FNN,297,0.090913,0.0860968,-0.00481619
FNN,298,0.0907813,0.0857135,-0.0050678
FNN,299,0.0907908,0.0860985,-0.0046923
FNN,300,0.0906807,0.0858814,-0.00479928
FNN,301,0.0907485,0.086054,-0.00469447
FNN,302,0.0907968,0.0859203,-0.00487649
FNN,303,0.0908632,0.0858499,-0.00501333
FNN,304,0.0908181,0.0856768,-0.00514127
FNN,305,0.0907042,0.0860115,-0.00469274
FNN,306,0.090726,0.086023,-0.004703
FNN,307,0.0906674,0.0862291,-0.00443836
FNN,308,0.0906688,0.0860199,-0.0046489
FNN,309,0.0906198,0.0857843,-0.0048355
FNN,310,0.0906366,0.0861598,-0.00447683
FNN,311,0.0907159,0.0860584,-0.0046575
FNN,312,0.0907496,0.0857657,-0.00498392
FNN,313,0.090551,0.0859048,-0.00464628
FNN,314,0.0905077,0.0856181,-0.00488963
FNN,315,0.0905301,0.0859608,-0.0045693
FNN,316,0.0905648,0.0860362,-0.00452865
FNN,317,0.0904481,0.0857007,-0.00474737
FNN,318,0.0905929,0.0855936,-0.00499932
FNN,319,0.0906274,0.0860381,-0.00458936
FNN,320,0.0904996,0.0859266,-0.00457293
FNN,321,0.0903808,0.086083,-0.00429773
FNN,322,0.0905756,0.0861578,-0.00441782
FNN,323,0.0905817,0.0859732,-0.00460847
FNN,324,0.0903896,0.0856462,-0.00474339
FNN,325,0.0905251,0.0857844,-0.00474074
FNN,326,0.0905376,0.0856498,-0.00488779
FNN,327,0.0904523,0.0856472,-0.00480519
FNN,328,0.0904675,0.0856205,-0.00484696
FNN,329,0.0905481,0.0857216,-0.00482647
FNN,330,0.0904496,0.0860807,-0.0043689
FNN,331,0.0905102,0.0858063,-0.00470396
FNN,332,0.0903663,0.0857376,-0.00462872
FNN,333,0.0903911,0.0860283,-0.00436273
FNN,334,0.090341,0.0858032,-0.00453783
FNN,335,0.0903362,0.0859051,-0.00443106
FNN,336,0.0902605,0.0861243,-0.00413623
FNN,337,0.0903865,0.0858835,-0.00450301
FNN,338,0.0903998,0.0861586,-0.00424123
FNN,339,0.0902524,0.08592,-0.00433247
FNN,340,0.0902289,0.0859595,-0.00426942
FNN,341,0.0902615,0.0855565,-0.00470502
FNN,342,0.0903619,0.0858728,-0.00448908
FNN,343,0.0902262,0.0857597,-0.00446646
FNN,344,0.0902003,0.0858684,-0.00433189
FNN,345,0.0902626,0.0859328,-0.00432984
FNN,346,0.0903202,0.0861047,-0.00421548
Physics-Reg.,1,0.223181,0.121403,-0.101778
Physics-Reg.,2,0.161015,0.105481,-0.0555334
Physics-Reg.,3,0.138979,0.0985121,-0.0404671
Physics-Reg.,4,0.125901,0.0953477,-0.0305529
Physics-Reg.,5,0.117156,0.0929988,-0.0241573
Physics-Reg.,6,0.110688,0.0905306,-0.0201572
Physics-Reg.,7,0.105979,0.0892575,-0.016722
Physics-Reg.,8,0.102133,0.0880738,-0.0140596
Physics-Reg.,9,0.0992048,0.087011,-0.0121938
Physics-Reg.,10,0.0965201,0.0859322,-0.0105879
Physics-Reg.,11,0.0941859,0.0850255,-0.00916045
Physics-Reg.,12,0.092291,0.0847869,-0.00750407
Physics-Reg.,13,0.0904051,0.084453,-0.00595213
Physics-Reg.,14,0.0888643,0.0838763,-0.00498797
Physics-Reg.,15,0.0872625,0.0837689,-0.00349354
Physics-Reg.,16,0.0858407,0.0837066,-0.00213401
Physics-Reg.,17,0.0845516,0.0834817,-0.00106992
Physics-Reg.,18,0.0833925,0.082241,-0.00115147
Physics-Reg.,19,0.0821812,0.0829007,0.00071949
Physics-Reg.,20,0.0810817,0.0819244,0.00084276
Physics-Reg.,21,0.0802267,0.0820555,0.00182882
Physics-Reg.,22,0.0792837,0.0815851,0.00230142
Physics-Reg.,23,0.0784743,0.0819061,0.00343179
Physics-Reg.,24,0.0777371,0.0810286,0.00329149
Physics-Reg.,25,0.0770522,0.08082,0.00376776
Physics-Reg.,26,0.0763694,0.0807827,0.00441332
Physics-Reg.,27,0.075812,0.0807362,0.00492424
Physics-Reg.,28,0.0752597,0.0802764,0.0050167
Physics-Reg.,29,0.0746613,0.0799428,0.0052815
Physics-Reg.,30,0.0741964,0.0799955,0.00579918
Physics-Reg.,31,0.0738028,0.0794254,0.00562268
Physics-Reg.,32,0.0733963,0.079718,0.0063217
Physics-Reg.,33,0.0731119,0.0795032,0.00639131
Physics-Reg.,34,0.0727114,0.0794449,0.00673353
Physics-Reg.,35,0.0725205,0.0797353,0.00721486
Physics-Reg.,36,0.0722813,0.0796516,0.00737024
Physics-Reg.,37,0.0720029,0.0796181,0.00761519
Physics-Reg.,38,0.0717784,0.0799662,0.00818775
Physics-Reg.,39,0.071559,0.0793697,0.00781069
Physics-Reg.,40,0.0714153,0.0789465,0.00753115
Physics-Reg.,41,0.0712753,0.0790408,0.00776543
Physics-Reg.,42,0.0712173,0.079356,0.00813868
Physics-Reg.,43,0.0710911,0.079059,0.00796796
Physics-Reg.,44,0.0709662,0.079318,0.00835179
Physics-Reg.,45,0.070927,0.0796138,0.00868679
Physics-Reg.,46,0.070813,0.0804064,0.00959343
Physics-Reg.,47,0.0707886,0.0791121,0.00832353
Physics-Reg.,48,0.0707493,0.0796323,0.00888299
Physics-Reg.,49,0.070767,0.0796181,0.00885111
Physics-Reg.,50,0.070649,0.0793074,0.00865849
Physics-Reg.,51,0.0707236,0.0804625,0.00973887
Physics-Reg.,52,0.0706794,0.079233,0.00855356
Physics-Reg.,53,0.0706936,0.0799439,0.00925035
Physics-Reg.,54,0.0707684,0.0799933,0.00922489
Physics-Reg.,55,0.0707307,0.0797986,0.00906794
Physics-Reg.,56,0.070804,0.0803047,0.00950067
Physics-Reg.,57,0.0708748,0.0803631,0.00948831
Physics-Reg.,58,0.0709487,0.0798667,0.00891799
Physics-Reg.,59,0.0709333,0.0801276,0.00919434
Physics-Reg.,60,0.0710713,0.080458,0.00938671
Physics-Reg.,61,0.071258,0.080677,0.00941898
Physics-Reg.,62,0.0711682,0.0807944,0.00962615
Physics-Reg.,63,0.0713682,0.0806779,0.00930968
Physics-Reg.,64,0.0713753,0.0806301,0.00925482
Physics-Reg.,65,0.0715114,0.0807564,0.00924504
Physics-Reg.,66,0.071663,0.0813964,0.00973345
Physics-Reg.,67,0.0717701,0.0806861,0.00891597
Physics-Reg.,68,0.0718021,0.0813115,0.00950938
Physics-Reg.,69,0.0719434,0.0812419,0.00929848
Physics-Reg.,70,0.0720682,0.0815778,0.00950957
Physics-Reg.,71,0.0721699,0.0815911,0.00942113
Physics-Reg.,72,0.0723317,0.0817777,0.00944602
Physics-Reg.,73,0.0724381,0.0813076,0.00886955
Physics-Reg.,74,0.0725021,0.0811343,0.0086322
Physics-Reg.,75,0.0726745,0.0813686,0.00869406
Physics-Reg.,76,0.0725704,0.0811922,0.00862178
Physics-Reg.,77,0.0724747,0.081276,0.00880135
Physics-Reg.,78,0.0723987,0.081434,0.00903535
Physics-Reg.,79,0.0722758,0.081692,0.00941617
Physics-Reg.,80,0.0721418,0.0817662,0.00962442
Physics-Reg.,81,0.0721145,0.0815467,0.00943222
Physics-Reg.,82,0.0719934,0.0815987,0.00960532
Physics-Reg.,83,0.0718827,0.0815672,0.00968449
Physics-Reg.,84,0.0717801,0.0816781,0.00989799
Physics-Reg.,85,0.0716746,0.0819821,0.0103076
Physics-Reg.,86,0.0716534,0.0821459,0.0104925
Physics-Reg.,87,0.0715451,0.0815095,0.00996435
Physics-Reg.,88,0.0714666,0.0819186,0.010452
Physics-Reg.,89,0.0713667,0.0817675,0.0104008
Physics-Reg.,90,0.0713278,0.0820541,0.0107263
Physics-Reg.,91,0.0711898,0.081333,0.0101432
Physics-Reg.,92,0.0711869,0.0814821,0.0102953
Physics-Reg.,93,0.0710937,0.0816435,0.0105498
Physics-Reg.,94,0.0710107,0.0814209,0.0104102
Physics-Reg.,95,0.0709368,0.0819521,0.0110153
Physics-Reg.,96,0.0708821,0.0815753,0.0106932
Physics-Reg.,97,0.0707338,0.0819951,0.0112613
Physics-Reg.,98,0.0707729,0.0815911,0.0108183
Physics-Reg.,99,0.0705938,0.0815245,0.0109307
Physics-Reg.,100,0.0706096,0.0818618,0.0112522
Physics-Reg.,101,0.0705343,0.0816152,0.0110809
Physics-Reg.,102,0.070461,0.0816925,0.0112315
Physics-Reg.,103,0.0704526,0.0816252,0.0111726
Physics-Reg.,104,0.0703243,0.0812294,0.0109051
Physics-Reg.,105,0.0703069,0.0816039,0.011297
Physics-Reg.,106,0.0702675,0.0818336,0.011566
Physics-Reg.,107,0.0701756,0.0820932,0.0119176
Physics-Reg.,108,0.0701191,0.0818505,0.0117315
Physics-Reg.,109,0.0701043,0.0813729,0.0112686
Physics-Reg.,110,0.0700169,0.0821139,0.0120969
Physics-Reg.,111,0.0699863,0.0816621,0.0116758
Physics-Reg.,112,0.0698727,0.0818386,0.0119659
Physics-Reg.,113,0.069888,0.0816396,0.0117515
Physics-Reg.,114,0.0698425,0.082161,0.0123185
Physics-Reg.,115,0.0697346,0.0818639,0.0121292
Physics-Reg.,116,0.0697023,0.0816752,0.0119729
Physics-Reg.,117,0.0696739,0.0810328,0.0113589
Physics-Reg.,118,0.0696295,0.0811993,0.0115698
Physics-Reg.,119,0.0695474,0.0819012,0.0123538
Physics-Reg.,120,0.0695418,0.0818661,0.0123243
Physics-Reg.,121,0.0695064,0.0812345,0.0117281
Physics-Reg.,122,0.0694174,0.0815215,0.0121042
Physics-Reg.,123,0.0693654,0.0811147,0.0117492
Physics-Reg.,124,0.0693454,0.0815045,0.0121592
Physics-Reg.,125,0.069308,0.0812398,0.0119318
EDR,1,0.107449,0.0959286,-0.0115201
EDR,2,0.102497,0.094337,-0.00815976
EDR,3,0.101054,0.0933552,-0.0076983
EDR,4,0.100147,0.0925967,-0.00755026
EDR,5,0.0995002,0.0920382,-0.00746202
EDR,6,0.09904,0.0916253,-0.00741468
EDR,7,0.0987119,0.0912809,-0.00743097
EDR,8,0.0984169,0.0910401,-0.00737685
EDR,9,0.098145,0.0908139,-0.0073311
EDR,10,0.097882,0.090603,-0.00727898
EDR,11,0.0976376,0.0905683,-0.00706923
EDR,12,0.0973765,0.0903487,-0.00702776
EDR,13,0.0971356,0.0903719,-0.00676361
EDR,14,0.0969295,0.0903117,-0.00661775
EDR,15,0.0967303,0.0902184,-0.00651183
EDR,16,0.0965711,0.090084,-0.00648713
EDR,17,0.0963822,0.090073,-0.00630923
EDR,18,0.0961828,0.0900397,-0.00614313
EDR,19,0.096003,0.0898587,-0.00614435
EDR,20,0.0958591,0.0899243,-0.00593486
EDR,21,0.0956781,0.0897149,-0.00596324
EDR,22,0.0955064,0.0897536,-0.00575286
EDR,23,0.0953706,0.0897863,-0.00558432
EDR,24,0.0951839,0.0895215,-0.00566237
EDR,25,0.0950221,0.0894473,-0.0055748
EDR,26,0.0948499,0.089343,-0.00550688
EDR,27,0.09464,0.0893362,-0.00530385
EDR,28,0.0944866,0.0892214,-0.00526523
EDR,29,0.0943064,0.0890189,-0.00528754
EDR,30,0.094091,0.0888417,-0.0052492
EDR,31,0.093938,0.0887873,-0.00515066
EDR,32,0.0937172,0.0886995,-0.0050177
EDR,33,0.0935179,0.0885209,-0.00499707
EDR,34,0.0932986,0.088232,-0.00506661
EDR,35,0.0931106,0.0881878,-0.00492278
EDR,36,0.0928589,0.0878961,-0.00496278
EDR,37,0.0926039,0.0877236,-0.00488034
EDR,38,0.0923789,0.087628,-0.00475089
EDR,39,0.0920926,0.0873738,-0.00471882
EDR,40,0.0918841,0.0871591,-0.00472503
EDR,41,0.0916392,0.087018,-0.00462128
EDR,42,0.0913517,0.0869228,-0.00442891
EDR,43,0.091106,0.0866754,-0.00443062
EDR,44,0.0908464,0.0865353,-0.00431106
EDR,45,0.090558,0.086423,-0.00413497
EDR,46,0.0902563,0.0860299,-0.00422648
EDR,47,0.090005,0.0859042,-0.00410088
EDR,48,0.0896675,0.0857757,-0.00389176
EDR,49,0.0894125,0.0855234,-0.00388911
EDR,50,0.0891081,0.0853476,-0.00376052
EDR,51,0.0888189,0.085158,-0.00366083
EDR,52,0.0885397,0.0847444,-0.00379528
EDR,53,0.0882935,0.0845815,-0.00371202
EDR,54,0.0879374,0.0842703,-0.00366715
EDR,55,0.0876908,0.0841509,-0.00353995
EDR,56,0.0874075,0.0840516,-0.00335594
EDR,57,0.0871796,0.0840074,-0.00317221
EDR,58,0.0868713,0.0835676,-0.00330369
EDR,59,0.0866361,0.0835318,-0.00310432
EDR,60,0.0863644,0.0831138,-0.00325069
EDR,61,0.086085,0.083049,-0.00303601
EDR,62,0.0858817,0.0828406,-0.00304109
EDR,63,0.0856672,0.0826687,-0.00299847
EDR,64,0.0853822,0.0823371,-0.00304509
EDR,65,0.0851995,0.0823559,-0.00284359
EDR,66,0.0849542,0.08205,-0.00290425
EDR,67,0.0847549,0.0821692,-0.00258568
EDR,68,0.0845356,0.0817155,-0.00282015
EDR,69,0.0842778,0.0814943,-0.00278353
EDR,70,0.0841585,0.0813559,-0.00280254
EDR,71,0.0839897,0.0813161,-0.00267367
EDR,72,0.0838321,0.0811388,-0.0026933
EDR,73,0.0836443,0.0810708,-0.00257351
EDR,74,0.083475,0.0809048,-0.00257021
EDR,75,0.0832932,0.0808035,-0.00248968
EDR,76,0.0831771,0.0806973,-0.00247983
EDR,77,0.0829943,0.0805237,-0.0024706
EDR,78,0.0828744,0.0804439,-0.00243051
EDR,79,0.0826968,0.0805148,-0.00218204
EDR,80,0.0825835,0.0802698,-0.00231367
EDR,81,0.0824712,0.0802413,-0.00222994
EDR,82,0.0822881,0.0802933,-0.00199482
EDR,83,0.0822124,0.0802674,-0.00194503
EDR,84,0.0821099,0.0802245,-0.00188534
EDR,85,0.0820041,0.0799157,-0.00208843
EDR,86,0.0818578,0.080296,-0.00156172
EDR,87,0.0817645,0.0800908,-0.00167367
EDR,88,0.0816693,0.0799218,-0.00174755
EDR,89,0.0815813,0.0799991,-0.00158213
EDR,90,0.0814625,0.0800274,-0.00143508
EDR,91,0.0813945,0.0796864,-0.00170814
EDR,92,0.0812936,0.0795842,-0.0017095
EDR,93,0.0811415,0.0796206,-0.00152086
EDR,94,0.0811106,0.0796138,-0.00149679
EDR,95,0.0810862,0.0798581,-0.00122811
EDR,96,0.0809374,0.0796716,-0.00126581
EDR,97,0.0808401,0.0796643,-0.00117578
EDR,98,0.0808111,0.079679,-0.00113216
EDR,99,0.0806916,0.0795587,-0.00113289
EDR,100,0.080622,0.0794968,-0.00112527
EDR,101,0.0805454,0.0796032,-0.00094216
EDR,102,0.0804695,0.0796469,-0.00082254
EDR,103,0.0804115,0.0796042,-0.00080724
EDR,104,0.0803678,0.0795636,-0.00080415
EDR,105,0.0802555,0.0793615,-0.00089404
EDR,106,0.0802303,0.0793189,-0.0009114
EDR,107,0.0801132,0.0794917,-0.00062146
EDR,108,0.0800963,0.079401,-0.00069534
EDR,109,0.0800238,0.0792927,-0.00073117
EDR,110,0.0799172,0.0793352,-0.00058201
EDR,111,0.079884,0.079355,-0.00052896
EDR,112,0.0797679,0.079435,-0.00033291
EDR,113,0.0797281,0.0792543,-0.00047382
EDR,114,0.0796825,0.0792733,-0.00040915
EDR,115,0.0796006,0.0793139,-0.00028671
EDR,116,0.0795541,0.0791135,-0.00044056
EDR,117,0.0795397,0.0791788,-0.00036089
EDR,118,0.0795223,0.0792036,-0.00031869
EDR,119,0.0794442,0.0791298,-0.00031442
EDR,120,0.0792878,0.0790629,-0.00022489
EDR,121,0.0793656,0.0790181,-0.00034754
EDR,122,0.0792653,0.0790322,-0.00023306
EDR,123,0.0793257,0.0790871,-0.00023862
EDR,124,0.0792453,0.0792125,-3.28e-05
EDR,125,0.0791706,0.0790995,-7.11e-05
EDR,126,0.0791281,0.0792026,7.45e-05
EDR,127,0.079033,0.0792806,0.00024767
EDR,128,0.0789763,0.0791215,0.00014521
EDR,129,0.0789741,0.0791735,0.0001994
EDR,130,0.0789554,0.0791863,0.00023086
EDR,131,0.0788775,0.0792813,0.00040383
EDR,132,0.0789172,0.0790495,0.00013228
EDR,133,0.0788652,0.0790111,0.00014588
EDR,134,0.0787393,0.0790442,0.00030492
EDR,135,0.0787517,0.078992,0.00024036
EDR,136,0.0786744,0.0790391,0.00036473
EDR,137,0.078663,0.0790694,0.00040638
EDR,138,0.0785813,0.079342,0.00076073
EDR,139,0.0786436,0.0792481,0.00060457
EDR,140,0.0785599,0.0790706,0.00051068
EDR,141,0.0785996,0.0791757,0.00057618
EDR,142,0.0785462,0.0790754,0.00052914
EDR,143,0.0785083,0.0789806,0.00047229
EDR,144,0.0784066,0.0792002,0.00079356
EDR,145,0.0783474,0.0791416,0.00079426
EDR,146,0.0784084,0.0791924,0.00078399
EDR,147,0.0783244,0.0791335,0.00080911
EDR,148,0.0782848,0.0791171,0.00083235
EDR,149,0.0782286,0.0790248,0.00079624
EDR,150,0.0782698,0.0789563,0.00068658
EDR,151,0.0782389,0.0790008,0.00076192
EDR,152,0.0781671,0.0791472,0.0009801
EDR,153,0.0781852,0.0791327,0.00094756
EDR,154,0.0782029,0.0791921,0.00098919
EDR,155,0.0780801,0.0789644,0.00088431
EDR,156,0.0781489,0.0789748,0.00082586
EDR,157,0.0781474,0.0790347,0.0008873
EDR,158,0.0780001,0.0793183,0.00131813
EDR,159,0.0780551,0.0792321,0.00117702
EDR,160,0.0779992,0.0790446,0.00104541
EDR,161,0.0780639,0.0791818,0.00111789
EDR,162,0.0779703,0.0790113,0.00104098
EDR,163,0.0778481,0.0788829,0.00103485
EDR,164,0.0778355,0.0788844,0.00104884
EDR,165,0.0778655,0.0788848,0.0010193
EDR,166,0.0778258,0.078902,0.00107621
EDR,167,0.0777858,0.0790596,0.00127377
EDR,168,0.0778241,0.0791208,0.00129668
EDR,169,0.077691,0.0790506,0.00135956
EDR,170,0.0777549,0.0790856,0.00133072
EDR,171,0.0777313,0.0790339,0.00130256
EDR,172,0.0776804,0.0789803,0.00129984
EDR,173,0.0777394,0.079052,0.00131264
EDR,174,0.0776771,0.0790252,0.00134806
EDR,175,0.0776299,0.0788648,0.0012349
EDR,176,0.0776282,0.0788868,0.0012586
EDR,177,0.0776075,0.0790002,0.00139269
EDR,178,0.0775417,0.0790457,0.00150404
EDR,179,0.0775302,0.0789765,0.0014463
EDR,180,0.0775343,0.0789482,0.00141388
EDR,181,0.0774898,0.079189,0.00169917
EDR,182,0.0774337,0.0789601,0.00152639
EDR,183,0.0775226,0.078808,0.00128532
EDR,184,0.0774971,0.0788412,0.00134412
EDR,185,0.0773388,0.078861,0.00152218
EDR,186,0.077463,0.0790495,0.00158649
EDR,187,0.0774234,0.0789552,0.00153181
EDR,188,0.0773093,0.0790135,0.0017042
EDR,189,0.0773096,0.0789674,0.00165779
EDR,190,0.0773496,0.0787223,0.00137265
EDR,191,0.077248,0.078712,0.00146404
EDR,192,0.0773131,0.0788267,0.00151357
EDR,193,0.0772478,0.0789449,0.0016971
EDR,194,0.0771939,0.0789206,0.00172668
EDR,195,0.077224,0.0786714,0.00144739
EDR,196,0.0771786,0.0788824,0.00170378
EDR,197,0.0772305,0.0791039,0.00187341
EDR,198,0.077191,0.0788854,0.00169447
EDR,199,0.0771683,0.0790605,0.00189224
EDR,200,0.0771458,0.078875,0.00172919
EDR,201,0.0772143,0.0788909,0.00167654
EDR,202,0.077163,0.0788709,0.00170792
EDR,203,0.0771905,0.0789346,0.00174409
EDR,204,0.0770947,0.0788217,0.00172695
EDR,205,0.0771164,0.0791585,0.00204214
EDR,206,0.0770143,0.0789925,0.00197816
EDR,207,0.0770251,0.0789039,0.00187877
EDR,208,0.0770881,0.0787254,0.00163731
EDR,209,0.077071,0.0786651,0.00159408
EDR,210,0.0770105,0.0786775,0.00166705
EDR,211,0.0769771,0.0789343,0.0019572
EDR,212,0.0769747,0.0789049,0.00193014
EDR,213,0.0770062,0.0787758,0.00176967
EDR,214,0.0769276,0.078847,0.00191942
EDR,215,0.0769221,0.0787363,0.00181417
EDR,216,0.0769459,0.0789071,0.00196124
EDR,217,0.0768627,0.0789636,0.00210086
EDR,218,0.0770249,0.0790169,0.00199203
EDR,219,0.0768419,0.0786931,0.00185117
EDR,220,0.0767885,0.0787973,0.00200871
EDR,221,0.0768518,0.0789966,0.00214485
EDR,222,0.0768444,0.0790417,0.00219721
EDR,223,0.076832,0.0789012,0.00206915
EDR,224,0.0768131,0.07896,0.00214694
EDR,225,0.0768213,0.0785968,0.00177556
EDR,226,0.0768148,0.0787381,0.00192334
EDR,227,0.0767724,0.078903,0.00213062
EDR,228,0.0767572,0.0790388,0.00228159
EDR,229,0.076699,0.078924,0.00222506
EDR,230,0.0768015,0.0787038,0.00190228
EDR,231,0.0766926,0.0789436,0.002251
EDR,232,0.0767754,0.0789784,0.00220303
EDR,233,0.0767244,0.0790727,0.00234826
EDR,234,0.0766671,0.0790299,0.00236273
EDR,235,0.076676,0.07895,0.00227399
EDR,236,0.0766212,0.0791236,0.00250239
EDR,237,0.0766447,0.0791756,0.00253089
EDR,238,0.0767228,0.0787381,0.0020153
EDR,239,0.0766252,0.0789677,0.00234249
EDR,240,0.0766632,0.078958,0.00229487
EDR,241,0.0765198,0.0788466,0.00232675
EDR,242,0.076624,0.0790917,0.00246768
EDR,243,0.0766289,0.0790783,0.00244939
EDR,244,0.0765758,0.0787644,0.00218858
EDR,245,0.0765456,0.078802,0.00225637
EDR,246,0.0765352,0.0787395,0.00220429
EDR,247,0.0765726,0.0787962,0.0022236
EDR,248,0.0765456,0.0789331,0.00238742
EDR,249,0.0765466,0.0789976,0.00245098
EDR,250,0.0765577,0.0788953,0.00233758
EDR,251,0.0765132,0.0786672,0.002154
EDR,252,0.0765002,0.0785328,0.00203259
EDR,253,0.0764363,0.0789458,0.00250955
EDR,254,0.0765162,0.078762,0.00224585
EDR,255,0.0765129,0.0787902,0.00227731
EDR,256,0.0764506,0.0788605,0.00240991
EDR,257,0.0764109,0.078858,0.00244707
EDR,258,0.0764464,0.0789415,0.00249517
EDR,259,0.0763905,0.0790749,0.00268445
EDR,260,0.0763945,0.0789578,0.00256333
EDR,261,0.0763516,0.0789211,0.00256949
EDR,262,0.0763791,0.0789825,0.00260341
EDR,263,0.0763276,0.0790741,0.00274657
EDR,264,0.0763343,0.0788528,0.00251845
EDR,265,0.0763524,0.0789551,0.00260263
EDR,266,0.0763264,0.0790018,0.00267544
EDR,267,0.0763371,0.078933,0.00259597
EDR,268,0.0763441,0.0789384,0.00259421
EDR,269,0.076324,0.0787592,0.0024352
EDR,270,0.076303,0.0791572,0.0028542
EDR,271,0.0763672,0.0789659,0.00259866
EDR,272,0.0762926,0.0790785,0.00278593
EDR,273,0.0762851,0.0790511,0.00276603
EDR,274,0.0762391,0.0791311,0.00289202
EDR,275,0.0762037,0.0788981,0.0026944
EDR,276,0.0763219,0.0791575,0.00283559
EDR,277,0.0762747,0.0790739,0.00279924
EDR,278,0.0761816,0.0790909,0.00290933
EDR,279,0.0762176,0.0792722,0.00305454
EDR,280,0.076244,0.0790035,0.00275942
EDR,281,0.0761712,0.0791997,0.0030285
EDR,282,0.0761747,0.0789586,0.00278392
EDR,283,0.0761877,0.0790524,0.00286462
EDR,284,0.0762057,0.0791435,0.00293771
EDR,285,0.0761214,0.0788232,0.00270171
EDR,286,0.0760883,0.0790117,0.0029234
EDR,287,0.076038,0.0792484,0.00321042
EDR,288,0.076039,0.0791256,0.00308661
EDR,289,0.0761142,0.0790152,0.00290105
EDR,290,0.076046,0.0791535,0.00310748
EDR,291,0.0760968,0.0793147,0.00321793
EDR,292,0.076061,0.0792013,0.00314036
EDR,293,0.0760819,0.0792335,0.00315159
EDR,294,0.0760088,0.0791697,0.0031609
EDR,295,0.0759778,0.0791373,0.00315953
EDR,296,0.0760567,0.0791768,0.00312015
EDR,297,0.0759899,0.0790737,0.00308379
EDR,298,0.0760299,0.0790249,0.002995
EDR,299,0.0759782,0.0791226,0.00314438
EDR,300,0.0759376,0.079058,0.00312044
EDR,301,0.0759985,0.0792147,0.00321619
EDR,302,0.0759883,0.0793236,0.00333528
EDR,303,0.0760136,0.0793842,0.00337062
EDR,304,0.0759548,0.0791354,0.00318064
EDR,305,0.0758971,0.0793656,0.00346853
EDR,306,0.0758608,0.0790278,0.00316699
EDR,307,0.0759114,0.0792664,0.00335502
EDR,308,0.0758138,0.0793189,0.00350518
EDR,309,0.0758916,0.079193,0.00330143
EDR,310,0.0758638,0.0792321,0.0033683
EDR,311,0.0758885,0.079325,0.00343653
EDR,312,0.0758594,0.0791702,0.0033108
EDR,313,0.0758469,0.0793467,0.00349981
EDR,314,0.0757862,0.0792054,0.00341921
EDR,315,0.0758518,0.079129,0.0032771
EDR,316,0.0758039,0.07943,0.00362607
EDR,317,0.0757297,0.0791298,0.00340008
EDR,318,0.0757841,0.0793161,0.00353196
EDR,319,0.0758031,0.0792852,0.00348204
EDR,320,0.0758056,0.0790867,0.00328112
EDR,321,0.0757111,0.0793681,0.00365701
EDR,322,0.0757791,0.0792585,0.00347939
EDR,323,0.0758322,0.0792609,0.00342869
EDR,324,0.0757726,0.0793574,0.00358478
EDR,325,0.0756941,0.079208,0.00351396
EDR,326,0.075734,0.0791639,0.00342984
EDR,327,0.0756503,0.0793436,0.00369323
EDR,328,0.0757394,0.0791163,0.00337691
EDR,329,0.0757677,0.0793078,0.00354011
EDR,330,0.0757397,0.0790755,0.00333571
EDR,331,0.0757266,0.0791926,0.003466
EDR,332,0.0756605,0.0792926,0.00363203
EDR,333,0.0757019,0.0790806,0.00337868
EDR,334,0.0756267,0.0793776,0.00375093
EDR,335,0.0756208,0.0792354,0.00361465
EDR,336,0.0757178,0.0790857,0.00336784
EDR,337,0.0756967,0.0792017,0.00350494
EDR,338,0.0756447,0.0793654,0.00372074
EDR,339,0.07561,0.0791855,0.00357544
EDR,340,0.0756378,0.0793123,0.00367449
EDR,341,0.075722,0.0791286,0.00340661
EDR,342,0.0757083,0.0794383,0.00373004
EDR,343,0.0756339,0.0791547,0.00352079
EDR,344,0.0755868,0.0791538,0.00356697
EDR,345,0.075667,0.0791964,0.00352946
EDR,346,0.0755761,0.0791016,0.00352553
EDR,347,0.0755963,0.0791617,0.00356541
EDR,348,0.0756348,0.0791217,0.00348686
EDR,349,0.0756118,0.0791445,0.00353277
EDR,350,0.0755549,0.0793443,0.00378946
EDR,351,0.0755324,0.0791887,0.00365634
EDR,352,0.0755414,0.0791957,0.00365436
EDR,353,0.0755484,0.0792267,0.00367835
EDR,354,0.0755638,0.0793888,0.00382498
EDR,355,0.0755612,0.0793061,0.00374487
EDR,356,0.0755373,0.0791535,0.00361613
EDR,357,0.0754914,0.0794309,0.0039395
EDR,358,0.0754564,0.0794189,0.00396251
EDR,359,0.0755103,0.079298,0.00378765
EDR,360,0.0755023,0.0795739,0.00407161
EDR,361,0.0755159,0.0791329,0.00361693
EDR,362,0.0754368,0.0792204,0.00378359
EDR,363,0.0755136,0.0790432,0.00352964
EDR,364,0.0754757,0.0791044,0.00362873
EDR,365,0.0754561,0.0789757,0.0035196
EDR,366,0.0754961,0.0791848,0.00368874
EDR,367,0.0754006,0.0793799,0.00397927
EDR,368,0.0754273,0.0791686,0.00374134
EDR,369,0.0754377,0.0793513,0.00391358
EDR,370,0.0754915,0.0790214,0.00352996
EDR,371,0.0754539,0.0790366,0.00358265
EDR,372,0.0754257,0.0792003,0.0037746
EDR,373,0.0754848,0.079082,0.00359724
EDR,374,0.0753897,0.0792347,0.00384503
EDR,375,0.0753945,0.0793208,0.00392627
EDR,376,0.0754808,0.0792131,0.00373228
EDR,377,0.0753918,0.0793962,0.0040044
EDR,378,0.0754294,0.0789988,0.0035694
EDR,379,0.0754159,0.0794181,0.00400226
EDR,380,0.0754387,0.0790014,0.00356274
EDR,381,0.0753805,0.0791551,0.0037746
EDR,382,0.075349,0.0791343,0.00378533
EDR,383,0.0754099,0.0790664,0.00365654
EDR,384,0.075449,0.0791139,0.00366489
EDR,385,0.0753695,0.0792894,0.00391989
EDR,386,0.0752517,0.0792912,0.00403944
EDR,387,0.0753054,0.0793123,0.00400688
EDR,388,0.0753049,0.0793226,0.00401771
EDR,389,0.0752812,0.0790874,0.00380627
EDR,390,0.075209,0.0794839,0.00427488
EDR,391,0.075237,0.0792693,0.00403228
EDR,392,0.0753375,0.0793922,0.00405465
EDR,393,0.0753086,0.0794294,0.0041208
EDR,394,0.0753557,0.0791157,0.00375994
EDR,395,0.0752938,0.0790764,0.00378256
EDR,396,0.0753141,0.0795028,0.00418862
EDR,397,0.0752429,0.0792599,0.00401707
EDR,398,0.0753322,0.0794005,0.0040683
EDR,399,0.0752673,0.0791055,0.00383817
EDR,400,0.0753183,0.0794281,0.00410979
EDR,401,0.0752904,0.0793458,0.00405548
EDR,402,0.0752747,0.0792598,0.00398515
