epoch,train_loss,val_loss,train_rmse,val_rmse,mean_abs_delta_g,mean_frob_delta_M,mean_abs_delta_C_qd,mean_abs_delta_tau_f
1,0.14476175,0.13033019,0.37950147,0.08408630,7.17512682e-02,5.58064524e-04,1.80146822e-04,3.53999896e-02
2,0.14026504,0.12988843,0.37318734,0.08391371,8.81082631e-02,5.58344107e-04,1.79999880e-04,3.91449779e-02
3,0.13851264,0.12944940,0.37071742,0.08373206,9.24680389e-02,5.58446294e-04,1.79953325e-04,3.94782831e-02
4,0.13725769,0.12973003,0.36894907,0.08383280,9.51774552e-02,5.58910720e-04,1.80351764e-04,3.94778533e-02
5,0.13614996,0.12997364,0.36737428,0.08394884,9.82447267e-02,5.58121929e-04,1.80544957e-04,3.95656600e-02
6,0.13513474,0.12958971,0.36592518,0.08375027,1.00458048e-01,5.58837856e-04,1.80406734e-04,3.93846144e-02
7,0.13454288,0.13024322,0.36508333,0.08393149,1.01548467e-01,5.58754239e-04,1.80602674e-04,3.92941850e-02
8,0.12733249,0.11574154,0.35443428,0.07991023,1.02749197e-01,6.84923085e-02,3.65040936e-02,3.15951615e-02
9,0.12311885,0.11278422,0.34803043,0.07899659,1.05359511e-01,7.94444879e-02,5.35345999e-02,2.51151601e-02
10,0.12139014,0.11150092,0.34537659,0.07859127,1.06153584e-01,8.10559363e-02,5.89766113e-02,2.32792247e-02
11,0.12034310,0.11045363,0.34374882,0.07836153,1.07002316e-01,8.20465262e-02,6.14791263e-02,2.26821818e-02
12,0.11973316,0.10980074,0.34280437,0.07820846,1.07158711e-01,8.27083881e-02,6.31228772e-02,2.21865668e-02
13,0.11932715,0.10940704,0.34216357,0.07809209,1.07531585e-01,8.29903299e-02,6.40794743e-02,2.20182694e-02
14,0.11913005,0.10928899,0.34186024,0.07804722,1.07600969e-01,8.33010419e-02,6.44454808e-02,2.19159999e-02
15,0.11904236,0.10927616,0.34173191,0.07805446,1.07554193e-01,8.28753643e-02,6.46843265e-02,2.19241602e-02
16,0.11807893,0.10697907,0.34019246,0.07753585,1.08427896e-01,8.49094165e-02,6.66230958e-02,2.14601503e-02
17,0.11638238,0.10551615,0.33752667,0.07723108,1.09681774e-01,8.60251422e-02,6.92135435e-02,2.09981410e-02
18,0.11499717,0.10460861,0.33533225,0.07697006,1.11135972e-01,8.73078524e-02,7.09046234e-02,2.11868536e-02
19,0.11418584,0.10468702,0.33404592,0.07714253,1.11779972e-01,8.76391795e-02,7.19288748e-02,2.20315506e-02
20,0.11331970,0.10428130,0.33266142,0.07693553,1.12743705e-01,8.80468159e-02,7.30237699e-02,2.28131659e-02
21,0.11264660,0.10375866,0.33159198,0.07665567,1.13481360e-01,8.81925132e-02,7.36557360e-02,2.35894599e-02
22,0.11210970,0.10339194,0.33073260,0.07687533,1.13626155e-01,8.91729264e-02,7.44747322e-02,2.41423893e-02
23,0.11163618,0.10339941,0.32998009,0.07664647,1.14242457e-01,8.89881678e-02,7.47910914e-02,2.46825499e-02
24,0.11134548,0.10361389,0.32951585,0.07678492,1.14338592e-01,8.90123771e-02,7.50769238e-02,2.49860267e-02
25,0.11108925,0.10339026,0.32910931,0.07660000,1.14749324e-01,8.93996929e-02,7.52871731e-02,2.52398393e-02
26,0.11085125,0.10340955,0.32870154,0.07666271,1.15336079e-01,9.00755578e-02,7.56239404e-02,2.55373348e-02
27,0.11082631,0.10340133,0.32868626,0.07668923,1.14790410e-01,8.99806541e-02,7.55607802e-02,2.54932701e-02
28,0.11065473,0.10335309,0.32841383,0.07660540,1.14856796e-01,8.96309686e-02,7.58940751e-02,2.55655390e-02
29,0.11062856,0.10329500,0.32836939,0.07660415,1.15067921e-01,8.96208582e-02,7.57859811e-02,2.56330087e-02
30,0.11055963,0.10330573,0.32825399,0.07661534,1.14994531e-01,8.95361096e-02,7.59992281e-02,2.56322169e-02
31,0.11051313,0.10328246,0.32813866,0.07645114,1.15597301e-01,9.13271325e-02,7.61477329e-02,2.57283407e-02
32,0.11012183,0.10278271,0.32750949,0.07645256,1.15907912e-01,9.11014031e-02,7.67385860e-02,2.60896398e-02
33,0.10978317,0.10268216,0.32696371,0.07625207,1.16277995e-01,9.21151910e-02,7.68523604e-02,2.63065028e-02
34,0.10941336,0.10225003,0.32634948,0.07619208,1.16848929e-01,9.24675407e-02,7.74026157e-02,2.63850691e-02
35,0.10888922,0.10314342,0.32550851,0.07624443,1.17321803e-01,9.27946921e-02,7.76022776e-02,2.66639699e-02
36,0.10870311,0.10257542,0.32520443,0.07610706,1.17685442e-01,9.29023424e-02,7.77433848e-02,2.66914276e-02
37,0.10831224,0.10243773,0.32457172,0.07617486,1.18042275e-01,9.34694185e-02,7.80115211e-02,2.67682002e-02
38,0.10817600,0.10216272,0.32434752,0.07609564,1.17979805e-01,9.41057062e-02,7.81604265e-02,2.67920594e-02
39,0.10793894,0.10211647,0.32395250,0.07598231,1.18579620e-01,9.44052372e-02,7.81970752e-02,2.70196347e-02
40,0.10791803,0.10183616,0.32391907,0.07591361,1.18436731e-01,9.45355121e-02,7.83166332e-02,2.69112653e-02
41,0.10761033,0.10187021,0.32342566,0.07597865,1.18713979e-01,9.47529876e-02,7.84550948e-02,2.68591857e-02
42,0.10768531,0.10165225,0.32354495,0.07584363,1.18850497e-01,9.41426795e-02,7.84563082e-02,2.69327345e-02
43,0.10752417,0.10172107,0.32329168,0.07583898,1.18524860e-01,9.49808833e-02,7.85109540e-02,2.69076612e-02
44,0.10750229,0.10174544,0.32325669,0.07586956,1.18673549e-01,9.46496789e-02,7.85278192e-02,2.68470536e-02
45,0.10745756,0.10171152,0.32317993,0.07585126,1.18879879e-01,9.46850179e-02,7.85059471e-02,2.68248109e-02
46,0.10756079,0.10160270,0.32332130,0.07589440,1.18764379e-01,9.58077346e-02,7.86149643e-02,2.70580599e-02
47,0.10734345,0.10133404,0.32295315,0.07569442,1.19286132e-01,9.62705103e-02,7.87205177e-02,2.71171953e-02
48,0.10707484,0.10139157,0.32251464,0.07579090,1.19269401e-01,9.68369778e-02,7.88862913e-02,2.73245282e-02
49,0.10688077,0.10151035,0.32220697,0.07573610,1.19392801e-01,9.67963510e-02,7.91169529e-02,2.74629073e-02
50,0.10656927,0.10171992,0.32167322,0.07583173,1.19720818e-01,9.81789373e-02,7.91997545e-02,2.76855681e-02
51,0.10638887,0.10104881,0.32138179,0.07572566,1.20068358e-01,9.81706387e-02,7.92874321e-02,2.75410293e-02
52,0.10604524,0.10108904,0.32081391,0.07564340,1.20395756e-01,9.87570101e-02,7.94977581e-02,2.78464191e-02
53,0.10582853,0.10147807,0.32047761,0.07565054,1.20223227e-01,9.90250715e-02,7.93397090e-02,2.78526928e-02
54,0.10568182,0.10112176,0.32023536,0.07573990,1.20508102e-01,9.82797768e-02,7.96316537e-02,2.80411707e-02
55,0.10572846,0.10066348,0.32030516,0.07544182,1.20455616e-01,9.88897205e-02,7.95303066e-02,2.80703052e-02
56,0.10552329,0.10086929,0.31997001,0.07553430,1.20747919e-01,9.91465629e-02,7.96560325e-02,2.79450440e-02
57,0.10549619,0.10080926,0.31992820,0.07553712,1.20675442e-01,9.95337352e-02,7.95995590e-02,2.79367095e-02
58,0.10550207,0.10089450,0.31994113,0.07556663,1.20691994e-01,9.91473106e-02,7.94740135e-02,2.79918874e-02
59,0.10546208,0.10081974,0.31987680,0.07553096,1.20828793e-01,9.89572509e-02,7.94596001e-02,2.78743996e-02
60,0.10544132,0.10085325,0.31985705,0.07556584,1.20618068e-01,9.86292185e-02,7.96079928e-02,2.79704575e-02
61,0.10555724,0.10079543,0.31999733,0.07552957,1.20554566e-01,1.00558378e-01,7.95960675e-02,2.80050589e-02
62,0.10531107,0.10047715,0.31959188,0.07542500,1.21014544e-01,1.00626145e-01,7.95596311e-02,2.81117882e-02
63,0.10512312,0.10133161,0.31928515,0.07566227,1.21207155e-01,1.00618204e-01,7.98381939e-02,2.79194378e-02
64,0.10497661,0.10111285,0.31905083,0.07566600,1.21000035e-01,1.01090899e-01,7.98516503e-02,2.79902604e-02
65,0.10482813,0.10067314,0.31879841,0.07558626,1.21292535e-01,1.01419089e-01,7.97134689e-02,2.80449364e-02
66,0.10460827,0.10129941,0.31842342,0.07576013,1.21648981e-01,1.01998241e-01,7.99978247e-02,2.78401919e-02
67,0.10447174,0.10076694,0.31820420,0.07568613,1.21729039e-01,1.01919441e-01,7.99378067e-02,2.80760209e-02
68,0.10431487,0.10046145,0.31794343,0.07538583,1.21789873e-01,1.01593458e-01,8.01412511e-02,2.81714240e-02
69,0.10415572,0.10062646,0.31768844,0.07553445,1.21792084e-01,1.02336841e-01,8.01311075e-02,2.79642168e-02
70,0.10414451,0.10078201,0.31766933,0.07562429,1.22144907e-01,1.01282085e-01,8.03150774e-02,2.80767884e-02
71,0.10409775,0.10075849,0.31760244,0.07563817,1.21784926e-01,1.01596249e-01,8.02960237e-02,2.80696497e-02
72,0.10404398,0.10048275,0.31750944,0.07550250,1.21878902e-01,1.02069810e-01,8.02091122e-02,2.79273224e-02
73,0.10404088,0.10052643,0.31751830,0.07552251,1.21919363e-01,1.01306892e-01,8.02154187e-02,2.80497257e-02
74,0.10393761,0.10046564,0.31734115,0.07550805,1.22092194e-01,1.01657980e-01,8.02115103e-02,2.80370771e-02
75,0.10393160,0.10044832,0.31733560,0.07550659,1.21964350e-01,1.01544192e-01,8.03621522e-02,2.79959788e-02
76,0.10417788,0.10029557,0.31769942,0.07541284,1.21782804e-01,1.03301072e-01,8.01526594e-02,2.80098925e-02
77,0.10403947,0.10064844,0.31747565,0.07555438,1.22213195e-01,1.02727624e-01,8.04391039e-02,2.80935550e-02
78,0.10387026,0.10087910,0.31718456,0.07575618,1.22180558e-01,1.03235603e-01,8.04510025e-02,2.79298912e-02
79,0.10366176,0.10028225,0.31683736,0.07558082,1.22633013e-01,1.03480805e-01,8.04651267e-02,2.79915087e-02
80,0.10347704,0.10039088,0.31654349,0.07555057,1.22636769e-01,1.03343700e-01,8.04970134e-02,2.80531407e-02
81,0.10345842,0.10010594,0.31650622,0.07524480,1.22455768e-01,1.03608852e-01,8.06871201e-02,2.79783154e-02
82,0.10336098,0.09969713,0.31635235,0.07535203,1.22551160e-01,1.03690096e-01,8.06468073e-02,2.79832948e-02
83,0.10318618,0.10003028,0.31606817,0.07540053,1.22760508e-01,1.03722326e-01,8.05522603e-02,2.80734554e-02
84,0.10303960,0.10038606,0.31582381,0.07553691,1.22925251e-01,1.03642458e-01,8.05733001e-02,2.80854834e-02
85,0.10307699,0.09999603,0.31587988,0.07541643,1.22925500e-01,1.03728636e-01,8.06179057e-02,2.80416193e-02
86,0.10289967,0.10024856,0.31559562,0.07548347,1.22970694e-01,1.03698163e-01,8.07169262e-02,2.81402093e-02
87,0.10288594,0.09989294,0.31556513,0.07541893,1.23094077e-01,1.03789915e-01,8.08137902e-02,2.79990310e-02
88,0.10280623,0.10016158,0.31546621,0.07545745,1.22769919e-01,1.03328841e-01,8.06891553e-02,2.79982971e-02
89,0.10282753,0.10010077,0.31548037,0.07541928,1.23120962e-01,1.03285734e-01,8.06260189e-02,2.80062066e-02
90,0.10282085,0.10010629,0.31546262,0.07542457,1.23112666e-01,1.03773682e-01,8.06867820e-02,2.79487410e-02
91,0.10305331,0.09973203,0.31581395,0.07539744,1.23157148e-01,1.04599585e-01,8.06869830e-02,2.80746411e-02
92,0.10283050,0.10040707,0.31546164,0.07537330,1.22959248e-01,1.04562568e-01,8.06761467e-02,2.81587643e-02
93,0.10286208,0.10029596,0.31550583,0.07551155,1.23148621e-01,1.04633043e-01,8.06010898e-02,2.82615024e-02
94,0.10270633,0.10019317,0.31524777,0.07555872,1.23222648e-01,1.05158424e-01,8.06975394e-02,2.80743228e-02
95,0.10258838,0.09969934,0.31506021,0.07532694,1.23331068e-01,1.04476091e-01,8.07437950e-02,2.82266581e-02
96,0.10240269,0.09952991,0.31474640,0.07528824,1.23292517e-01,1.04852775e-01,8.06542208e-02,2.84537000e-02
97,0.10230411,0.10019567,0.31457329,0.07545927,1.23627540e-01,1.05321622e-01,8.07220778e-02,2.81217848e-02
98,0.10219260,0.10033786,0.31440996,0.07554094,1.23620154e-01,1.04576916e-01,8.06828468e-02,2.83581931e-02
99,0.10203187,0.10008407,0.31412958,0.07544410,1.23977939e-01,1.04892335e-01,8.07266766e-02,2.83751363e-02
100,0.10207050,0.09974839,0.31420381,0.07534944,1.23678795e-01,1.04718898e-01,8.08473364e-02,2.81721776e-02
101,0.10197992,0.09966829,0.31405627,0.07528352,1.23681561e-01,1.04930520e-01,8.07633927e-02,2.82851069e-02
102,0.10197226,0.09994586,0.31403963,0.07531570,1.23768651e-01,1.04999608e-01,8.07466745e-02,2.84225206e-02
103,0.10181843,0.09973090,0.31379427,0.07531417,1.23940348e-01,1.04840923e-01,8.07329012e-02,2.83143336e-02
104,0.10176570,0.09980988,0.31370088,0.07535197,1.24102882e-01,1.05034583e-01,8.07937427e-02,2.82040803e-02
105,0.10182270,0.09981100,0.31379549,0.07535914,1.24012542e-01,1.04640440e-01,8.09114497e-02,2.81961974e-02
106,0.10194643,0.10008673,0.31396125,0.07564859,1.23943314e-01,1.06299834e-01,8.07944843e-02,2.83982373e-02
107,0.10196149,0.10043231,0.31397794,0.07573909,1.23965338e-01,1.06515963e-01,8.08607015e-02,2.83619605e-02
108,0.10174446,0.09917413,0.31363484,0.07525707,1.23998429e-01,1.06419120e-01,8.07522983e-02,2.82973167e-02
109,0.10170106,0.09955589,0.31354522,0.07537581,1.24205448e-01,1.06624382e-01,8.08439331e-02,2.85348884e-02
110,0.10149510,0.09971861,0.31321491,0.07540242,1.24511625e-01,1.06559469e-01,8.06971209e-02,2.84604005e-02
111,0.10149226,0.09890253,0.31320247,0.07511047,1.24342921e-01,1.06942085e-01,8.09216641e-02,2.84499633e-02
112,0.10146716,0.09963704,0.31318052,0.07540197,1.24227103e-01,1.05989484e-01,8.07485981e-02,2.83899198e-02
113,0.10130544,0.09973579,0.31289886,0.07549036,1.24439849e-01,1.06694231e-01,8.08485544e-02,2.84552127e-02
114,0.10108203,0.09944319,0.31253340,0.07535352,1.24649009e-01,1.06733586e-01,8.08080899e-02,2.85472590e-02
115,0.10111596,0.09924135,0.31259435,0.07528031,1.24585542e-01,1.06437957e-01,8.08006683e-02,2.85558264e-02
116,0.10105173,0.09949558,0.31249018,0.07532243,1.24548305e-01,1.06758201e-01,8.08149107e-02,2.85403626e-02
117,0.10102357,0.09949922,0.31244295,0.07526170,1.24681006e-01,1.06256295e-01,8.07182181e-02,2.84680522e-02
118,0.10086517,0.09946425,0.31219394,0.07530885,1.24684949e-01,1.06061703e-01,8.08426214e-02,2.84458072e-02
119,0.10084551,0.09946564,0.31215943,0.07532762,1.24683364e-01,1.06069120e-01,8.08460002e-02,2.84600314e-02
120,0.10094715,0.09942760,0.31231667,0.07529857,1.24792045e-01,1.06247963e-01,8.08136280e-02,2.85065860e-02
121,0.10116666,0.09923612,0.31264751,0.07533437,1.24692620e-01,1.07155073e-01,8.08897147e-02,2.85879929e-02
122,0.10093863,0.09958114,0.31227080,0.07537696,1.24878668e-01,1.07542862e-01,8.09287631e-02,2.85603909e-02
123,0.10095142,0.09964855,0.31229538,0.07550348,1.24844733e-01,1.07236675e-01,8.07875842e-02,2.87159735e-02
124,0.10077690,0.10042454,0.31201110,0.07566057,1.24951061e-01,1.07411344e-01,8.07432092e-02,2.85405558e-02
125,0.10073026,0.09978154,0.31193030,0.07538216,1.25008200e-01,1.07445196e-01,8.07119831e-02,2.86179691e-02
126,0.10067562,0.09984835,0.31183019,0.07542623,1.25106353e-01,1.07757968e-01,8.07611425e-02,2.86077250e-02
127,0.10047246,0.09954848,0.31149715,0.07548378,1.25125842e-01,1.07818592e-01,8.07707818e-02,2.86070145e-02
128,0.10034335,0.09956817,0.31129052,0.07534194,1.25139704e-01,1.07310824e-01,8.08671001e-02,2.87962563e-02
129,0.10045285,0.09952374,0.31147042,0.07538106,1.25286611e-01,1.07727737e-01,8.06718771e-02,2.87481594e-02
130,0.10036022,0.09919056,0.31133745,0.07530334,1.25047050e-01,1.06573449e-01,8.07549545e-02,2.87458431e-02
131,0.10020696,0.09977643,0.31108216,0.07541227,1.25218093e-01,1.07287503e-01,8.07374510e-02,2.86951237e-02
132,0.10015483,0.09947449,0.31098039,0.07530713,1.25451858e-01,1.07451967e-01,8.06653390e-02,2.86290991e-02
133,0.10006421,0.09937826,0.31084081,0.07530155,1.25401508e-01,1.07134213e-01,8.07103984e-02,2.86952363e-02
134,0.10004868,0.09949243,0.31081040,0.07533649,1.25115011e-01,1.07522928e-01,8.07904210e-02,2.87558748e-02
135,0.09994601,0.09944126,0.31065394,0.07532781,1.25241269e-01,1.07237427e-01,8.07050545e-02,2.87465097e-02
136,0.10024036,0.09963331,0.31110961,0.07548179,1.25358525e-01,1.07648862e-01,8.06313823e-02,2.88151927e-02
137,0.10020516,0.10009038,0.31102687,0.07540533,1.25481014e-01,1.08507124e-01,8.08491893e-02,2.89717563e-02
138,0.10005456,0.09912850,0.31078534,0.07537814,1.25595012e-01,1.08032248e-01,8.07708375e-02,2.88767774e-02
139,0.10013400,0.09981293,0.31092388,0.07562604,1.25113397e-01,1.08563317e-01,8.06806832e-02,2.88272136e-02
140,0.10000332,0.09952372,0.31069960,0.07558431,1.25420487e-01,1.08366911e-01,8.06772309e-02,2.87597639e-02
141,0.09986120,0.09946809,0.31047903,0.07538338,1.25584245e-01,1.08028697e-01,8.06307435e-02,2.87303837e-02
142,0.09968772,0.09873735,0.31015712,0.07516095,1.25887195e-01,1.09121945e-01,8.05626402e-02,2.89138226e-02
143,0.09965864,0.09910209,0.31013851,0.07513324,1.25537665e-01,1.08265378e-01,8.06298424e-02,2.90062057e-02
144,0.09956756,0.09942902,0.30999391,0.07533210,1.25612695e-01,1.08159764e-01,8.04623351e-02,2.89106427e-02
145,0.09958188,0.09920164,0.31000906,0.07515728,1.25748943e-01,1.08064612e-01,8.07613700e-02,2.87308730e-02
146,0.09950104,0.09878756,0.30987461,0.07520798,1.25734023e-01,1.08053025e-01,8.08202566e-02,2.87889795e-02
147,0.09933819,0.09910574,0.30961181,0.07527366,1.25859089e-01,1.08194144e-01,8.05172925e-02,2.89436974e-02
148,0.09943768,0.09924346,0.30977544,0.07533521,1.25811764e-01,1.08466742e-01,8.03783310e-02,2.88458885e-02
149,0.09942453,0.09917808,0.30974478,0.07528598,1.25862902e-01,1.08221826e-01,8.06207543e-02,2.88098257e-02
150,0.09931430,0.09918060,0.30957489,0.07526463,1.25610017e-01,1.08037444e-01,8.06973835e-02,2.89036376e-02
151,0.09947501,0.09913395,0.30980878,0.07531410,1.25980685e-01,1.08721964e-01,8.06152854e-02,2.90347949e-02
152,0.09950487,0.09880762,0.30984512,0.07518432,1.25927168e-01,1.09345591e-01,8.05697587e-02,2.90266279e-02
153,0.09927292,0.09940045,0.30947936,0.07530655,1.25911876e-01,1.08842746e-01,8.07053192e-02,2.90885085e-02
154,0.09939789,0.09962973,0.30967379,0.07522832,1.25904752e-01,1.09076992e-01,8.06075562e-02,2.89142177e-02
155,0.09923698,0.09889672,0.30939755,0.07542248,1.26172453e-01,1.09153348e-01,8.07011212e-02,2.90825348e-02
156,0.09904533,0.09903374,0.30909538,0.07529061,1.26130595e-01,1.08510542e-01,8.07402716e-02,2.89341263e-02
157,0.09894205,0.09901369,0.30889512,0.07525828,1.26125386e-01,1.09955121e-01,8.07800755e-02,2.88781881e-02
158,0.09906999,0.09903777,0.30912842,0.07529760,1.26198188e-01,1.08735896e-01,8.08471227e-02,2.90158915e-02
159,0.09892474,0.09885499,0.30886910,0.07525437,1.26206888e-01,1.09730352e-01,8.07991061e-02,2.90375306e-02
160,0.09883491,0.09878956,0.30870635,0.07529299,1.26444652e-01,1.09846759e-01,8.08848790e-02,2.89205245e-02
161,0.09867184,0.09851837,0.30846530,0.07505091,1.26403065e-01,1.08815073e-01,8.07373985e-02,2.90844195e-02
162,0.09868897,0.09888848,0.30850108,0.07516975,1.26121998e-01,1.08557782e-01,8.10210978e-02,2.90432990e-02
163,0.09874954,0.09862623,0.30858495,0.07516274,1.26244777e-01,1.09345258e-01,8.08455413e-02,2.88515705e-02
164,0.09877502,0.09876263,0.30864552,0.07520699,1.25967934e-01,1.08914811e-01,8.07885120e-02,2.90491410e-02
165,0.09878114,0.09875481,0.30865621,0.07519945,1.26098131e-01,1.08966821e-01,8.07690396e-02,2.88998003e-02
166,0.09885876,0.09883666,0.30876019,0.07533346,1.26186466e-01,1.09721152e-01,8.06256877e-02,2.90825376e-02
167,0.09901744,0.09819040,0.30901537,0.07508752,1.26009697e-01,1.09843518e-01,8.06015521e-02,2.90567094e-02
168,0.09862430,0.09923872,0.30834958,0.07546601,1.26413520e-01,1.10499922e-01,8.05841637e-02,2.91985862e-02
169,0.09877141,0.09861331,0.30861685,0.07507526,1.26289404e-01,1.09429711e-01,8.06550971e-02,2.92786004e-02
170,0.09870720,0.09878622,0.30848118,0.07503874,1.26282705e-01,1.10182153e-01,8.07365872e-02,2.93131834e-02
171,0.09843230,0.09849320,0.30803786,0.07517687,1.26434392e-01,1.10043838e-01,8.05451545e-02,2.92772239e-02
172,0.09860525,0.09842178,0.30831986,0.07527724,1.26278888e-01,1.10070765e-01,8.06588108e-02,2.91651566e-02
173,0.09831413,0.09887420,0.30785495,0.07523825,1.26350144e-01,1.09515642e-01,8.05672200e-02,2.92043128e-02
174,0.09824839,0.09823038,0.30772704,0.07514237,1.26330023e-01,1.10033371e-01,8.07215147e-02,2.93653134e-02
175,0.09828428,0.09828131,0.30779490,0.07528228,1.26372338e-01,1.09897804e-01,8.07431271e-02,2.93751394e-02
176,0.09823592,0.09834181,0.30770248,0.07510966,1.26551650e-01,1.09880281e-01,8.06558666e-02,2.93947676e-02
177,0.09814971,0.09853598,0.30758313,0.07519719,1.26471639e-01,1.09370024e-01,8.07270562e-02,2.92767630e-02
178,0.09802882,0.09842608,0.30736988,0.07514746,1.26706763e-01,1.09485912e-01,8.07481502e-02,2.91524380e-02
179,0.09816724,0.09837207,0.30760815,0.07513609,1.26418357e-01,1.09499150e-01,8.06697982e-02,2.91488460e-02
180,0.09807667,0.09840253,0.30746059,0.07514098,1.26547508e-01,1.09349472e-01,8.05986062e-02,2.92155252e-02
181,0.09837081,0.09843027,0.30791860,0.07522929,1.26510942e-01,1.10342843e-01,8.06044940e-02,2.95152881e-02
182,0.09835349,0.09861119,0.30788851,0.07531496,1.26503069e-01,1.10270930e-01,8.06283924e-02,2.95994728e-02
183,0.09808826,0.09867690,0.30742382,0.07517142,1.26714845e-01,1.11058874e-01,8.05524317e-02,2.94749389e-02
184,0.09813702,0.09834319,0.30750840,0.07512083,1.26719402e-01,1.11082097e-01,8.06857888e-02,2.93220232e-02
185,0.09817619,0.09848386,0.30759502,0.07512875,1.26604269e-01,1.10630079e-01,8.05974712e-02,2.93117255e-02
186,0.09809515,0.09817587,0.30744828,0.07505327,1.26704978e-01,1.10929724e-01,8.04883490e-02,2.94749351e-02
187,0.09796834,0.09854271,0.30725201,0.07512597,1.26445705e-01,1.10558667e-01,8.05498436e-02,2.92106272e-02
188,0.09781730,0.09846376,0.30697116,0.07523026,1.26454355e-01,1.11146598e-01,8.06911478e-02,2.93944017e-02
189,0.09783879,0.09828459,0.30702812,0.07509003,1.27000540e-01,1.09818075e-01,8.05168803e-02,2.95769035e-02
190,0.09772435,0.09858068,0.30682607,0.07517448,1.26749297e-01,1.11026968e-01,8.05091579e-02,2.95639593e-02
191,0.09782321,0.09838689,0.30700247,0.07513808,1.26671069e-01,1.10647383e-01,8.04866344e-02,2.96155823e-02
192,0.09749818,0.09846547,0.30643023,0.07517520,1.27193822e-01,1.11076258e-01,8.06783774e-02,2.94886959e-02
193,0.09769247,0.09834134,0.30677906,0.07511431,1.26905945e-01,1.10407200e-01,8.05425981e-02,2.94093997e-02
194,0.09767029,0.09831550,0.30674736,0.07512179,1.26714292e-01,1.10679808e-01,8.06525541e-02,2.94162219e-02
195,0.09765653,0.09830635,0.30672334,0.07511461,1.26886486e-01,1.10623997e-01,8.05365210e-02,2.94213651e-02
196,0.09793432,0.09836069,0.30716275,0.07511631,1.26751493e-01,1.11246318e-01,8.05428916e-02,2.96550773e-02
197,0.09778427,0.09823717,0.30692023,0.07517882,1.26898714e-01,1.10706921e-01,8.05149623e-02,2.95333310e-02
198,0.09785212,0.09854852,0.30702100,0.07530655,1.26735011e-01,1.11509020e-01,8.05586936e-02,2.96857448e-02
199,0.09776981,0.09811796,0.30686662,0.07504739,1.26667923e-01,1.11895178e-01,8.06201585e-02,2.95558725e-02
200,0.09763894,0.09802519,0.30667281,0.07497282,1.26918482e-01,1.10909737e-01,8.06821905e-02,2.96007915e-02
201,0.09748444,0.09807020,0.30640014,0.07520374,1.27248356e-01,1.11170292e-01,8.07065121e-02,2.96564594e-02
202,0.09755831,0.09831631,0.30653073,0.07522063,1.26930205e-01,1.11794172e-01,8.04528485e-02,2.95761543e-02
203,0.09736982,0.09859627,0.30619404,0.07516177,1.27127531e-01,1.11771913e-01,8.07026274e-02,2.95512468e-02
204,0.09734016,0.09832793,0.30615213,0.07507720,1.27210758e-01,1.11300741e-01,8.05678720e-02,2.95983345e-02
205,0.09741772,0.09807743,0.30629922,0.07506876,1.26909866e-01,1.11170216e-01,8.05932528e-02,2.95598194e-02
206,0.09729087,0.09799540,0.30609191,0.07512421,1.27085215e-01,1.11196314e-01,8.04223188e-02,2.95673136e-02
207,0.09725594,0.09788087,0.30602320,0.07499016,1.27066577e-01,1.11766477e-01,8.05623318e-02,2.96558141e-02
208,0.09735633,0.09816969,0.30619070,0.07506452,1.27117825e-01,1.11113689e-01,8.04610055e-02,2.96117488e-02
209,0.09740873,0.09810079,0.30629056,0.07505334,1.26935195e-01,1.11235327e-01,8.05225957e-02,2.97501930e-02
210,0.09711634,0.09813673,0.30580521,0.07506044,1.27060530e-01,1.11056298e-01,8.05332946e-02,2.96641430e-02
211,0.09745751,0.09872019,0.30634302,0.07517138,1.27198127e-01,1.11687407e-01,8.04052691e-02,2.97122707e-02
212,0.09744172,0.09822502,0.30631276,0.07514771,1.27108501e-01,1.12084048e-01,8.03757103e-02,2.97909688e-02
213,0.09737253,0.09783818,0.30618203,0.07498035,1.27064704e-01,1.12661621e-01,8.03783591e-02,2.96647887e-02
214,0.09738908,0.09838762,0.30622566,0.07516311,1.27094330e-01,1.11835458e-01,8.04215061e-02,2.97262567e-02
215,0.09721847,0.09845897,0.30592659,0.07524322,1.27165763e-01,1.12279288e-01,8.03892283e-02,2.97899562e-02
216,0.09722650,0.09898379,0.30596344,0.07521227,1.26866953e-01,1.11734945e-01,8.05391293e-02,2.98906623e-02
217,0.09716421,0.09823406,0.30584801,0.07507256,1.27317613e-01,1.12012203e-01,8.03962871e-02,2.97379332e-02
218,0.09708368,0.09779322,0.30568703,0.07497052,1.27449787e-01,1.13118282e-01,8.04605912e-02,2.99115380e-02
219,0.09705297,0.09830736,0.30565515,0.07516660,1.27291226e-01,1.12406993e-01,8.04957355e-02,2.97337843e-02
220,0.09709321,0.09853386,0.30574145,0.07522426,1.27318577e-01,1.11961910e-01,8.03017540e-02,2.98294583e-02
221,0.09711917,0.09803201,0.30577956,0.07500593,1.27266124e-01,1.11796541e-01,8.04652131e-02,2.98257421e-02
222,0.09685314,0.09825200,0.30532538,0.07509508,1.27577805e-01,1.11625135e-01,8.04641331e-02,2.96639482e-02
223,0.09676128,0.09830270,0.30516839,0.07515291,1.27589723e-01,1.12299809e-01,8.03339633e-02,2.98902394e-02
224,0.09689122,0.09826862,0.30539813,0.07510743,1.27443979e-01,1.11795165e-01,8.04183106e-02,2.97423171e-02
225,0.09683757,0.09817253,0.30531521,0.07508480,1.27471093e-01,1.11929672e-01,8.04041962e-02,2.97361768e-02
226,0.09717739,0.09774482,0.30584245,0.07497741,1.27428287e-01,1.12816976e-01,8.03911193e-02,2.98896971e-02
227,0.09713590,0.09870390,0.30576123,0.07535002,1.27616189e-01,1.13157814e-01,8.05473364e-02,2.99443972e-02
228,0.09701820,0.09798340,0.30555911,0.07515384,1.27532658e-01,1.13203924e-01,8.03870930e-02,3.00064019e-02
229,0.09703452,0.09842619,0.30559597,0.07523888,1.27533748e-01,1.13283894e-01,8.03234822e-02,2.99648568e-02
230,0.09712242,0.09843938,0.30574061,0.07507725,1.27278957e-01,1.13508922e-01,8.05082191e-02,2.99562726e-02
231,0.09696605,0.09806021,0.30548185,0.07502879,1.27316527e-01,1.13239484e-01,8.04282962e-02,2.98840715e-02
232,0.09688185,0.09786545,0.30533321,0.07500259,1.27801538e-01,1.12964148e-01,8.03382015e-02,3.00138769e-02
233,0.09684028,0.09820418,0.30528682,0.07511691,1.27518454e-01,1.12678440e-01,8.04012458e-02,3.00241572e-02
234,0.09688626,0.09752058,0.30535002,0.07494715,1.27719126e-01,1.13243677e-01,8.03034463e-02,2.99408504e-02
235,0.09670375,0.09814723,0.30506509,0.07515441,1.27431587e-01,1.12689242e-01,8.03243561e-02,2.99623924e-02
236,0.09660196,0.09779912,0.30486804,0.07498680,1.27730056e-01,1.13017499e-01,8.05439443e-02,2.98984760e-02
237,0.09651056,0.09802200,0.30473956,0.07503095,1.27617881e-01,1.12270105e-01,8.04727893e-02,2.99059111e-02
238,0.09639982,0.09839109,0.30454383,0.07512048,1.27703178e-01,1.12999275e-01,8.04170195e-02,2.99601907e-02
239,0.09645999,0.09803258,0.30464461,0.07504360,1.27795144e-01,1.12627343e-01,8.02763765e-02,2.99553987e-02
240,0.09647302,0.09813652,0.30467850,0.07507746,1.27665018e-01,1.12397091e-01,8.02624283e-02,2.99012618e-02
241,0.09692567,0.09827016,0.30541387,0.07519638,1.27388684e-01,1.13490778e-01,8.04005003e-02,3.01379043e-02
242,0.09674100,0.09755261,0.30508175,0.07503037,1.27613923e-01,1.13884000e-01,8.03996341e-02,2.99450680e-02
243,0.09669656,0.09805019,0.30500827,0.07510639,1.27642586e-01,1.14053843e-01,8.03704861e-02,3.00764139e-02
244,0.09667987,0.09867507,0.30499027,0.07513890,1.27812140e-01,1.13476363e-01,8.04065848e-02,2.99944661e-02
245,0.09679062,0.09884464,0.30518662,0.07545182,1.27639786e-01,1.13434920e-01,8.03507383e-02,3.00696245e-02
246,0.09657480,0.09810021,0.30481566,0.07505739,1.27849210e-01,1.13658329e-01,8.01930041e-02,3.01022488e-02
247,0.09647802,0.09828909,0.30465436,0.07507729,1.27710619e-01,1.13702531e-01,8.03177567e-02,3.00803273e-02
248,0.09644257,0.09788777,0.30459154,0.07492197,1.27992337e-01,1.12855215e-01,8.04956085e-02,3.00315002e-02
249,0.09635055,0.09832400,0.30443633,0.07514827,1.27860179e-01,1.13364342e-01,8.04318592e-02,3.02661095e-02
250,0.09632295,0.09827346,0.30439468,0.07520905,1.27871962e-01,1.13470509e-01,8.04359202e-02,3.02286231e-02
251,0.09637981,0.09817501,0.30448056,0.07503763,1.27968150e-01,1.13109906e-01,8.04711828e-02,3.01705114e-02
252,0.09638291,0.09807332,0.30449970,0.07505821,1.27769617e-01,1.13910516e-01,8.03246987e-02,3.01219143e-02
253,0.09646567,0.09793414,0.30463831,0.07507300,1.27785533e-01,1.13151888e-01,8.04557887e-02,3.00948707e-02
254,0.09626388,0.09792336,0.30431332,0.07505809,1.27933818e-01,1.12802896e-01,8.04149546e-02,3.00770082e-02
255,0.09634363,0.09791184,0.30444144,0.07505619,1.27917131e-01,1.12945129e-01,8.03861719e-02,3.01095603e-02
256,0.09645057,0.09727632,0.30459111,0.07501158,1.27999989e-01,1.13296660e-01,8.04238550e-02,3.02979761e-02
257,0.09638426,0.09781616,0.30446463,0.07514547,1.27862465e-01,1.14278162e-01,8.04524060e-02,3.04247711e-02
258,0.09633823,0.09837504,0.30440426,0.07518041,1.27910581e-01,1.13671055e-01,8.05207639e-02,3.00914231e-02
259,0.09650677,0.09833803,0.30466885,0.07519456,1.28067415e-01,1.14160842e-01,8.04979036e-02,3.01745617e-02
260,0.09637045,0.09794796,0.30444683,0.07499842,1.28030978e-01,1.13794852e-01,8.04791177e-02,3.02053411e-02
261,0.09622536,0.09817592,0.30422485,0.07507190,1.28019263e-01,1.13060076e-01,8.05310043e-02,3.02852158e-02
262,0.09631914,0.09804936,0.30436050,0.07512455,1.28209971e-01,1.13208252e-01,8.05195994e-02,3.02625577e-02
263,0.09620844,0.09772140,0.30418768,0.07511954,1.28025675e-01,1.14034028e-01,8.02582995e-02,3.01160491e-02
264,0.09612110,0.09857669,0.30402094,0.07529799,1.28090948e-01,1.14524836e-01,8.02704589e-02,3.03039676e-02
265,0.09619400,0.09840103,0.30416879,0.07526496,1.28001280e-01,1.13460511e-01,8.03265442e-02,3.01442233e-02
266,0.09599269,0.09779698,0.30382608,0.07503826,1.28080379e-01,1.13634688e-01,8.03917165e-02,3.02501858e-02
267,0.09607380,0.09810111,0.30396519,0.07510278,1.28073635e-01,1.13650759e-01,8.04053576e-02,3.03974402e-02
268,0.09591921,0.09786709,0.30371178,0.07508167,1.28136656e-01,1.13793263e-01,8.03709362e-02,3.00996264e-02
269,0.09597407,0.09796668,0.30381196,0.07508418,1.27992011e-01,1.13325724e-01,8.04076606e-02,3.01434516e-02
270,0.09606681,0.09781507,0.30395314,0.07504080,1.28320370e-01,1.13217395e-01,8.03940558e-02,3.02321949e-02
271,0.09623184,0.09766779,0.30420840,0.07490811,1.28122514e-01,1.14406220e-01,8.03934512e-02,3.03420578e-02
272,0.09628186,0.09849080,0.30428225,0.07526768,1.28192989e-01,1.14397880e-01,8.04671186e-02,3.04043592e-02
273,0.09626330,0.09844854,0.30427603,0.07530282,1.27984529e-01,1.13775182e-01,8.04359223e-02,3.04622737e-02
274,0.09620981,0.09822520,0.30417623,0.07504059,1.28200311e-01,1.14220428e-01,8.04096702e-02,3.03301722e-02
275,0.09597360,0.09789715,0.30376739,0.07517607,1.28463945e-01,1.14108849e-01,8.03810242e-02,3.04776220e-02
276,0.09615377,0.09798267,0.30407820,0.07514282,1.28111597e-01,1.14026440e-01,8.04112266e-02,3.02921764e-02
277,0.09608932,0.09868820,0.30398521,0.07529822,1.28100382e-01,1.13955663e-01,8.03627134e-02,3.03896847e-02
278,0.09589251,0.09838146,0.30363907,0.07525132,1.28497179e-01,1.13641860e-01,8.03847961e-02,3.04177223e-02
279,0.09583452,0.09802942,0.30354213,0.07514634,1.28394546e-01,1.14142008e-01,8.03635164e-02,3.03921299e-02
280,0.09583962,0.09802324,0.30356072,0.07515988,1.28209614e-01,1.13541351e-01,8.03902016e-02,3.04532967e-02
281,0.09587234,0.09813778,0.30361056,0.07517720,1.28370524e-01,1.13883265e-01,8.03187040e-02,3.04827265e-02
282,0.09573210,0.09799443,0.30337173,0.07516397,1.28439796e-01,1.14375086e-01,8.02597544e-02,3.03994002e-02
283,0.09573729,0.09817206,0.30336823,0.07518176,1.28391486e-01,1.14356660e-01,8.05816060e-02,3.03930031e-02
284,0.09584626,0.09798554,0.30356031,0.07509670,1.28407678e-01,1.13967520e-01,8.04115872e-02,3.03065493e-02
285,0.09575227,0.09798297,0.30341531,0.07509834,1.28369186e-01,1.13974167e-01,8.04350915e-02,3.02478801e-02
286,0.09600522,0.09901237,0.30381720,0.07546236,1.28350068e-01,1.14961955e-01,8.01084679e-02,3.03836644e-02
287,0.09594558,0.09844224,0.30370590,0.07548133,1.28402165e-01,1.14724306e-01,8.03326031e-02,3.04762075e-02
288,0.09588339,0.09838609,0.30359960,0.07524467,1.28481463e-01,1.14687665e-01,8.03564728e-02,3.05184772e-02
289,0.09601752,0.09766406,0.30381931,0.07504855,1.28480030e-01,1.15028294e-01,8.03861132e-02,3.04991518e-02
290,0.09590460,0.09793138,0.30364562,0.07516579,1.28313923e-01,1.14970884e-01,8.01698118e-02,3.04621528e-02
291,0.09578544,0.09782296,0.30343276,0.07511541,1.28280243e-01,1.15389275e-01,8.03380951e-02,3.05287805e-02
292,0.09584650,0.09772048,0.30354929,0.07509060,1.28405766e-01,1.14824890e-01,8.03486948e-02,3.03438599e-02
293,0.09569425,0.09827173,0.30329295,0.07529074,1.28438907e-01,1.14570658e-01,8.04606590e-02,3.05047192e-02
294,0.09563934,0.09767752,0.30320935,0.07501455,1.28546072e-01,1.14127122e-01,8.02164851e-02,3.05245519e-02
295,0.09574721,0.09795333,0.30340211,0.07516051,1.28375137e-01,1.14193785e-01,8.03580974e-02,3.02013714e-02
296,0.09538235,0.09796829,0.30275139,0.07517749,1.28704384e-01,1.14558104e-01,8.06421438e-02,3.02446953e-02
297,0.09567153,0.09806733,0.30326682,0.07516894,1.28297640e-01,1.14348021e-01,8.02812639e-02,3.02698967e-02
298,0.09569584,0.09799985,0.30331035,0.07511925,1.28458448e-01,1.14374734e-01,8.02352483e-02,3.04017286e-02
299,0.09543266,0.09800070,0.30285300,0.07513336,1.28653595e-01,1.14392702e-01,8.03813387e-02,3.03147242e-02
300,0.09547035,0.09804880,0.30293166,0.07513744,1.28361095e-01,1.14297934e-01,8.04286320e-02,3.03882565e-02
301,0.09568193,0.09889066,0.30325701,0.07539147,1.28647813e-01,1.15040632e-01,8.02200637e-02,3.05013602e-02
302,0.09573661,0.09827348,0.30333804,0.07519905,1.28753691e-01,1.15679058e-01,8.02742515e-02,3.06333413e-02
303,0.09573541,0.09847968,0.30335851,0.07523850,1.28504166e-01,1.14362010e-01,8.03046112e-02,3.03967004e-02
304,0.09558924,0.09851007,0.30309269,0.07532851,1.28613541e-01,1.15167744e-01,8.04128117e-02,3.03654139e-02
305,0.09562640,0.09812884,0.30315876,0.07522336,1.28652706e-01,1.15309698e-01,8.03553362e-02,3.04382597e-02
306,0.09553535,0.09744488,0.30300247,0.07507464,1.28720451e-01,1.15119463e-01,8.03936227e-02,3.04535923e-02
307,0.09558422,0.09806370,0.30307518,0.07520739,1.28642624e-01,1.15703137e-01,8.03861143e-02,3.04630706e-02
308,0.09552724,0.09826801,0.30300551,0.07529262,1.28713668e-01,1.14766091e-01,8.03069343e-02,3.03676163e-02
309,0.09545732,0.09778418,0.30288579,0.07516969,1.28662744e-01,1.15254682e-01,8.03416712e-02,3.05243439e-02
310,0.09541155,0.09829001,0.30279700,0.07525961,1.28735730e-01,1.15170899e-01,8.02847313e-02,3.04934282e-02
311,0.09526949,0.09793222,0.30256794,0.07521574,1.28828892e-01,1.14602404e-01,8.02904215e-02,3.06004403e-02
312,0.09511471,0.09792341,0.30229758,0.07513727,1.29129139e-01,1.14757884e-01,8.03762510e-02,3.03030208e-02
313,0.09523429,0.09801578,0.30253574,0.07519159,1.28676689e-01,1.14174369e-01,8.03242675e-02,3.04424528e-02
314,0.09517369,0.09813469,0.30239218,0.07522289,1.29040813e-01,1.14927742e-01,8.04474615e-02,3.03993924e-02
315,0.09507139,0.09811532,0.30223771,0.07522904,1.28811345e-01,1.14775849e-01,8.02661272e-02,3.03870822e-02
316,0.09549430,0.09810247,0.30293045,0.07524801,1.28587901e-01,1.15189532e-01,8.03942336e-02,3.03960335e-02
317,0.09562299,0.09851033,0.30315095,0.07547055,1.28433992e-01,1.15409312e-01,8.03098145e-02,3.04615721e-02
318,0.09548119,0.09787423,0.30290855,0.07538561,1.28913024e-01,1.14891357e-01,8.03353964e-02,3.05120743e-02
319,0.09552071,0.09771845,0.30297270,0.07504782,1.28691146e-01,1.15331617e-01,8.03468120e-02,3.03155328e-02
320,0.09544558,0.09800411,0.30284467,0.07537821,1.28617049e-01,1.15478234e-01,8.02148825e-02,3.05447532e-02
321,0.09541716,0.09834147,0.30279254,0.07526403,1.28906564e-01,1.15408275e-01,8.02623268e-02,3.03508523e-02
322,0.09532090,0.09830004,0.30263847,0.07529901,1.28806628e-01,1.15485777e-01,8.01383464e-02,3.03565167e-02
323,0.09523594,0.09852569,0.30250465,0.07531926,1.28813979e-01,1.15317814e-01,8.02353827e-02,3.05684738e-02
324,0.09511259,0.09816682,0.30227156,0.07531664,1.29146677e-01,1.15629195e-01,8.03743902e-02,3.03899518e-02
325,0.09518921,0.09820886,0.30241283,0.07526073,1.28923902e-01,1.15596410e-01,8.04293712e-02,3.02626498e-02
326,0.09514642,0.09805304,0.30234675,0.07519390,1.28918191e-01,1.15638542e-01,8.02399278e-02,3.04973284e-02
327,0.09523004,0.09848722,0.30249661,0.07538362,1.28758072e-01,1.15274308e-01,8.04032996e-02,3.04174366e-02
328,0.09491943,0.09848044,0.30196964,0.07535450,1.29024643e-01,1.14980067e-01,8.03930212e-02,3.04145416e-02
329,0.09505419,0.09835733,0.30219320,0.07528896,1.29071573e-01,1.14687301e-01,8.03541753e-02,3.04314746e-02
330,0.09483856,0.09840747,0.30184833,0.07531262,1.28828402e-01,1.15032841e-01,8.03247752e-02,3.03556905e-02
331,0.09549621,0.09817762,0.30291693,0.07518699,1.28677799e-01,1.16006873e-01,8.04190883e-02,3.04112820e-02
332,0.09543798,0.09885310,0.30281162,0.07550560,1.28967687e-01,1.16219682e-01,8.01751159e-02,3.04555071e-02
333,0.09518575,0.09799458,0.30238598,0.07520787,1.28838088e-01,1.16467697e-01,8.01460060e-02,3.03597687e-02
334,0.09530400,0.09903339,0.30259614,0.07567275,1.28730806e-01,1.16149167e-01,8.01486844e-02,3.03815727e-02
335,0.09521656,0.09831201,0.30245195,0.07529515,1.29040434e-01,1.15557027e-01,8.01184481e-02,3.04660615e-02
336,0.09533237,0.09825155,0.30266300,0.07531017,1.28816092e-01,1.15365192e-01,8.01114777e-02,3.04170135e-02
337,0.09509363,0.09840482,0.30223208,0.07549449,1.29047618e-01,1.15700652e-01,8.03567966e-02,3.05970807e-02
338,0.09510718,0.09903223,0.30226804,0.07554712,1.29004278e-01,1.15848470e-01,8.02061648e-02,3.03636162e-02
339,0.09499560,0.09885338,0.30209654,0.07549893,1.29156044e-01,1.14921822e-01,8.03048853e-02,3.03725433e-02
340,0.09487667,0.09867330,0.30187817,0.07537758,1.29198810e-01,1.14915867e-01,8.04140141e-02,3.02978276e-02
341,0.09489681,0.09854425,0.30190600,0.07533540,1.29170164e-01,1.15250785e-01,8.03368712e-02,3.03220974e-02
342,0.09473614,0.09840795,0.30166346,0.07527948,1.29202646e-01,1.14887121e-01,8.01000614e-02,3.03725201e-02
343,0.09477636,0.09842360,0.30171751,0.07534828,1.28947645e-01,1.15608371e-01,8.03083831e-02,3.03408295e-02
344,0.09479814,0.09854380,0.30174868,0.07536845,1.29070353e-01,1.15647014e-01,8.03430716e-02,3.03610643e-02
345,0.09489754,0.09843309,0.30190711,0.07534129,1.29193581e-01,1.15367886e-01,8.03615399e-02,3.02970058e-02
346,0.09515128,0.09831913,0.30231804,0.07522138,1.28930115e-01,1.16462655e-01,8.03282150e-02,3.04004489e-02
347,0.09498855,0.09803574,0.30204532,0.07523318,1.29055559e-01,1.16218354e-01,8.03648002e-02,3.04328525e-02
348,0.09487702,0.09938266,0.30187309,0.07568890,1.29232637e-01,1.15609483e-01,8.01949973e-02,3.04841372e-02
349,0.09504632,0.09790993,0.30214341,0.07517903,1.29029497e-01,1.16162150e-01,8.03501170e-02,3.05069967e-02
350,0.09492938,0.09886898,0.30194570,0.07541473,1.28956185e-01,1.16534375e-01,8.02610235e-02,3.03271129e-02
351,0.09496005,0.09892640,0.30201899,0.07552302,1.28926842e-01,1.15613605e-01,8.03217445e-02,3.03867397e-02
352,0.09477136,0.09751640,0.30168051,0.07522880,1.29248969e-01,1.16066858e-01,8.01293794e-02,3.04486316e-02
353,0.09480921,0.09853829,0.30176711,0.07543405,1.29352814e-01,1.15255087e-01,8.01137780e-02,3.03812737e-02
354,0.09491792,0.09893918,0.30196277,0.07555796,1.29027827e-01,1.15226841e-01,8.03046884e-02,3.04704788e-02
355,0.09467071,0.09841029,0.30154666,0.07546315,1.29022432e-01,1.14759032e-01,8.02395698e-02,3.03300224e-02
356,0.09458306,0.09851461,0.30137834,0.07541308,1.29102301e-01,1.15649547e-01,8.03821226e-02,3.03728178e-02
357,0.09458123,0.09848716,0.30137709,0.07537736,1.29136881e-01,1.15151553e-01,8.02348473e-02,3.04516951e-02
358,0.09462643,0.09861990,0.30145695,0.07542317,1.29240039e-01,1.14928892e-01,8.04636021e-02,3.03765226e-02
359,0.09456561,0.09847404,0.30135827,0.07537895,1.28982228e-01,1.15486002e-01,8.02480211e-02,3.03684895e-02
360,0.09448860,0.09846190,0.30123554,0.07538046,1.29159301e-01,1.15117431e-01,8.03164598e-02,3.03827589e-02
361,0.09488668,0.09880639,0.30186922,0.07564184,1.29122491e-01,1.16263457e-01,8.02751361e-02,3.04254056e-02
362,0.09476015,0.09834890,0.30163710,0.07555540,1.29656403e-01,1.16170778e-01,8.03821801e-02,3.03924444e-02
363,0.09478834,0.09856555,0.30170755,0.07550535,1.28990024e-01,1.16473247e-01,8.01230677e-02,3.05534854e-02
364,0.09472083,0.09885330,0.30160551,0.07544379,1.28991140e-01,1.16024918e-01,8.01327124e-02,3.04150413e-02
365,0.09456138,0.09907381,0.30132844,0.07566747,1.29303618e-01,1.16000817e-01,8.01718127e-02,3.04086833e-02
366,0.09473101,0.09851070,0.30162688,0.07548194,1.29176636e-01,1.15253432e-01,8.01499141e-02,3.04101702e-02
367,0.09459527,0.09884523,0.30139345,0.07560386,1.29174841e-01,1.15959701e-01,8.00941513e-02,3.05526392e-02
368,0.09442277,0.09908303,0.30110159,0.07557564,1.29165737e-01,1.15737621e-01,8.02254659e-02,3.02006297e-02
369,0.09445113,0.09900171,0.30113697,0.07571547,1.29539100e-01,1.15905504e-01,8.02420032e-02,3.04799304e-02
370,0.09434135,0.09861150,0.30095743,0.07559215,1.29294624e-01,1.15820216e-01,8.03324552e-02,3.03546082e-02
371,0.09439441,0.09904789,0.30105601,0.07559282,1.29481885e-01,1.15551198e-01,8.02906509e-02,3.02320156e-02
372,0.09445109,0.09872381,0.30115672,0.07552462,1.29380237e-01,1.15017844e-01,8.02836376e-02,3.02717473e-02
373,0.09448581,0.09880911,0.30121394,0.07556120,1.29168919e-01,1.15353723e-01,8.02364889e-02,3.03273851e-02
374,0.09445751,0.09869883,0.30116258,0.07550230,1.29608881e-01,1.15447646e-01,8.00772087e-02,3.02569519e-02
375,0.09424934,0.09875891,0.30082404,0.07553448,1.29236116e-01,1.15533219e-01,8.01602961e-02,3.02538289e-02
376,0.09458441,0.09915917,0.30136288,0.07582794,1.29405109e-01,1.16079995e-01,8.01179236e-02,3.05506010e-02
377,0.09463709,0.09889236,0.30144469,0.07569165,1.29455580e-01,1.16257193e-01,7.98529653e-02,3.04956587e-02
378,0.09453492,0.09923362,0.30126347,0.07566429,1.29027712e-01,1.16898401e-01,8.01878774e-02,3.04603670e-02
379,0.09461866,0.09882680,0.30143410,0.07556168,1.29273263e-01,1.15846536e-01,8.01994047e-02,3.02534322e-02
380,0.09436685,0.09994537,0.30098349,0.07583172,1.29427078e-01,1.16140905e-01,8.01462093e-02,3.04886796e-02
381,0.09451273,0.09921982,0.30124293,0.07567140,1.29242407e-01,1.16078998e-01,8.02298733e-02,3.04044580e-02
382,0.09428384,0.09942965,0.30084563,0.07574726,1.29553974e-01,1.16186990e-01,8.01482574e-02,3.03438236e-02
383,0.09426477,0.09901170,0.30082186,0.07573153,1.29273352e-01,1.15990432e-01,8.02525947e-02,3.02474815e-02
384,0.09433233,0.09923759,0.30093844,0.07566046,1.29248904e-01,1.15913989e-01,8.01652722e-02,3.02973624e-02
385,0.09425600,0.09936376,0.30081474,0.07570009,1.29061645e-01,1.15998646e-01,8.02898164e-02,3.01839714e-02
386,0.09427047,0.09927984,0.30083642,0.07568831,1.29277422e-01,1.16032938e-01,8.00632565e-02,3.02601068e-02
387,0.09408845,0.09881214,0.30053714,0.07558519,1.29599276e-01,1.15366564e-01,8.02147599e-02,3.03639648e-02
388,0.09402141,0.09914519,0.30041679,0.07565271,1.29384500e-01,1.15572994e-01,8.02330807e-02,3.01617661e-02
389,0.09420805,0.09897534,0.30074245,0.07562123,1.29183476e-01,1.15721463e-01,8.00655035e-02,3.03460979e-02
390,0.09418588,0.09898012,0.30070272,0.07564077,1.29069437e-01,1.15780213e-01,8.01243464e-02,3.03643263e-02
391,0.09437630,0.09976607,0.30100787,0.07611175,1.29225489e-01,1.16089956e-01,8.00314414e-02,3.04725301e-02
392,0.09442525,0.09919826,0.30108414,0.07584623,1.29261938e-01,1.16438050e-01,8.00405867e-02,3.04025009e-02
393,0.09432549,0.09928362,0.30092961,0.07575274,1.29309535e-01,1.15635552e-01,7.99605587e-02,3.04798830e-02
394,0.09424690,0.09965480,0.30079306,0.07587551,1.29296614e-01,1.15971485e-01,7.99682361e-02,3.03866688e-02
395,0.09430534,0.09943584,0.30089475,0.07586216,1.29224114e-01,1.16017016e-01,7.99688497e-02,3.03231627e-02
396,0.09409337,0.09953885,0.30054120,0.07585535,1.29345883e-01,1.15678094e-01,8.00146847e-02,3.02647990e-02
397,0.09406956,0.09923842,0.30048883,0.07582932,1.29433494e-01,1.15998912e-01,8.00840005e-02,3.02550843e-02
398,0.09391936,0.09914749,0.30022444,0.07573636,1.29768744e-01,1.16036395e-01,7.99872862e-02,3.04045094e-02
399,0.09398050,0.09913889,0.30033488,0.07575530,1.29556905e-01,1.15713162e-01,8.02030351e-02,3.02599204e-02
400,0.09389194,0.10001430,0.30019820,0.07596635,1.29482358e-01,1.15608762e-01,8.00190257e-02,3.02779383e-02
401,0.09402952,0.09934323,0.30041537,0.07584230,1.29494691e-01,1.16333566e-01,8.01169042e-02,3.00789245e-02
402,0.09405904,0.09948616,0.30050414,0.07583964,1.29170838e-01,1.15333192e-01,8.01044485e-02,3.00710565e-02
403,0.09379447,0.09966507,0.30003457,0.07589659,1.29446557e-01,1.15651140e-01,8.01533869e-02,3.00245935e-02
404,0.09380652,0.09947569,0.30004201,0.07580450,1.29683493e-01,1.15508633e-01,8.01604540e-02,3.01039466e-02
405,0.09389671,0.09939375,0.30020088,0.07578936,1.29481910e-01,1.15705608e-01,8.01525331e-02,3.00763295e-02
406,0.09420071,0.09965154,0.30069596,0.07599410,1.29377526e-01,1.16759525e-01,8.00160028e-02,3.01757748e-02
407,0.09417336,0.09991000,0.30066742,0.07614289,1.29254860e-01,1.16010006e-01,7.99748695e-02,3.02028635e-02
408,0.09421408,0.09956653,0.30075196,0.07588708,1.29177656e-01,1.15674223e-01,7.98642767e-02,3.02432803e-02
409,0.09418593,0.09981055,0.30069194,0.07609874,1.29278755e-01,1.16206894e-01,7.99221644e-02,3.04460245e-02
410,0.09411985,0.09999428,0.30057214,0.07618037,1.29300433e-01,1.16225357e-01,7.99719520e-02,3.02236837e-02
411,0.09397073,0.10025822,0.30032858,0.07629159,1.29534513e-01,1.15863036e-01,7.99758055e-02,3.04052136e-02
412,0.09390108,0.10000575,0.30020240,0.07591545,1.29534780e-01,1.15995662e-01,7.98591101e-02,3.02913976e-02
413,0.09394934,0.09960534,0.30028898,0.07603781,1.29540239e-01,1.15945018e-01,7.99245786e-02,3.02524624e-02
414,0.09386017,0.09933769,0.30015634,0.07592333,1.29522226e-01,1.15149636e-01,7.98208764e-02,3.03734722e-02
415,0.09377269,0.09969457,0.29998344,0.07601770,1.29411648e-01,1.16308594e-01,8.00520451e-02,3.01639011e-02
416,0.09375384,0.09954370,0.29996270,0.07596989,1.29364038e-01,1.16117614e-01,7.98733697e-02,3.00793743e-02
417,0.09368223,0.09956035,0.29982014,0.07592246,1.29700068e-01,1.16246943e-01,8.00868434e-02,3.00816786e-02
418,0.09369224,0.09935142,0.29985048,0.07589950,1.29613566e-01,1.15699746e-01,8.00576290e-02,3.01780659e-02
419,0.09370470,0.09945927,0.29988578,0.07592925,1.29535977e-01,1.15863900e-01,7.99183897e-02,3.00977550e-02
420,0.09372116,0.09939769,0.29989627,0.07588903,1.29709612e-01,1.15993314e-01,7.99336398e-02,3.01021763e-02
421,0.09397112,0.10027304,0.30029114,0.07591257,1.29582549e-01,1.17084847e-01,8.00244380e-02,3.02200784e-02
422,0.09396650,0.09947093,0.30028461,0.07577518,1.29612497e-01,1.16629702e-01,8.00304598e-02,3.03926201e-02
423,0.09378266,0.09941982,0.30000800,0.07578530,1.29357077e-01,1.15991377e-01,7.97331950e-02,3.05192657e-02
424,0.09378112,0.09948552,0.29996974,0.07580424,1.29549972e-01,1.16936506e-01,7.99939951e-02,3.03826395e-02
425,0.09364314,0.09967993,0.29975374,0.07596110,1.29878434e-01,1.16127501e-01,7.98450405e-02,3.01985533e-02
426,0.09382316,0.09876585,0.30004695,0.07584835,1.29484126e-01,1.16513248e-01,7.98711213e-02,3.03110809e-02
427,0.09385999,0.09908738,0.30013728,0.07591715,1.29408144e-01,1.16284303e-01,7.97600096e-02,3.02715943e-02
428,0.09369308,0.09975550,0.29984887,0.07621648,1.29623729e-01,1.16226131e-01,7.97812799e-02,3.02961709e-02
429,0.09361048,0.09961338,0.29970878,0.07601583,1.29735100e-01,1.15881380e-01,7.99089567e-02,3.02540579e-02
430,0.09369885,0.09952090,0.29986765,0.07598649,1.29726717e-01,1.16040680e-01,7.98032862e-02,3.01975434e-02
431,0.09350335,0.09984424,0.29952218,0.07602492,1.30005276e-01,1.16130962e-01,7.98731613e-02,3.02169463e-02
432,0.09348583,0.09923222,0.29950788,0.07588656,1.29747650e-01,1.15567983e-01,7.98808580e-02,3.00881537e-02
433,0.09342457,0.09910393,0.29938553,0.07584702,1.29981405e-01,1.16008130e-01,7.97737840e-02,3.00963288e-02
434,0.09350767,0.09935104,0.29955409,0.07591310,1.29457207e-01,1.15781920e-01,7.99840919e-02,3.00394272e-02
435,0.09346904,0.09934593,0.29948460,0.07590065,1.29671138e-01,1.15714715e-01,7.97570835e-02,2.99736060e-02
436,0.09374767,0.10012078,0.29992425,0.07622783,1.29427007e-01,1.16576254e-01,8.00183122e-02,3.04114977e-02
437,0.09386208,0.09933113,0.30012772,0.07588306,1.29502868e-01,1.16430530e-01,7.97384892e-02,3.01523632e-02
438,0.09375475,0.09955432,0.29994549,0.07623127,1.29546055e-01,1.16443196e-01,7.96879913e-02,3.02542112e-02
439,0.09376863,0.09956598,0.29994910,0.07601892,1.29615207e-01,1.16880013e-01,7.99175736e-02,3.02288351e-02
440,0.09366361,0.09942052,0.29978717,0.07609402,1.29625341e-01,1.16124624e-01,7.98116611e-02,3.02316767e-02
441,0.09355616,0.09932728,0.29959924,0.07582819,1.29744043e-01,1.16355834e-01,7.97999548e-02,3.01017991e-02
442,0.09346549,0.10029880,0.29944854,0.07620156,1.29539821e-01,1.16723340e-01,7.96596036e-02,3.01324821e-02
443,0.09341551,0.09919037,0.29938456,0.07592704,1.29578743e-01,1.15756191e-01,7.98029180e-02,3.00877416e-02
444,0.09337889,0.09986845,0.29929440,0.07601635,1.29855780e-01,1.16781993e-01,7.97961483e-02,3.01229276e-02
445,0.09333343,0.10000281,0.29923224,0.07603916,1.29851684e-01,1.16077907e-01,7.97272733e-02,3.01495649e-02
446,0.09329006,0.09973088,0.29915896,0.07604159,1.29872018e-01,1.15958813e-01,7.97864361e-02,2.99455025e-02
447,0.09328838,0.09944035,0.29914074,0.07593989,1.29817508e-01,1.16856139e-01,7.98725575e-02,2.99583258e-02
448,0.09320123,0.09911775,0.29900363,0.07583061,1.29980023e-01,1.16021304e-01,7.98765056e-02,3.00683028e-02
449,0.09318842,0.09940849,0.29898819,0.07588971,1.29820730e-01,1.16253767e-01,7.98977071e-02,2.99861809e-02
450,0.09323675,0.09949775,0.29907056,0.07592420,1.29882139e-01,1.15978909e-01,7.97876926e-02,2.99900576e-02
