epoch,train_loss,val_loss,train_rmse,val_rmse,train_loss_obj,ema_val_rmse,mean_abs_delta_g,mean_frob_delta_M,mean_abs_delta_C_qd,mean_abs_delta_tau_f
1,0.17628111583770262,0.17438256340551073,0.077907305,0.071899912,0.20787034,0.07243590899999999,0.0035643765,0.000360110288,9.09447746e-05,0.0068883883250000005
2,0.1729259600423925,0.17040894061798442,0.077246701,0.07121202199999999,0.20400322,0.072311309,0.012286142,0.000169924695,7.01927947e-05,0.022503172125000002
3,0.16871527988288634,0.1654681731345446,0.07649396299999998,0.07041564599999998,0.19924755,0.072122372,0.0237359564,0.000559179424,0.000213899316,0.04084087125
4,0.16396538258962762,0.15952980519923687,0.075739195,0.06946707599999999,0.19401242,0.07186957399999999,0.0372125864,0.0011399843,0.000440351186,0.061400722250000005
5,0.15852042271918282,0.15295134354433096,0.07490485799999999,0.068436186,0.18808469,0.071556394,0.0494778734,0.00183872191,0.000718734029,0.08245531025000001
6,0.1529471924886319,0.1467697982526238,0.074051159,0.06749146599999999,0.18210397,0.071188292,0.0585510229,0.00260430404,0.000987586365,0.10853830525
7,0.1481078904883436,0.14211718877275004,0.073312715,0.066797598,0.17702032,0.07077616699999999,0.063248519,0.00343619593,0.00123285196,0.13513001225
8,0.14403967821089178,0.13935584831352751,0.072638734,0.066435201,0.17277623,0.07032944099999999,0.0654654487,0.00433687517,0.00146694392,0.15852397425
9,0.14190317402968863,0.13785361400651008,0.072231985,0.06618658899999999,0.1706405,0.069863885,0.0683101944,0.00551717736,0.00171544445,0.17514939425
10,0.1405015202129113,0.1368417468406404,0.071956619,0.06594317799999999,0.16919475,0.069396635,0.0710863688,0.00694978352,0.00213710099,0.1836568415
11,0.13948885825687202,0.1358610012508539,0.07175812,0.06577820899999999,0.16809119,0.068938905,0.073594047,0.00799815555,0.00262444859,0.18865510700000002
12,0.13831561757625,0.13492624474191792,0.0715155,0.065592191,0.1668043,0.068493509,0.0749027603,0.00974086876,0.00334624569,0.19264848899999998
13,0.137437091607968,0.1341007343839369,0.07131655999999999,0.065421909,0.16581446,0.06806853199999999,0.0772267268,0.0113577743,0.00415240193,0.19590135025
14,0.1364908853566973,0.13306854463515808,0.071102269,0.065212504,0.16477559,0.06766689299999999,0.0775217204,0.0129608142,0.00511959541,0.20111787650000001
15,0.1356162981512,0.1323014427287907,0.0708932,0.065042929,0.16378836,0.06728943899999999,0.0794384063,0.0148839159,0.00609031635,0.20367964275
16,0.1348633731599881,0.13156611181181752,0.070743211,0.064967049,0.16293954,0.06694529099999999,0.0788435375,0.0171944085,0.00721291038,0.20604336925
17,0.1340158242812685,0.13094836654422431,0.07057430099999999,0.064817592,0.16205048,0.066625034,0.0809956938,0.0193907316,0.00858157045,0.2107939345
18,0.1336442936925827,0.1302739074854365,0.07048647899999999,0.064706264,0.16162957,0.06633563999999999,0.0806980326,0.0214907317,0.00996343512,0.21222378125
19,0.13294925800688034,0.1295552169727131,0.07035776299999999,0.06458428899999999,0.16088022,0.066073105,0.0820932202,0.0248846997,0.0114770296,0.21469710050000002
20,0.13213529025646262,0.12905457714977409,0.070164745,0.06448209599999999,0.15998656,0.06583307499999999,0.0825441889,0.0277671993,0.0130863373,0.2178676345
21,0.1317348939249987,0.12853015933269896,0.070102312,0.064407833,0.15958592,0.065622214,0.0834027648,0.0308338973,0.0145148973,0.22012023025
22,0.1311954732556126,0.12798334926333083,0.069968255,0.064322958,0.15897034,0.06543221299999999,0.0843793855,0.0329479026,0.0165007012,0.2207780845
23,0.13058857348595362,0.12763312319158912,0.069882365,0.06432036799999999,0.1583645,0.065266306,0.0840496854,0.0367047829,0.0182826763,0.2244556485
24,0.13033512326349728,0.12728023966549235,0.06983398099999999,0.064273587,0.15810191,0.065117647,0.0853979471,0.0409375464,0.0201097779,0.224625324
25,0.12983329502933927,0.12674989733206565,0.06975351599999999,0.064134525,0.15760922,0.064979257,0.0851128323,0.0443363795,0.0220571069,0.226677396
26,0.12943720855314042,0.12639148029518008,0.06968182199999999,0.06411666099999999,0.1571574,0.064857779,0.0852900413,0.0479052537,0.0244577528,0.22617996899999998
27,0.12888490581986792,0.1261160828852361,0.069567428,0.064059989,0.15660806,0.064748012,0.086219914,0.0527456993,0.0264929075,0.22881515549999998
28,0.1287289521865182,0.12565845532494363,0.069489994,0.063986482,0.15644073,0.064647177,0.0869173149,0.0570856951,0.0287606088,0.230708426
29,0.1283609166922297,0.12526888312579998,0.069400779,0.0638946,0.15602096,0.06455149399999999,0.0874786123,0.0601361747,0.0309315324,0.22847610825
30,0.1279762592243102,0.1249168934491533,0.069366794,0.06388841899999999,0.15568071,0.064468852,0.0870640874,0.0652890004,0.0333486714,0.23141879125
31,0.127597706050472,0.12460333826052775,0.06926388,0.063798343,0.1552639,0.064387085,0.0873118388,0.0688813801,0.0360888736,0.23102027725000002
32,0.12683007044880512,0.12410041048086631,0.069145839,0.063742308,0.15449737,0.06431261199999999,0.0883067751,0.075512486,0.0381793698,0.23224860025
33,0.12674200677993402,0.12391810262025471,0.06912089799999999,0.063695471,0.15441421,0.064242367,0.088405228,0.0787742783,0.0406838858,0.2331959165
34,0.1267005480784997,0.12369284397788297,0.069113779,0.063653114,0.15441225,0.064177848,0.0877469659,0.0858901595,0.0435222887,0.23328945675
35,0.12629994350662813,0.12324731373024761,0.068998223,0.063556318,0.15401091,0.064111047,0.0895847667,0.0886300299,0.0460784138,0.234244612
36,0.1258780116728157,0.12296492253173799,0.068947256,0.06352625999999999,0.15360127,0.064051106,0.0893541512,0.0953500445,0.0482274824,0.2355225285
37,0.1254336612866986,0.12258938497079969,0.068870585,0.063456344,0.15318113,0.063991648,0.0901796801,0.102719363,0.0513100049,0.2355723705
38,0.1249409147799841,0.12227913705958361,0.06874681099999999,0.063460565,0.15264845,0.063939568,0.0896252738,0.104510951,0.0535742248,0.2374663565
39,0.12437958707714315,0.121529787688762,0.06864627699999999,0.063320502,0.15210261,0.06388122299999999,0.0905119199,0.113321017,0.0555471019,0.2377151035
40,0.1240561679506397,0.12132460336368761,0.068563971,0.063279755,0.15180417,0.063825916,0.0911933179,0.119339311,0.0589387552,0.23823321674999998
41,0.12371320820023202,0.1210437366243911,0.06848491999999999,0.063174489,0.15145886,0.063765849,0.0909015639,0.122065353,0.0613098445,0.23927097025
42,0.12350127569738728,0.1205294987649603,0.06845868399999999,0.063028392,0.15133883,0.063696339,0.0925182696,0.12926178,0.0642731568,0.2398602035
43,0.12304347059212777,0.12031906668726593,0.06832586599999999,0.063056483,0.15083923,0.063635999,0.0905705756,0.138209755,0.0662842987,0.24029970525
44,0.12251426946498362,0.11982595998420756,0.06822343499999999,0.062943853,0.1503416,0.06357207499999999,0.0926541286,0.143380028,0.0693646844,0.24119464675000002
45,0.12203197574575163,0.11952783163628193,0.068109118,0.06281872799999999,0.14988438,0.063501865,0.0926509395,0.147750499,0.0720789556,0.24202832125
46,0.1215023921018483,0.11905613922648192,0.06798516899999998,0.062783728,0.14936821,0.063434777,0.0932301094,0.154860996,0.0745797835,0.243229497
47,0.121139918866138,0.11912346384131764,0.06795474,0.06274635499999999,0.14907726,0.063370468,0.0930238119,0.164037375,0.0771496985,0.243392419
48,0.1209706318608165,0.11863447812501152,0.067889101,0.062682648,0.14895222,0.06330646699999999,0.0942035774,0.16672365,0.0801687993,0.24324274399999998
49,0.12053431811508414,0.1185964322655841,0.067793327,0.062613061,0.14855541,0.06324126199999999,0.0937549609,0.173738364,0.0827402954,0.24513158824999998
50,0.11987499984521188,0.1178420013671511,0.06764440899999999,0.062528732,0.14791483,0.063175945,0.0948460661,0.182014057,0.0851290238,0.24405675775
51,0.11958003063530862,0.11775164413940921,0.067552065,0.06240896199999999,0.14766992,0.063103565,0.0947395971,0.185261995,0.0892483811,0.24563586450000002
52,0.1193043078140305,0.11719228420906913,0.06751969,0.06238136799999999,0.14746352,0.063036351,0.0951534582,0.192353372,0.0914649973,0.24563722475
53,0.11853523497926863,0.11705508892195576,0.067317215,0.062330807,0.14671531,0.062969977,0.0961030128,0.19976917,0.094421976,0.24528095900000002
54,0.11858862224281258,0.11673822704547578,0.06734855399999999,0.062186334,0.14684069,0.062897282,0.0951209469,0.200992275,0.0964427886,0.24530095975
55,0.11787909398547242,0.1162550961093945,0.067197578,0.06208083,0.1461753,0.062819911,0.0961084508,0.210268023,0.0992119168,0.24542220874999998
56,0.11738151060416112,0.11592871779968693,0.067032511,0.062039817,0.1457079,0.062747741,0.0964150825,0.216418616,0.102638313,0.2463017765
57,0.11741149175721179,0.11563003094748812,0.067049234,0.061993211,0.14584252,0.062679463,0.0968532737,0.221721523,0.105027179,0.245754266
58,0.11652513280651475,0.11530190951167177,0.06683950699999999,0.061918233999999996,0.14497544,0.06260935799999999,0.0967638607,0.226693348,0.108829851,0.2457140595
59,0.1164154008322355,0.11500204539702269,0.06683644799999999,0.061722479,0.14500086,0.06252630999999999,0.0972343376,0.236621717,0.111023303,0.24639004025
60,0.11610396564647452,0.11483558506399391,0.066725099,0.061679128,0.14472706,0.062448014999999996,0.0975212175,0.238891909,0.113416996,0.24651533625
61,0.11535704080118862,0.11424945449628285,0.06657801499999999,0.061587357999999995,0.14399984,0.062369811,0.097981469,0.247899384,0.11555232,0.24537145100000002
62,0.11507438626972138,0.11397108882385931,0.066498026,0.061565818999999994,0.14378291,0.062295330999999995,0.0972877285,0.248507935,0.118815416,0.24604065625000002
63,0.1146889782637525,0.11324360874324593,0.066426451,0.061362482999999995,0.14351136,0.062209742,0.0980615173,0.253552587,0.121885604,0.245780297
64,0.11422754379780753,0.11308248572134154,0.06631804899999999,0.061345403,0.14308533,0.062129528999999996,0.0979257503,0.258982067,0.124200112,0.24603373325
65,0.11375174304097471,0.11275013556220362,0.066191279,0.061192634999999995,0.14267496,0.062043597,0.0988033039,0.267872669,0.126911678,0.245685816
66,0.11346378111254699,0.11299223672268852,0.066131786,0.061245302999999994,0.1424697,0.061969277999999996,0.0997219277,0.270003349,0.129035271,0.24416015124999998
67,0.11313702123575929,0.11242010250968495,0.06601793099999999,0.061052033,0.14219492,0.061884914,0.0984188321,0.27105097,0.132308912,0.24422465599999998
68,0.11255864761621928,0.11145645119210765,0.06587848399999999,0.060947845,0.14158861,0.061799058999999996,0.0999172558,0.276483641,0.132985801,0.24384469325000002
69,0.1121956507565797,0.11141351399039848,0.065822029,0.06082543599999999,0.14136221,0.06170942399999999,0.0994352698,0.284253121,0.136388722,0.2433692065
70,0.11175916450000001,0.11144999020978451,0.06573,0.060894099,0.14094704,0.061633005,0.0988675905,0.285660381,0.138220306,0.2432602905
71,0.11127994909111018,0.11050337737694203,0.065586794,0.06067049799999999,0.140493,0.06154235499999999,0.100365411,0.288500201,0.13987415,0.24387436225
72,0.1110251610003518,0.11029028428045579,0.065492266,0.06051666599999999,0.14029289,0.061445999999999994,0.100373278,0.292012156,0.142718676,0.24245335824999997
73,0.11068558634611737,0.1100423427718179,0.065432626,0.06048219099999999,0.14004381,0.06135466399999999,0.100102125,0.300641541,0.144266399,0.24249499675000002
74,0.11039160226135593,0.10978296025499715,0.065337972,0.060399773,0.13981003,0.06126522499999999,0.0993960623,0.301519378,0.147465602,0.24281785774999998
75,0.10971022247277114,0.1092306579756735,0.065157323,0.060341449,0.13911203,0.06117766899999999,0.100750466,0.30367823,0.148534595,0.24324227425
76,0.10943187738753862,0.1088237321512433,0.065087015,0.060242084,0.13888966,0.061088573,0.100895635,0.309288667,0.150070043,0.24159839075
77,0.10890389464607764,0.10851205987815435,0.065006445,0.060103813,0.13836537,0.060994338999999995,0.101367078,0.309859413,0.15124101,0.241429073
78,0.1086962493883761,0.108297756667008,0.06488598899999999,0.06009696,0.13820607,0.0609077,0.101509111,0.314958057,0.153401833,0.2402255055
79,0.10807396491768842,0.10828787275027295,0.064814778,0.06008436699999999,0.13760504,0.060826429999999994,0.100811735,0.313324256,0.155712277,0.2407902845
80,0.1079669938880113,0.10753642694355872,0.064753381,0.059840312,0.13747515,0.060731341999999994,0.101521741,0.313908523,0.155988334,0.23895682299999998
81,0.1074039886408786,0.107183519261288,0.064598135,0.059803239999999994,0.13703707,0.060642091999999995,0.102102515,0.327512173,0.158608221,0.23913442625
82,0.1072411073024829,0.10693160246865695,0.064538691,0.059680817,0.13679677,0.060550335999999996,0.100738348,0.323207044,0.158379456,0.24081410599999997
83,0.1066642020021177,0.10641311508019712,0.064427979,0.059644032,0.13624767,0.06046156899999999,0.101919194,0.326851489,0.160267703,0.239394991
84,0.1066261888919053,0.10634304923970529,0.064393616,0.059534531,0.13623118,0.06037191299999999,0.101898214,0.324553971,0.161312168,0.23800312725
85,0.10622304280907391,0.10572182458985088,0.064290128,0.05944097599999999,0.13580165,0.06028134699999999,0.101822679,0.328661489,0.162327126,0.23818211975
86,0.1057041492453844,0.10552379986990698,0.064194522,0.05939221399999999,0.13538997,0.060192622,0.10177489,0.329776899,0.165016594,0.23848921525
87,0.10543781733721322,0.1053008653305499,0.064146838,0.059308640999999995,0.13506782,0.060104954,0.102029247,0.333410983,0.164034112,0.237698059
88,0.10479470269945432,0.10466986891071155,0.063977431,0.059119346999999996,0.13433581,0.06000644299999999,0.102130503,0.331859934,0.165001303,0.23641386350000002
89,0.10471635722499051,0.1045207930064063,0.06397391,0.059192119,0.13427164,0.059925817,0.103322417,0.329005108,0.165038726,0.2368799795
90,0.10432944143340031,0.10444304116122295,0.063794031,0.059099383,0.13381854,0.059842664,0.102844623,0.333525616,0.166985258,0.2358047915
91,0.10389448923579496,0.1038716189713105,0.063719033,0.05896961,0.13338907,0.05975468799999999,0.102968019,0.336131647,0.167210177,0.23476119975
92,0.1036489070088,0.10378664343558534,0.0636524,0.058963736999999995,0.13316743,0.059673894,0.103893238,0.334747605,0.167920534,0.23498715025
93,0.10363170557418111,0.10357654423352167,0.063645232,0.058827356,0.13308261,0.059587933999999995,0.102514314,0.334472484,0.167803784,0.23510229825
94,0.10330181262668442,0.10351042982803578,0.063547022,0.058829665999999996,0.13277691,0.05951103199999999,0.103706801,0.334390973,0.169788837,0.23307398425
95,0.10278079315048362,0.10291864917892363,0.063446565,0.058654085,0.13218939,0.059422153,0.103546741,0.336988384,0.169213165,0.233964898
96,0.10251737989655511,0.10253523483686698,0.063370839,0.05863128599999999,0.13181785,0.059341499,0.103770801,0.335694447,0.1691138,0.2318022605
97,0.1024056226087115,0.10233157987494362,0.063372351,0.058513517999999994,0.13176374,0.059256127,0.104156194,0.337904694,0.1694352,0.23272964575
98,0.1019641540715945,0.1021584873126059,0.06322267,0.058468991,0.13129026,0.059177041,0.103172421,0.337907423,0.17081365,0.231993373
99,0.10174302882936762,0.1019425693337052,0.06314360499999999,0.058362738,0.13094566,0.05909428,0.104349512,0.338478822,0.170247783,0.23098728675
100,0.1019061784086799,0.10161702892562931,0.063198359,0.058351180999999995,0.13114402,0.05901791,0.103314642,0.335801777,0.170498901,0.23121741299999998
101,0.1013239521105205,0.10180435173481762,0.063056749,0.058283644999999995,0.13044965,0.058940958999999994,0.10411944,0.336567457,0.170397715,0.23071824800000001
102,0.10107120692818086,0.10149874921553569,0.06298647599999999,0.058209255999999994,0.13012543,0.05886451899999999,0.104678337,0.336463207,0.170056414,0.22884342175
103,0.10061605945265409,0.10100111623212672,0.062900061,0.058178288,0.12959659,0.05879309099999999,0.10483117,0.339771396,0.168424976,0.2299441385
104,0.10043005245597368,0.10097104709639072,0.06283937099999999,0.05812391199999999,0.1293662,0.05872337799999999,0.105170371,0.331430929,0.170678227,0.22845537275
105,0.10045997057832994,0.10091673950348967,0.062833533,0.058130156,0.12935228,0.058659446999999997,0.104810714,0.330057217,0.169574658,0.22877554875
106,0.099994347638266,0.10063491318542363,0.062715702,0.058137835,0.12883233,0.058603664,0.105053982,0.333195603,0.169440327,0.22723628975
107,0.10010031265699232,0.1003539452130595,0.062742008,0.058027151,0.12889519,0.058541832999999995,0.105514387,0.333199015,0.169249099,0.2266106685
108,0.09966264773746296,0.10016114743809448,0.062627383,0.057989035999999994,0.12834615,0.058483089,0.104471833,0.333983939,0.1692541,0.2256066585
109,0.09962572370196496,0.0999796914068361,0.06258678299999999,0.057906260999999994,0.12816468,0.05842143999999999,0.104788814,0.32840817,0.167725659,0.22433603
110,0.09918377982270295,0.10001922392190654,0.062513367,0.05798715299999999,0.12777523,0.058373251999999994,0.105875002,0.334316503,0.168844147,0.22489350125000002
111,0.09929246858882093,0.09965677448151711,0.062528767,0.057845032,0.12776999,0.058316713,0.105633389,0.329133094,0.167426039,0.224382287
112,0.09885250310471932,0.09926979301379049,0.062398063,0.057658089999999995,0.1273442,0.058246495999999995,0.106375226,0.330652677,0.167996192,0.22524628200000002
113,0.09883460016424214,0.09925145574128168,0.062400023,0.057701643999999996,0.12714349,0.058187856999999996,0.104603525,0.324635107,0.166739298,0.2229036355
114,0.09868269988400767,0.09925850718211002,0.062385456,0.057707902,0.12701725,0.058135349999999995,0.106272256,0.325109628,0.167843953,0.2227495705
115,0.0984775960332501,0.09875416745900215,0.062303660999999996,0.057612023,0.12666102,0.058078076,0.105347347,0.324997811,0.165943692,0.22341421449999999
116,0.09852902730014368,0.09888820201604041,0.062313943999999996,0.057560678,0.1266918,0.058022992999999995,0.105586393,0.32335208,0.165286004,0.22118507775000001
117,0.09816955607209762,0.0986883932003197,0.062226044999999994,0.05762822099999999,0.12624506,0.05797788499999999,0.106208207,0.324234787,0.164692174,0.22106662624999998
118,0.09772622578156248,0.09827529047263263,0.06211275,0.057446094999999996,0.12571497,0.05792130399999999,0.10618195,0.326983083,0.164494193,0.2206169395
119,0.09770755155477011,0.09817455492111155,0.062135660999999995,0.057439347,0.12566563,0.057869531999999994,0.107171479,0.319432522,0.164315322,0.21862439275
120,0.0978857506457905,0.09840630537733032,0.06213809,0.057473107999999995,0.12571724,0.057825446,0.106896439,0.31896967,0.162787475,0.2185474435
121,0.09769863740300362,0.0979897025759565,0.062093115,0.057396899,0.12547493,0.057779526,0.106050667,0.317472299,0.162299363,0.21871163624999998
122,0.09727349285666281,0.09784972060684394,0.062010857999999995,0.057360667,0.12499797,0.057732443999999994,0.107467704,0.318415683,0.162113604,0.21851660275
123,0.09697905696563562,0.09806173430986863,0.061927082,0.057382465,0.12459393,0.05769261399999999,0.10583178,0.315259071,0.161533374,0.2189296815
124,0.09720343692038048,0.09861162651960731,0.06197413599999999,0.057464981,0.12476583,0.057663836999999996,0.106932574,0.313961126,0.160556894,0.21645589324999998
125,0.09689731058258814,0.09770072055059154,0.061868527,0.057320403,0.12434991,0.057625490999999994,0.107141336,0.307961756,0.160053334,0.2166345675
126,0.09665444871465975,0.09768263291231793,0.06183800699999999,0.057279117,0.1240704,0.05758647299999999,0.107824849,0.313001263,0.159359724,0.21625772925000003
127,0.0966372241962726,0.09729604356065874,0.061817455,0.05717495699999999,0.12393837,0.057540433999999994,0.107475019,0.307620565,0.158341539,0.21522251825000002
128,0.0965189952653667,0.097168184644968,0.061817329,0.05721156,0.12379877,0.057502661999999996,0.10725839,0.306520499,0.158236139,0.21413509675
129,0.09634828848377933,0.09723436522325402,0.061739937,0.057145101999999996,0.12350498,0.057463419999999994,0.107574774,0.309690909,0.156916699,0.2125537075
130,0.09647105330369253,0.09709751799357691,0.061743353,0.05718834099999999,0.12356779,0.05743051999999999,0.107637746,0.301482236,0.156623367,0.21326424675
131,0.09605419196277534,0.09731619304596922,0.061630513,0.057134462,0.12305936,0.057396731,0.107340217,0.303724973,0.156509314,0.21256734900000002
132,0.09596332946709177,0.09709081930686862,0.061631234,0.057181214999999994,0.12288448,0.05737120199999999,0.107902501,0.305464027,0.154141042,0.21231543625000002
133,0.0962076765301531,0.09684403003695852,0.061700961,0.057043301,0.12313191,0.057333318,0.107132096,0.300031003,0.154831488,0.21198832599999998
134,0.09596310751156327,0.09656229534614871,0.06163491599999999,0.057038121,0.12279568,0.057299675999999994,0.108110433,0.299973028,0.153517771,0.21182088875000002
135,0.09579239633116601,0.09693894967040673,0.061639298,0.057090712,0.12259476,0.057275007999999995,0.108034923,0.297483915,0.153218984,0.21035131124999998
136,0.09551785510021799,0.09641491377932762,0.061560939999999995,0.056991444999999995,0.12219187,0.057242156999999995,0.107641888,0.298760082,0.152140735,0.20953520325
137,0.09566166370264617,0.09665228906376487,0.06159130599999999,0.057090124,0.122315,0.05722128299999999,0.10781358,0.296092343,0.151702832,0.20914879225
138,0.0954615639682545,0.09675234292758433,0.061548969999999995,0.057075591999999994,0.12203524,0.057202313,0.108759693,0.294004646,0.150628495,0.20883721
139,0.09561714161758207,0.09616086950141951,0.061543104,0.05696275199999999,0.12205179,0.057173752999999994,0.107914013,0.291773188,0.148766247,0.20768974974999999
140,0.09523126540306923,0.09632663864934754,0.061410538,0.056881852999999996,0.12163362,0.057139341,0.108847079,0.290431207,0.149680527,0.20844069725
141,0.09529890820078814,0.09643730795107883,0.06147147299999999,0.056946442,0.1216375,0.057114490999999996,0.108717272,0.289187806,0.148461523,0.2060171595
142,0.09506558985550295,0.09637808116420762,0.061384616999999995,0.056959594999999995,0.12129963,0.057094499,0.1093173,0.284046382,0.147638247,0.2058120625
143,0.09494056308243451,0.09618022891955161,0.06137187,0.056980882,0.12113685,0.057077341999999996,0.108286,0.284699536,0.147285707,0.20437934075
144,0.0950353148412635,0.0962819834929454,0.061351199,0.056877925999999995,0.12119604,0.057052009,0.108876014,0.284749274,0.146936105,0.20347844874999998
145,0.09491187833533031,0.0958997476282625,0.061323108,0.05686904999999999,0.12098281,0.05702879,0.108912767,0.284602681,0.145225056,0.2064838045
146,0.09475093459901993,0.09572197339545,0.061315827999999996,0.056825299999999995,0.12074259,0.057003386999999996,0.108623784,0.278609691,0.145619163,0.202781459
147,0.09497741377663335,0.0960657992463745,0.061385863,0.056864569999999996,0.12093536,0.056984934999999994,0.109158425,0.277221286,0.14393743,0.2030918125
148,0.09472879025648764,0.09607211936264778,0.061264244999999995,0.05683536599999999,0.12061572,0.056965474999999995,0.109576457,0.279775971,0.143519375,0.20145536975
149,0.0947338861207587,0.09605930360020262,0.061302129,0.05684269499999999,0.12055234,0.056948177999999995,0.109601921,0.27581174,0.142609585,0.20187031125000002
150,0.09469753456242379,0.09573559077155112,0.061291034,0.056823731999999995,0.12049883,0.05692897699999999,0.108807103,0.275250652,0.142703667,0.200379325
151,0.09411043339622567,0.09586731461049361,0.061179244,0.056813714999999994,0.11982462,0.056913353,0.109821766,0.275450544,0.141625849,0.199439851
152,0.09442513118009721,0.09539875926219432,0.061188638,0.056771091999999995,0.12005925,0.05689451599999999,0.109516868,0.269949277,0.140948963,0.199174725
153,0.09427291810875449,0.09562430850022911,0.06116397,0.056718368,0.11983818,0.05687194799999999,0.10959359,0.271535913,0.140003602,0.198941921
154,0.09429370897857531,0.09539882690357152,0.061182218999999996,0.056704647999999996,0.11984292,0.056849715999999995,0.109529749,0.268805338,0.140275572,0.19752763275000002
155,0.09421696256830074,0.09567792585264799,0.061154442999999996,0.056752359999999995,0.1196851,0.056837326,0.109523303,0.26526683,0.138727259,0.19823057575
156,0.0944553602995127,0.09567392877564915,0.061246521,0.056827827,0.11995129,0.056830389,0.109749248,0.266527523,0.138124182,0.19654729225
157,0.09402899685990249,0.09559523922624816,0.061071836,0.05669222299999999,0.11933872,0.05681251799999999,0.110079037,0.263193944,0.137184124,0.19642175925000002
158,0.09400707845229607,0.09542524370768798,0.06109720399999999,0.05676075999999999,0.1193235,0.056801058999999994,0.10874143,0.264334939,0.13719929,0.19601429574999998
159,0.09394373672111911,0.09530184671859711,0.061050310999999996,0.05675863899999999,0.11922403,0.056792722,0.110240794,0.259996451,0.136590379,0.19435820175000001
160,0.09402336774085247,0.09508953702022829,0.061095663999999994,0.056712831,0.11920656,0.056778904,0.10897589,0.260840931,0.135628389,0.19300422099999998
161,0.09410238775618088,0.09529929912419488,0.06108852399999999,0.05665962399999999,0.11926468,0.056762839,0.110407769,0.257336595,0.134633576,0.19280124799999998
162,0.09382941123774693,0.09527476480879979,0.061026567,0.056654934,0.11892734,0.056745129,0.110223754,0.2572405,0.134054848,0.19359429075
163,0.09373407224751454,0.09488715637490681,0.061040497,0.056602658,0.11882753,0.056725802,0.110730587,0.256501112,0.133938646,0.19156935625
164,0.09360217562314763,0.09505836023557362,0.060988795,0.05664683499999999,0.1185861,0.05671288,0.110427917,0.253651182,0.132934811,0.1912076695
165,0.09368138807066088,0.09500014025192297,0.06099052399999999,0.056726613999999995,0.1186667,0.056709050999999996,0.111103103,0.25403954,0.132394092,0.19129053524999998
166,0.0937215080201145,0.0951855069080724,0.06098322999999999,0.056632421999999995,0.11857996,0.056695869999999995,0.109061626,0.250350692,0.131894261,0.18945349675
167,0.09365439011940863,0.09510194068052609,0.06101518499999999,0.05665329599999999,0.11854581,0.056685733999999995,0.110437924,0.248776265,0.131230474,0.188848686
168,0.09371160763603761,0.09480999304049854,0.060976754999999994,0.056553553,0.11855326,0.05666824799999999,0.110299631,0.24960459,0.130413647,0.18908732925000002
169,0.09352794135022753,0.09494674833221563,0.06089815199999999,0.056633674999999994,0.11828066,0.05666058999999999,0.110936994,0.243458459,0.130577653,0.1889547705
170,0.09342859834734468,0.09459297287402921,0.06087447099999999,0.056497462,0.11812063,0.056640359999999994,0.11085544,0.24634932,0.129560472,0.1881951955
171,0.09345010025162762,0.09485000825288831,0.060899194999999996,0.05663179199999999,0.11813669,0.05663443099999999,0.11035913,0.246953514,0.129892541,0.1859965845
172,0.09358389800255362,0.09470351508386363,0.060910114999999994,0.056562484999999996,0.11820536,0.0566223,0.109996731,0.243211836,0.128842107,0.18499687599999998
173,0.09320712963202414,0.09454130534707328,0.06089657699999999,0.056458416,0.11783116,0.056601552,0.110473118,0.243025684,0.128266309,0.18567726125
174,0.09322136545442794,0.09461776390195081,0.060844132999999995,0.05646195799999999,0.11775907,0.056583274999999995,0.110875714,0.244932374,0.127184142,0.18320424075000002
175,0.09272869404394202,0.09475280137648613,0.060757997999999994,0.05646592699999999,0.11719211,0.05656653799999999,0.111181649,0.240462292,0.127574807,0.18256734875
176,0.09302614255328673,0.09475810570956864,0.06081471199999999,0.056640464999999994,0.11750339,0.056570458,0.111619264,0.237427006,0.127474667,0.18214067274999998
177,0.0929486615400051,0.09501465474262859,0.06077416099999999,0.056571046,0.11736376,0.056563674999999994,0.111159903,0.237763155,0.126169047,0.18300607675
178,0.09316013939699862,0.09469251564932538,0.060811415,0.056503425999999995,0.11755504,0.056555141999999996,0.111126257,0.23813319,0.126506428,0.180631684
179,0.09272174920851753,0.09462048491372312,0.06071265199999999,0.056662039,0.11702097,0.056559741,0.111681125,0.235364329,0.125000549,0.18108258075
180,0.09300194475197161,0.09480555962131175,0.060799382,0.056507142999999996,0.11730763,0.056551466999999994,0.110746807,0.233858629,0.125190008,0.18092348425000002
181,0.09307367471619002,0.09449243103991642,0.06078809799999999,0.05655262199999999,0.11734498,0.05654855499999999,0.111267029,0.233365232,0.124516114,0.17894844825
182,0.09280190208072832,0.09466110276524006,0.060716207999999994,0.05653919599999999,0.11700167,0.056543326,0.111980484,0.230782467,0.123594557,0.17902596625
183,0.09288842958724969,0.09464870412372334,0.06077615599999999,0.05661011299999999,0.1170653,0.05654616099999999,0.110704944,0.229875687,0.122945699,0.17815560275
184,0.09297943114916674,0.09463608275476539,0.060780642999999995,0.056447426,0.11717822,0.056531663999999995,0.111953879,0.227675007,0.123541989,0.17737468925
185,0.09284331645005738,0.09429018870607361,0.060739126,0.056533085,0.11695434,0.056526638,0.111607151,0.227126998,0.122661128,0.17687158474999998
186,0.09240213880549791,0.09454322009814617,0.060575927999999994,0.056516305999999995,0.11643101,0.056521975999999995,0.11164662,0.227585084,0.122804559,0.17570273949999998
187,0.09237464595888287,0.0943387053839787,0.060590823999999995,0.056479871,0.11634589,0.056513555,0.111761011,0.230032461,0.121241889,0.17453076424999997
188,0.09269128810178522,0.09456392277545883,0.060721262,0.056435441999999995,0.11672049,0.05650177399999999,0.111687572,0.224746048,0.121428855,0.17416626224999998
189,0.09256775605471451,0.09418215352912489,0.06065227,0.05640412399999999,0.11652469,0.05648826399999999,0.111120396,0.223936358,0.121408322,0.17398678
190,0.09254113571568288,0.094079283651642,0.060660823999999995,0.056451219999999996,0.11645651,0.05648048,0.111776898,0.219718597,0.120616402,0.17180037225
191,0.0926317627144497,0.09415368990745088,0.060674971,0.056420259,0.11658657,0.056469497,0.112493929,0.223021387,0.120607106,0.1716819645
192,0.09242626812399803,0.0945619101269829,0.060642302,0.056488691,0.11629192,0.056467648999999995,0.111593527,0.221637214,0.119472811,0.17205512199999998
193,0.09234660756333976,0.09389050888668149,0.060648433999999994,0.056519350999999995,0.11621329,0.056466605999999996,0.111670342,0.221841477,0.119713559,0.17016038774999998
194,0.09228581032567355,0.09405633169254635,0.06056980299999999,0.056375963,0.11607793,0.056453957,0.111646775,0.219921271,0.119016287,0.171157975
195,0.09235858558403094,0.09423755789096364,0.060608233,0.056457765,0.11610131,0.056450842,0.11148712,0.214320923,0.118081968,0.16988774925
196,0.0923927307222991,0.0941939830758484,0.06058831099999999,0.056474278,0.11611377,0.056447538,0.111387471,0.215910331,0.117837785,0.1692848425
197,0.0925517529512652,0.09372840330336282,0.060662238,0.056375857999999994,0.11631644,0.05643759799999999,0.112375697,0.217887751,0.117503415,0.167976537
198,0.09243049248126714,0.09438658199922122,0.060607477,0.056489062,0.11611159,0.05643917299999999,0.110850231,0.21569479,0.117723436,0.16886606525
199,0.09248195045287527,0.09423911038254568,0.060601884,0.056482243999999994,0.11616839,0.056437933999999995,0.112030591,0.213583065,0.117670107,0.16721735775
200,0.09237524448226535,0.09399420751553499,0.06059648699999999,0.05641508599999999,0.11601437,0.056432606999999996,0.111777437,0.214127244,0.116678155,0.16656332950000002
201,0.09223554128953074,0.09397213435253068,0.060528306999999996,0.056351070999999996,0.1158213,0.05642108499999999,0.112488135,0.211718772,0.116288746,0.16489552224999998
202,0.09196278889470591,0.09408647340557016,0.060455471999999996,0.05639579399999999,0.11545905,0.05641388199999999,0.112988128,0.208734097,0.115770637,0.16650521075000002
203,0.0925020790156843,0.09414120894784708,0.060610431,0.056364889,0.11608171,0.05640389999999999,0.111163534,0.212907935,0.115375236,0.164517627
204,0.09245167567124035,0.0942502555923753,0.060613986999999994,0.056391530999999995,0.11598492,0.05639829299999999,0.111467479,0.209562959,0.114359206,0.16540459300000002
205,0.09197864220602273,0.09376988337456922,0.060467511999999994,0.05633553799999999,0.11545003,0.056388199,0.112570228,0.206896122,0.115513856,0.16357872499999998
206,0.0921051234818484,0.09410872848398014,0.060513222,0.056481872999999995,0.11555313,0.056393442,0.111413876,0.2068983,0.114981927,0.16355122275
207,0.09186412943140364,0.09419506825749607,0.060490884999999994,0.056397796,0.11530156,0.056390285,0.112447083,0.207404567,0.114572729,0.16309585599999998
208,0.09193942546167763,0.0938915903869703,0.06045819499999999,0.056458969,0.11532746,0.05639265799999999,0.112498058,0.205294545,0.113653309,0.16148622025
209,0.09179348074603577,0.0940707918338625,0.060432834,0.05640985,0.11515392,0.05638933299999999,0.112738488,0.206337226,0.112609463,0.16231170925
210,0.09207573350090036,0.09400272299236513,0.06043198699999999,0.05641143199999999,0.11541473,0.056388332,0.112703022,0.203065147,0.113374872,0.16052045050000002
211,0.09175449650570511,0.09382862565870208,0.06036291099999999,0.056321104,0.11500994,0.056377453999999994,0.112050571,0.201014786,0.11349001,0.16140626924999998
212,0.09211622958383234,0.09420120483407529,0.060534991999999996,0.056461530999999995,0.11548021,0.056380841999999994,0.112113786,0.202572357,0.112672776,0.15963735
213,0.09162565373123763,0.09388668790644969,0.060362994999999996,0.056403843999999995,0.11487121,0.056379889999999995,0.113070448,0.202290255,0.112572992,0.15837084424999998
214,0.09150741215228353,0.0940761430594638,0.060286947,0.05644703399999999,0.11469638,0.056380506,0.111866935,0.200752425,0.112584765,0.15890421799999999
215,0.09202832531219955,0.09402755605033562,0.060530253,0.05644958199999999,0.11534244,0.05638273199999999,0.112507626,0.201084803,0.111561537,0.15734574750000002
216,0.09185327803965802,0.0937902050838187,0.06042530199999999,0.056416128999999995,0.11508197,0.05638079299999999,0.112143794,0.202432852,0.111311297,0.15772179875
217,0.09191746221497898,0.0936203324834099,0.060469514,0.056308672,0.1151397,0.056369921999999996,0.112007892,0.196983373,0.111097803,0.15696044175
218,0.09156268432462777,0.09365793842514056,0.060299134,0.056341753999999994,0.11469536,0.056363181,0.113214003,0.200412955,0.110998179,0.15657107425
219,0.0915896187483079,0.09392125584548094,0.060321190999999996,0.05632676699999999,0.11470506,0.056356314,0.112706812,0.198375546,0.110187307,0.15556167725
220,0.09169382570391965,0.09401961820061311,0.060345656,0.05635716799999999,0.11480954,0.05635148399999999,0.112550573,0.195963341,0.110844871,0.15503160975
221,0.0914889842809105,0.09390464547243149,0.060332250999999996,0.056344351,0.11457412,0.05634757099999999,0.112777516,0.194786889,0.110045785,0.15434526375000002
222,0.09184484270726974,0.093768887985792,0.060361006999999994,0.05637072,0.11494999,0.05634539399999999,0.113116404,0.197513529,0.110068343,0.15452182425
223,0.0914267656672155,0.09388529582873274,0.060337248999999996,0.056416843,0.11449441,0.056347137,0.112867052,0.195445422,0.10995857,0.15456217249999998
224,0.09157126460749714,0.09390605852934214,0.06035022699999999,0.056301273,0.11461555,0.056339191999999996,0.112342923,0.195236179,0.109715868,0.150660548
225,0.09140128328025804,0.09386700556777089,0.060267801999999995,0.05633297599999999,0.11438727,0.056334634999999994,0.112973367,0.197083328,0.109085634,0.15282769925
226,0.09164458620637018,0.09369678981742513,0.06034670599999999,0.056347123,0.11463969,0.056332100999999996,0.112871377,0.193022056,0.108313802,0.15079821375
227,0.09138807125730698,0.09393770150052215,0.060302214,0.056436022999999995,0.11438665,0.056338176999999996,0.112369199,0.192638634,0.10862607,0.15203518
228,0.09138733251431562,0.09357897899624762,0.060276474999999996,0.056213044999999996,0.11432542,0.056321258,0.113448934,0.191698302,0.107687619,0.150819241
229,0.091323655262952,0.09375217265523111,0.06026748,0.056347732,0.11428292,0.05631924199999999,0.112490493,0.192956494,0.108157613,0.1520826005
230,0.0912255525185407,0.09375035367899433,0.06021332099999999,0.056313907999999996,0.11411845,0.056315664999999994,0.113502235,0.190387487,0.10809809,0.15129848175
231,0.09125498127480694,0.0936448370572145,0.060255433,0.05634890099999999,0.1141493,0.05631527299999999,0.112318463,0.189254544,0.108087921,0.14986238000000002
232,0.09130000681321002,0.09394527831312262,0.060262902,0.056344294999999996,0.11418522,0.05631301899999999,0.113144231,0.191296739,0.106780506,0.1491311215
233,0.09143590153351194,0.09343101559839592,0.060281066999999994,0.056280028,0.11430798,0.056305683,0.112307231,0.189470367,0.107054592,0.14915736575
234,0.09135262820792553,0.09374331333918112,0.060301947999999994,0.05622976799999999,0.11424025,0.05629493799999999,0.112723013,0.185795102,0.107267059,0.148653796
235,0.09125228276486613,0.09368755453691552,0.060259927,0.056272552,0.11410904,0.056288042999999996,0.112949783,0.189161292,0.106700667,0.1489172815
236,0.09131794666769863,0.09359780550253051,0.06019933499999999,0.056372189999999996,0.11410094,0.056291438,0.112776398,0.187553158,0.106558767,0.14866607874999999
237,0.09134373866551711,0.09379001710288287,0.060295032,0.056309175999999996,0.11418304,0.056290185,0.112664699,0.185635365,0.106366528,0.14760298025000002
238,0.09129065731178362,0.09362901070619514,0.06024231499999999,0.05635237299999999,0.1141037,0.056293076,0.113558948,0.185401187,0.106662677,0.14699088175
239,0.09101650280685818,0.09340225099597449,0.060199006,0.056280069999999995,0.11378944,0.056288770999999994,0.113030556,0.184289143,0.106130979,0.14713992425
240,0.0911133199486969,0.09356183192763577,0.060214091,0.056327166,0.11388124,0.05628773499999999,0.113401741,0.184352227,0.105598901,0.14546805525
241,0.09093374819027968,0.09369039819944062,0.060173344,0.056257774999999996,0.11367761,0.056282156,0.113935844,0.186287234,0.105507127,0.14624965825
242,0.09105587261960552,0.09359274227623257,0.06021794799999999,0.056278445999999996,0.1137996,0.056277613,0.113333875,0.182149231,0.105756023,0.14532806825
243,0.0912043370688105,0.09361890589357817,0.06019460999999999,0.05632649399999999,0.11394224,0.056278516,0.113071268,0.185965145,0.105478119,0.14561091625
244,0.09108907484119311,0.09345688353708523,0.060183710999999994,0.056213738,0.11376787,0.05626706399999999,0.113473958,0.183704196,0.105149494,0.14396632925
245,0.09108289651778151,0.09307049208543233,0.06019414799999999,0.056264992,0.11376111,0.056262415999999996,0.112353348,0.180878636,0.105031689,0.14419046200000002
246,0.09089914359934523,0.09349097503503309,0.060140738,0.056291038999999994,0.11358008,0.056261499,0.113754577,0.181486129,0.105032166,0.14344642
247,0.09093119921348647,0.09348326042088355,0.060138764,0.056333053,0.11358343,0.056263682999999995,0.113367584,0.183786111,0.104325967,0.14353844425
248,0.09113169875097561,0.09351235494135593,0.060201582,0.056287027999999996,0.11380964,0.05626161799999999,0.11219853,0.182153177,0.104696643,0.143248951
249,0.09097759078053351,0.09333816937771562,0.060111547999999994,0.056220325,0.11360779,0.056254135,0.114387906,0.180445548,0.103698795,0.1432843455
250,0.09078490749255579,0.09355413853886763,0.060110833999999995,0.056372645,0.11340725,0.056261303,0.113828884,0.181143661,0.104472733,0.14090183975
251,0.09103669322610282,0.0938290715944923,0.060166357999999996,0.056351518999999996,0.11366778,0.056265978999999994,0.113500639,0.182799587,0.103451269,0.14224040125
252,0.09085548331167534,0.09345121693426249,0.060160513,0.05628105,0.1134872,0.056263801999999995,0.113070477,0.181604131,0.103545114,0.14206378875
253,0.09109931387718131,0.09348464900697129,0.06018961899999999,0.056326284,0.11370751,0.05626649699999999,0.113171393,0.179297129,0.103447651,0.14108347725
254,0.09078772416055775,0.09332540103747652,0.060100592999999994,0.05634384699999999,0.11333773,0.056270038999999994,0.113077319,0.177905775,0.103475771,0.14117696625
255,0.09073094087628762,0.09333906661738911,0.06006199499999999,0.05619268899999999,0.11327588,0.05625846799999999,0.113674165,0.179621581,0.103198745,0.13962629575
256,0.09083979312662155,0.09373863240243199,0.06002765299999999,0.056325919999999995,0.11335163,0.056260357999999996,0.113654695,0.179554725,0.103302375,0.14035310325
257,0.09081048191228137,0.09387432454374675,0.060058473999999994,0.05645710699999999,0.11334597,0.056276689,0.113698272,0.178455648,0.103197745,0.1404659475
258,0.09083653086665658,0.093371954324794,0.060105346,0.056265397999999994,0.113336,0.05627103299999999,0.112608871,0.177443156,0.102658919,0.13947357275
259,0.09086375011824768,0.09344741634938407,0.060089456,0.056260595999999996,0.11336527,0.05626621699999999,0.112702442,0.177431502,0.102397715,0.1401829455
260,0.09067794830296813,0.0937705101175414,0.060062527,0.056344974,0.11319932,0.056270956,0.113664738,0.180325608,0.102578583,0.13996516875
261,0.09086177109367272,0.0934375123401333,0.060124988,0.056230419,0.11339435,0.056262205999999995,0.11292136,0.177510357,0.102746712,0.13892033374999999
262,0.09068757422607271,0.09343205722147416,0.060051270999999996,0.056318423,0.11316837,0.056264144999999995,0.113639442,0.176086487,0.102193047,0.1388865105
263,0.090462462141608,0.09358559479662974,0.06000203999999999,0.056309743,0.11292852,0.056265545,0.114226189,0.177603637,0.102842733,0.13693016400000002
264,0.09068124310622369,0.0931856303549399,0.060004056,0.056212358999999996,0.11309593,0.056255982999999996,0.113280822,0.176158031,0.101959826,0.1380334295
265,0.09053323138040043,0.09341527095877253,0.060035177999999995,0.05622064699999999,0.11299757,0.056247821,0.113993998,0.175957356,0.101634167,0.138033306
266,0.09058496260224168,0.09347790553430875,0.059989355999999994,0.056286292999999994,0.11301367,0.056246504999999995,0.114200802,0.17449109,0.101699716,0.1373208975
267,0.09088060056127528,0.0933921381155545,0.060111884,0.056207969999999996,0.11336179,0.05623854599999999,0.113221125,0.177321239,0.101566663,0.13823519025
268,0.0904573510676033,0.09334472526116767,0.059950330999999996,0.056246456,0.11285764,0.056237027,0.113555519,0.177225756,0.101718025,0.13768578525
269,0.09053368882724763,0.09353646418879835,0.06001320499999999,0.056343636999999995,0.11295483,0.05624325699999999,0.113821443,0.173732951,0.101412551,0.13680706075
270,0.09026957626181734,0.09343218396331017,0.059977337,0.056283205999999995,0.11269411,0.056244321,0.114669205,0.176231499,0.101265937,0.1366969935
271,0.09034652592233672,0.09315954156668911,0.059989670999999994,0.05621856099999999,0.11276375,0.056237775999999996,0.113975439,0.174847245,0.101836936,0.136472265
272,0.0905618978098809,0.09342778759230366,0.05999725899999999,0.056322055999999995,0.11295694,0.056241744999999996,0.113313174,0.172266873,0.101962463,0.13603771025
273,0.09041830384347649,0.09321028595977762,0.05996726399999999,0.056216195,0.11279667,0.056233485,0.114356116,0.171950695,0.10092416,0.13715948849999998
274,0.09070578843136248,0.09364504803815482,0.06003235,0.056231741999999994,0.1130988,0.056228452,0.113581188,0.171347861,0.100563648,0.137103364
275,0.09041407826012614,0.09338611550848763,0.059929177,0.05622424499999999,0.11278012,0.05622313899999999,0.113949201,0.175012674,0.101303701,0.1358845125
276,0.09025601144900891,0.09357352145632217,0.059917291,0.056234094,0.11261193,0.056220863999999995,0.113856355,0.175109646,0.101291381,0.13512505824999999
277,0.09034089193444768,0.09345332367823096,0.059984456,0.056238686,0.11272308,0.056217951999999995,0.11334368,0.175219199,0.100699935,0.13596401924999998
278,0.0904477924521985,0.09360598365740191,0.059938949,0.056322727999999996,0.11278787,0.05622397199999999,0.113349089,0.174058824,0.100868227,0.136456844
279,0.09008186498476571,0.09352382504807431,0.059854570999999995,0.056310680999999994,0.11237579,0.056229257,0.113936074,0.173190514,0.100712038,0.134575886
280,0.09024574413505151,0.09339168673425616,0.059894352,0.056198177,0.1125627,0.056222830999999994,0.114147528,0.171671884,0.100805444,0.13613679325
281,0.09007524594784602,0.09349393474846059,0.059894702,0.05631274599999999,0.11241348,0.056227471999999994,0.114277032,0.173862307,0.101104642,0.13447322225
282,0.08984772384928769,0.09318623326499814,0.05982345599999999,0.056182776999999996,0.11209521,0.05621907899999999,0.113988788,0.171977372,0.100301313,0.1341239845
283,0.09039724704983272,0.09317449499630442,0.05995698799999999,0.056219477999999996,0.11274473,0.056215901,0.113575076,0.173284256,0.100805308,0.13515584175
284,0.0903422185215597,0.09325731670967978,0.059984029,0.05621306599999999,0.11270424,0.056211379,0.113825788,0.175006411,0.099958889,0.1355998865
285,0.08991265906136248,0.09328103032906088,0.059825149999999994,0.056224476,0.1121767,0.05620986,0.113844668,0.172124171,0.10051711,0.134447198
286,0.09016327850066058,0.09306475034869761,0.059882746,0.056282205,0.11245655,0.056212464,0.113993319,0.172894449,0.100676454,0.1349970815
287,0.0904058015251436,0.09337644935437017,0.059966017999999996,0.056146706,0.11275028,0.05620339199999999,0.114037227,0.170697681,0.100843922,0.1339997115
288,0.09013701500840167,0.09348907274239487,0.059899643999999995,0.05628537599999999,0.11243681,0.056207046,0.113796837,0.171691581,0.100515705,0.13492353075
289,0.0903377423446579,0.09333551378214511,0.059912559,0.05625183899999999,0.11263872,0.05620767599999999,0.113518011,0.173638611,0.100274474,0.13497909025
290,0.08999876519511552,0.093213422257802,0.059807552,0.05616197999999999,0.11224134,0.05619960499999999,0.114415389,0.172412642,0.100441958,0.13471858625
291,0.0900821400870303,0.09317934397752202,0.059832969,0.056228998,0.11232569,0.056197938999999995,0.114423488,0.173301579,0.0997751441,0.13353360050000002
292,0.0901404241286753,0.09347291204534253,0.059878469,0.056232897,0.11241673,0.056197624,0.113667457,0.174842742,0.100023506,0.13497956325
293,0.08988193908312299,0.09355222033010363,0.059806614,0.056253365,0.11212775,0.056199177999999995,0.114521732,0.173309365,0.100138221,0.13527468425
294,0.09012359059562863,0.09326708982833891,0.059864385,0.05621970899999999,0.11237436,0.056196329,0.11320413,0.173103969,0.0999301069,0.13463293825
295,0.0899104734508547,0.09370003565117763,0.059836720999999995,0.05627555499999999,0.11217601,0.05620061999999999,0.115294821,0.170142998,0.099885728,0.13407620375
296,0.0899515759191219,0.09342081005996772,0.059837840999999996,0.056342978999999994,0.11222099,0.056210293999999994,0.113900567,0.17265575,0.100243571,0.13364793925000001
297,0.08986788673238569,0.0931436580417548,0.059782821,0.05618825799999999,0.11209199,0.05620314,0.114716337,0.171526176,0.100408756,0.13286343775
298,0.08975329797134535,0.09326047879696762,0.059719512999999995,0.05625560499999999,0.11193802,0.056203315,0.114797157,0.174070438,0.100142855,0.13347049675
299,0.09007811331804971,0.0934318418922801,0.059834970999999994,0.056320411,0.11234587,0.056211595999999996,0.114398828,0.171346003,0.100810588,0.13474179575
300,0.08998879630719994,0.09369783737609064,0.059827467,0.05625357499999999,0.11222096,0.056210608999999995,0.113146695,0.173036385,0.0999516626,0.133188988
301,0.08971510637331076,0.09313866796795392,0.05976144299999999,0.05626387199999999,0.11192707,0.056211666,0.114104142,0.172599261,0.100448557,0.133962417
302,0.08959203763721482,0.09291244470127695,0.059724742,0.056166816999999994,0.1117936,0.05620175399999999,0.114942092,0.171041239,0.0999948243,0.133983651
303,0.09028521448220572,0.0932250980964745,0.059875179,0.056192429999999995,0.11256349,0.05619743499999999,0.114260488,0.171450944,0.100519463,0.1333364145
304,0.08986406549403314,0.09288503331754615,0.059796722999999996,0.056143926999999996,0.11208834,0.056186459,0.11451766,0.171121103,0.100210331,0.1331565125
305,0.09002313013733049,0.09358449573971793,0.05982669,0.05634286699999999,0.11225904,0.056198953999999995,0.113396253,0.171003483,0.100385453,0.1338892345
306,0.08990274359159807,0.09288644904040379,0.059773504,0.056188034,0.11212843,0.05619396299999999,0.11443004,0.171429454,0.100638698,0.13347234225000001
307,0.08970847614311175,0.09341240393269061,0.059701607,0.056180774999999995,0.11190665,0.056188621999999994,0.114878103,0.172311342,0.100073305,0.133209894
308,0.08972541408752921,0.09332671376235034,0.05973496199999999,0.056266987,0.11192787,0.056194215,0.114657067,0.170842935,0.10061304,0.13364213425
309,0.08969720242949097,0.09318320366590861,0.059742185999999996,0.05612393499999999,0.11190379,0.056183581999999996,0.114291693,0.171436708,0.100621052,0.13403822075
310,0.08993147569758522,0.09333578945013887,0.059811262,0.05621022399999999,0.11216493,0.056183134,0.113697003,0.172688091,0.100444861,0.1331586955
311,0.09010008104604576,0.09311043947007014,0.059817806999999994,0.056216377,0.1123362,0.056181880999999996,0.114057743,0.170401338,0.100296587,0.13350603525
312,0.08980468346384263,0.09298336572746088,0.059813145,0.056189475999999995,0.11207735,0.05617818499999999,0.114139727,0.17443164,0.100527271,0.1330149765
313,0.08982496229476779,0.09325665522473088,0.05972986599999999,0.05617102399999999,0.11201905,0.05617509799999999,0.115340808,0.16992015,0.0995620049,0.133769537
314,0.08963455663822831,0.09351330357515393,0.059705918999999996,0.05622612799999999,0.11179001,0.056175973,0.113740086,0.169186561,0.100265601,0.134262831
315,0.08968600392448253,0.09331352087002409,0.059713647,0.056180403999999996,0.11191451,0.056173655999999995,0.115096638,0.172208765,0.100909037,0.1327445625
316,0.08953956114086571,0.09315193717443243,0.05967082099999999,0.056170422,0.11169,0.056169855,0.11427693,0.171857873,0.100132113,0.13404781075
317,0.08968820457382262,0.09367201899925234,0.05969029499999999,0.056277837,0.11186978,0.05617718399999999,0.113920513,0.172621765,0.100425921,0.13377003375
318,0.0897957342976943,0.09306020965277471,0.059712681,0.056107471,0.11199623,0.056166130999999994,0.114897292,0.17341809,0.100186288,0.133427382
319,0.09009872738173799,0.0934830195343925,0.05984873999999999,0.05629045099999999,0.11235237,0.05617463599999999,0.112986386,0.172459539,0.100631974,0.13418985325
320,0.08954796072266913,0.09321150457636251,0.059651367999999996,0.056164849999999995,0.11168661,0.05617112899999999,0.114418888,0.171303655,0.100612205,0.1343936435
321,0.08974408103117093,0.09344273107543641,0.059734983,0.056231378,0.11195438,0.056172878999999995,0.114434842,0.172947227,0.100147907,0.134169553
322,0.08978400037276249,0.09323638112003482,0.05977195,0.056191757999999994,0.1120064,0.056171528,0.11400117,0.170720497,0.100680481,0.1329924065
323,0.08963351873784273,0.09341086284925512,0.059706156999999996,0.05630083899999999,0.11181923,0.05618041799999999,0.114529682,0.172813775,0.100388187,0.1330525445
324,0.08966528106783642,0.09327860888571551,0.05974887799999999,0.056287448,0.11187682,0.056187544,0.114315751,0.171615101,0.100300129,0.1340496875
325,0.08969025468039954,0.09353070899334155,0.05968599699999999,0.056254596999999996,0.1118753,0.056190595999999995,0.114264818,0.174197825,0.100073396,0.134356167
326,0.08946133421068798,0.09332893511405072,0.05966576,0.056244321,0.11162695,0.056192829,0.11452148,0.172350838,0.100158079,0.133193436
327,0.08949505115494061,0.09345524509092333,0.059620225,0.056268863,0.11165036,0.056198527,0.114689686,0.174132364,0.100598668,0.13347748225
328,0.08961231115943738,0.09375482687421434,0.05975212599999999,0.056365813,0.11180193,0.056212093,0.113251204,0.173020191,0.100163984,0.13398458224999998
329,0.08938509598380762,0.09351288445633053,0.059601681999999996,0.056292047,0.11152346,0.056214864999999996,0.114918537,0.171853385,0.100410031,0.13282960775
330,0.08964022335429897,0.09337462466395671,0.059692485999999996,0.056242920999999994,0.11183241,0.05621418599999999,0.114504212,0.172108089,0.100537388,0.13365056150000001
331,0.08945667383810431,0.09346940763725259,0.059607569,0.056222053999999994,0.11159556,0.056212372999999996,0.115053558,0.173318244,0.0999438358,0.13259706875000002
332,0.08965500897416989,0.09324516525362814,0.059709390999999994,0.056179472999999994,0.11183006,0.05620573699999999,0.113937544,0.172054044,0.100081617,0.134607024
333,0.0895412712107493,0.09322256212539191,0.059696819,0.056215159,0.11172983,0.056201509,0.114506908,0.172532232,0.100162416,0.133236372
334,0.08960121350650191,0.092973349676206,0.059655840999999994,0.056212701999999996,0.11174271,0.056197938999999995,0.114285436,0.171721757,0.100307425,0.133047851
335,0.0897108328255337,0.09317502476016938,0.059718378999999995,0.05628967399999999,0.11191065,0.056203532,0.114397132,0.171566878,0.100205144,0.134899544
336,0.08936817226209762,0.09341022206313133,0.059573955,0.05636953699999999,0.11148436,0.056215768,0.113840099,0.173460939,0.100715481,0.13412130175
337,0.08941982042106174,0.09319587658983071,0.059613393,0.056135911999999996,0.11156871,0.05620458899999999,0.116049534,0.172684107,0.0999412239,0.133686763
338,0.089283426734058,0.09303545078868922,0.05959254,0.056209537999999996,0.11141746,0.056200920999999994,0.114608694,0.173962662,0.100283277,0.134822997
339,0.08946156445499337,0.09322065911006923,0.059644774,0.05624803799999999,0.11163759,0.05620306299999999,0.115198301,0.17369709,0.100462478,0.13462541050000001
340,0.0890944123492775,0.09306269519713234,0.05952104899999999,0.05615441299999999,0.11120001,0.05619573399999999,0.115312364,0.173297568,0.100477557,0.1342523155
341,0.08944386093204607,0.09304373165761395,0.05956529599999999,0.05614791699999999,0.11151852,0.05618709599999999,0.114300996,0.169634777,0.100213789,0.13415334075000002
342,0.08945519583545354,0.0932806319333543,0.059602052999999995,0.05619868099999999,0.11158777,0.056187215,0.114787498,0.173109253,0.100771366,0.133898945
343,0.08927064964996778,0.09275396849819863,0.059550134,0.056060585,0.11135589,0.056170981999999994,0.114753945,0.172047904,0.0999927621,0.1327269355
344,0.08908466486731362,0.0932138869909471,0.059560514999999994,0.05615488899999999,0.11119758,0.056163667,0.114614221,0.170981676,0.100805976,0.13367870275000002
345,0.08918353795341659,0.09344439876200636,0.059548845999999996,0.05628203699999999,0.11129363,0.05617164699999999,0.11510284,0.17324383,0.100749971,0.132487922
346,0.08933732863168618,0.0931826270157255,0.059662806,0.05616375099999999,0.11151874,0.056167727,0.114654854,0.173911485,0.100436151,0.13363034325
347,0.08904352852162763,0.09329010331807763,0.059499195,0.056189804999999995,0.11114167,0.056166082,0.115292963,0.172299698,0.100725192,0.1336972685
348,0.0891042281291739,0.09314742533773133,0.059555040999999996,0.056168287,0.11120995,0.05616310699999999,0.115007638,0.174026278,0.100629365,0.13402472199999999
349,0.08906899955506614,0.09320114379022934,0.059448823,0.05617506299999999,0.11113172,0.056161384999999994,0.115170923,0.173180848,0.100865588,0.13373193175
350,0.08931807056163818,0.0932753112337405,0.059562005999999994,0.05622150099999999,0.11142458,0.056164478999999996,0.11541688,0.173337822,0.100041786,0.133827182
351,0.08914973019835001,0.0931466902427463,0.059517598,0.056190631,0.11123528,0.056163261,0.114960136,0.173547439,0.100303791,0.133158544
352,0.08926087626995882,0.0934236170004063,0.059589557999999994,0.05617663099999999,0.11138087,0.056162343999999996,0.114268184,0.173298839,0.100748181,0.13210133799999998
353,0.0889340639466999,0.0931569318205545,0.059446828,0.05614202999999999,0.111005,0.056158137,0.115789469,0.174378469,0.100381225,0.13447742825
354,0.08904257727162755,0.09278637811606563,0.05950160299999999,0.056070524999999996,0.11110754,0.05614553699999999,0.114941009,0.173421363,0.100148513,0.135579157
355,0.0889674619417411,0.09308856734033513,0.059491761,0.05618006799999999,0.11107037,0.056145368999999994,0.11562189,0.172885544,0.100339882,0.132346808
356,0.0890524662088,0.09326515231319471,0.05945239999999999,0.056209278999999994,0.11111353,0.05614806399999999,0.115541173,0.174837032,0.100415823,0.13302023725
357,0.08929146328367671,0.09296761687834751,0.059574920999999996,0.056120848,0.11139234,0.056142820999999996,0.114104185,0.174465501,0.10075731,0.132694209
358,0.08894806788289411,0.093152717359232,0.059515939,0.05612991999999999,0.11107089,0.056139027,0.115559638,0.173142696,0.100913161,0.132552572
359,0.08911534031667309,0.09294062558296562,0.059567038999999995,0.056078924999999995,0.11122571,0.056129191999999994,0.114371873,0.172347879,0.100244153,0.13380286624999999
360,0.08905236308703338,0.09319173945268122,0.059490773999999996,0.05618456199999999,0.11112661,0.056132089999999996,0.115668619,0.173950324,0.0998414657,0.1332197295
361,0.08883946659388522,0.09334819049068864,0.059426261999999994,0.056210735,0.11089351,0.056136891999999994,0.11463704,0.174165217,0.100953883,0.13304448025
362,0.0890636213162305,0.09283955483418761,0.05955480999999999,0.056096005,0.11120032,0.056127953,0.115644225,0.174920382,0.100087625,0.13342916700000002
363,0.08885898067494602,0.09334970569922862,0.05943779799999999,0.056219134999999996,0.11090087,0.056133952,0.114494744,0.175179172,0.100531796,0.13251332124999998
364,0.08867238495803809,0.09295180530050862,0.059415496,0.056039935,0.11070999,0.056120553999999996,0.114767362,0.172905758,0.100351912,0.13331373900000001
365,0.08921010342571051,0.09349262927891563,0.05952638999999999,0.056218581999999996,0.11131242,0.05612796,0.115184506,0.172590974,0.100135599,0.13326902175
366,0.08875251100240801,0.09312321192596254,0.05944596,0.056078896999999996,0.11082052,0.056119384999999994,0.114416399,0.175171505,0.100987828,0.13399759675
367,0.08924613909297313,0.09313158530321569,0.05958416799999999,0.056205820999999996,0.11139566,0.056127280999999994,0.115910457,0.174934773,0.100437182,0.13250201350000002
368,0.089064324351658,0.09291117990728777,0.05953653999999999,0.05606063399999999,0.11117238,0.056115108,0.114304911,0.175237058,0.100472133,0.13355624775
369,0.08906964965020393,0.09327711548082537,0.05949862799999999,0.056284073999999996,0.11115617,0.05612642699999999,0.115135567,0.174125028,0.10041012,0.1331508625
370,0.08880111165923361,0.09322721186247657,0.059421564999999996,0.056122346,0.11085574,0.056123347,0.114745865,0.173591012,0.100680134,0.13417658225
371,0.0888761162181087,0.09305220662350457,0.05948287099999999,0.056191646,0.11096443,0.056127309,0.114917137,0.17442091,0.100138856,0.13405781174999998
372,0.08882875699714973,0.09309440664970911,0.059473742999999996,0.056179368,0.11091615,0.056128744,0.115454675,0.174044335,0.100552719,0.13297236175
373,0.08884234419432735,0.09298313115462889,0.05941908699999999,0.05607372399999999,0.11089517,0.05611941999999999,0.115217518,0.173498381,0.100276049,0.1332321345
374,0.0889263222391145,0.09314061415040971,0.05948677,0.056142779,0.11100332,0.056116452,0.11545152,0.174090018,0.100413843,0.132278022
375,0.08889274479580968,0.09324334327000192,0.059502155999999994,0.056132272,0.11099484,0.056115367,0.114947703,0.174306598,0.100404987,0.13436386349999999
376,0.08892847324068862,0.09316280889744799,0.05949198499999999,0.05622036,0.11099949,0.056121806999999996,0.11461234,0.17408929,0.100361686,0.132794145
377,0.0888188622197309,0.09327466892280448,0.059431491,0.056212464,0.11087237,0.05612845699999999,0.115189534,0.172052009,0.10042368,0.13353307450000002
378,0.08910345398607997,0.09276175347837994,0.05949146699999999,0.056087717,0.11117709,0.056121386999999995,0.114755753,0.175173784,0.100536109,0.13416112875
379,0.08898141069913451,0.09304234719306076,0.059459098999999994,0.056086443,0.11102544,0.056115506999999995,0.114707335,0.172303918,0.100852512,0.13287704825
380,0.08874473838069362,0.09310439746159008,0.059402035,0.05621330399999999,0.11081031,0.056121687999999996,0.115977099,0.172910817,0.100707998,0.13348959324999998
381,0.08873137621203131,0.09279323479899806,0.05941086899999999,0.056041495999999996,0.11077269,0.056110298999999995,0.115094568,0.173549794,0.100206841,0.1337230455
382,0.08877852730233861,0.09322256072858937,0.059450264999999995,0.056147063,0.11084663,0.056111825,0.114733208,0.173364188,0.100782242,0.13420060375
383,0.08897149839066112,0.0930569403525705,0.059459232,0.056168209999999996,0.11103308,0.056115744999999995,0.114461941,0.174404749,0.100736227,0.134737956
384,0.08884080999852863,0.0932727835581705,0.05946286499999999,0.05624170999999999,0.11091178,0.05612412399999999,0.115088689,0.173243299,0.100308534,0.1341493125
385,0.08869064914682442,0.09285526522905733,0.059453478,0.056101912999999996,0.11077443,0.056117341,0.116338373,0.172681853,0.100073645,0.13303080825000002
386,0.08870422616332199,0.09320689747863374,0.059441619999999994,0.056186206999999995,0.1107569,0.056121610999999995,0.115032495,0.173518182,0.10020906,0.13402169375
387,0.08890602281913573,0.09307163391310863,0.059463943,0.056235934999999994,0.11098169,0.056130242,0.115276032,0.173800145,0.100294274,0.13350733325
388,0.08878876942163819,0.09279394171806629,0.059437993999999994,0.056162631,0.11082567,0.056130759999999995,0.114384697,0.173406328,0.10015366,0.13403876574999998
389,0.08914061055723961,0.09284970236263762,0.059526782,0.05613499499999999,0.11127094,0.05612742799999999,0.115602681,0.174807566,0.100909946,0.13306915025
390,0.08863410889135034,0.09322513940198911,0.059373236999999995,0.05614963199999999,0.11066822,0.056126483,0.1158918,0.17379095,0.0999714886,0.134433038
391,0.08862406239378848,0.09334707173608554,0.059386935999999994,0.05621020299999999,0.11065205,0.056131907999999994,0.11431843,0.17446653,0.100828325,0.13281312074999999
392,0.08864640046662813,0.09273243604981563,0.059373460999999995,0.056105525,0.11067381,0.056126447999999995,0.115400828,0.173495863,0.100587002,0.134188252
393,0.0887461323210105,0.09308095990097737,0.05939661,0.056118874,0.11077814,0.056123704,0.115710822,0.173600866,0.0999763336,0.13411702475
394,0.08863227350873473,0.09297136491881088,0.059358243,0.056136976,0.11065242,0.056121975,0.115211258,0.174734047,0.100489878,0.13398244325
395,0.08868203106989642,0.0932485141538171,0.059388378,0.056156638999999994,0.11072297,0.05612203799999999,0.115296862,0.173225883,0.100340374,0.13395363925
396,0.0889048642928307,0.0928213680539971,0.059437679,0.056109032,0.11095444,0.056117005,0.115072822,0.172987461,0.0998483123,0.1340899975
397,0.08865805335024864,0.09322285999168095,0.059352335,0.05618676699999999,0.11067381,0.056121414999999994,0.115147621,0.174282433,0.100538569,0.1335881205
398,0.08890405700446563,0.09297889079182654,0.059419324999999995,0.05623009699999999,0.11090831,0.056127974,0.11421198,0.172608769,0.100452279,0.13333348825000002
399,0.08858944441801128,0.09283022947106859,0.059292715999999995,0.056114953999999995,0.11057915,0.056123640999999995,0.116114915,0.174169376,0.100403401,0.132947485
400,0.08836163773379979,0.0930254215210531,0.059282565999999995,0.05610971099999999,0.1103283,0.056117879999999995,0.116180991,0.172788515,0.0999911251,0.13355706625
401,0.08889176790621156,0.09286660530559732,0.059425597,0.056087730999999995,0.11095452,0.05611277699999999,0.114252695,0.174081351,0.100595958,0.13429757925000002
402,0.08861142253196122,0.09298346367046262,0.05936606199999999,0.056115254999999996,0.11060661,0.056109416999999995,0.114269312,0.173733241,0.100576927,0.1332937495
403,0.08876089001503178,0.09295610106413568,0.059377766,0.056144256,0.11079513,0.05610768099999999,0.115391861,0.173636071,0.100540523,0.13269178674999998
404,0.08860577737596058,0.09278096968548794,0.05937524599999999,0.056126132999999995,0.11061489,0.05610845799999999,0.1147416,0.172142297,0.100841329,0.1344220795
405,0.08867470627444354,0.09325545992512232,0.05938505299999999,0.056165508,0.11072335,0.056111628999999996,0.115968749,0.174654478,0.100108691,0.13462920725
406,0.08858987046970472,0.09291857935539063,0.059391387999999996,0.056088374999999996,0.11061175,0.056104811,0.115324094,0.17368726,0.10003095,0.13386052375000002
407,0.08862288925012128,0.0932262148136545,0.05942378399999999,0.05621846999999999,0.11069921,0.056113658999999996,0.115689736,0.174422787,0.100417259,0.13406563
408,0.08835958546619008,0.09298071107632555,0.059328304,0.056124453,0.11034334,0.05611242699999999,0.11487301,0.174020521,0.0998811261,0.13400426125
409,0.08894683143623855,0.09284138020798698,0.059469697,0.05613578599999999,0.11100891,0.05611092899999999,0.115110913,0.174667936,0.0997988731,0.13523595825
410,0.0884731955615317,0.09300050782039763,0.059274579,0.056156204999999994,0.11046039,0.05611308499999999,0.115419124,0.174464553,0.100811013,0.13368496225
411,0.08828624985739589,0.09312083124131233,0.059230758999999994,0.05610399199999999,0.11021907,0.056108997,0.115136659,0.174989219,0.10023109,0.13407561925
412,0.08852361642229031,0.09295669504629261,0.059314891999999994,0.056194144999999994,0.11052302,0.056115003,0.115354231,0.174692625,0.100442071,0.13285578225
413,0.0884536024253207,0.09297569982546133,0.05933132099999999,0.05614728699999999,0.11045982,0.056114134999999996,0.115677645,0.175400659,0.100485405,0.13315519725
414,0.08844596786051094,0.09284954958256611,0.05926423299999999,0.056156989,0.11043994,0.056115254999999996,0.115662514,0.174457747,0.10046861,0.13398949075
