epoch,train_loss,val_loss,train_rmse,val_rmse,train_loss_obj,mean_abs_delta_g,mean_frob_delta_M,mean_abs_delta_C_qd,mean_abs_delta_tau_f
1,0.16405712439942813,0.147902603635714,0.08058652499999999,0.07194642,0.18932502,0.0373318145,1.82268047e-05,5.21485552e-06,0.07280235025
2,0.1427488231026,0.140567543808834,0.0768726,0.07075278,0.1657962,0.0716537803,0.00112687161,0.000334286355,0.18529667225000002
3,0.1380418659263281,0.1373679245096,0.075790125,0.0700164,0.16046679,0.0809426438,0.00376582726,0.00109181442,0.2127311955
4,0.13515253775603397,0.13444207938867814,0.07511021999999999,0.06944752500000001,0.15718531,0.084643285,0.00780902278,0.00230063231,0.22479750475000002
5,0.13299708735614413,0.13225764130791248,0.074625165,0.06902865,0.15475278,0.0872406644,0.0133987622,0.00416443442,0.2334858065
6,0.1315076483329998,0.13050600561619602,0.0742799925,0.0687189825,0.15306876,0.0887210992,0.0205572132,0.00712399844,0.2410652975
7,0.1302948828837685,0.12912182258968855,0.07403391000000001,0.06846068250000001,0.1517183,0.0898357822,0.0292365398,0.0113130843,0.24589566325
8,0.12936822531374848,0.12802060611898927,0.07381269,0.0682800525,0.15066864,0.0909812378,0.0400535886,0.016677018,0.24995729525
9,0.1283677966701241,0.126789869856136,0.07360876499999999,0.06811044000000001,0.14955568,0.0918392526,0.0522302499,0.0229645935,0.25327259
10,0.1274633063235873,0.12601322939143103,0.07341149250000001,0.0679522575,0.14854387,0.0931389213,0.0666118057,0.0302605466,0.2564296875
11,0.12655098452233304,0.12520084953984711,0.0732281775,0.06792625499999999,0.14753286,0.0937897426,0.0820670775,0.0381883488,0.2592871675
12,0.12572689653055702,0.12471373734593352,0.0730323375,0.0677615175,0.14660537,0.0954118891,0.099872313,0.0469028956,0.261782445
13,0.12493543827605702,0.12414614600764212,0.0728516625,0.067778955,0.14572074,0.0964443044,0.120575028,0.0563121815,0.263752705
14,0.12420943854640848,0.12370634374089053,0.07269711,0.0677337975,0.14491856,0.0972896786,0.142941401,0.0664663396,0.265799905
15,0.12355573001877804,0.1232781248711765,0.07254770249999999,0.06766383,0.14419469,0.0986624262,0.166049731,0.0773901207,0.267617935
16,0.12301201453547812,0.12303184138852304,0.072428325,0.0675629775,0.14360138,0.0995208999,0.193300687,0.0894760567,0.2692913725
17,0.12240652224019101,0.12281644247419912,0.07228665749999999,0.067554735,0.1429366,0.10041875,0.218758718,0.102234695,0.27075527
18,0.12179820248685412,0.12241283861653976,0.072137115,0.0675297675,0.14227023,0.101194969,0.250671705,0.116068372,0.27154772
19,0.121283183179784,0.12211333713137101,0.07200228,0.0673940175,0.14171036,0.102235592,0.282823245,0.130550162,0.2726370325
20,0.12084727199046927,0.12215907614211553,0.0718943475,0.0674432025,0.14125077,0.103185553,0.316266377,0.146012062,0.27315430500000004
21,0.12034097714618605,0.12155132209568176,0.0717585825,0.0672861525,0.14071087,0.103842334,0.352016918,0.162373236,0.273840485
22,0.11985814485699478,0.12139588682399453,0.0716298075,0.0673151625,0.14020728,0.104357563,0.391156268,0.179549297,0.2750076925
23,0.11944277726174854,0.12152986840507854,0.07152795749999999,0.06733971750000001,0.13979075,0.105424833,0.427103704,0.197159916,0.27514708
24,0.1189085959044508,0.1208540563532085,0.0713878875,0.06714111,0.13924214,0.105825773,0.466499001,0.21536387,0.2757480825
25,0.11848710274796713,0.1203742430467021,0.071266545,0.067085445,0.13882957,0.106868562,0.509459278,0.234683228,0.27569435999999997
26,0.11798624852810315,0.12012871170029912,0.071137425,0.067007265,0.13834065,0.10702078,0.553084006,0.255109664,0.27582002250000004
27,0.11741889399999998,0.11996840691320076,0.07098,0.0670021125,0.13777668,0.108258827,0.598430725,0.274600221,0.27635801000000004
28,0.11692957779471248,0.11944421935851929,0.07086495000000001,0.0669160275,0.1373235,0.108704096,0.644363998,0.295028799,0.27620613
29,0.11641814763539998,0.1192561581094071,0.0707298,0.066764145,0.13684983,0.108924761,0.691116109,0.315978533,0.2757874475
30,0.11584646871771329,0.11850619631205078,0.0705682125,0.0666313125,0.13630617,0.109993715,0.730803696,0.336841946,0.2754534475
31,0.11546620142061055,0.11857894971273354,0.0704534775,0.06659048249999999,0.13599508,0.11021664,0.782498646,0.358752698,0.275982185
32,0.11485147245272229,0.11815040827509979,0.0702879075,0.0665246325,0.13543192,0.110877656,0.83042178,0.380813428,0.27546156499999996
33,0.11423681293112678,0.11723675544188214,0.0701384475,0.066390645,0.13488785,0.111241441,0.877641754,0.402589833,0.2749238775
34,0.11365698682865177,0.11641326770059651,0.0699739275,0.06617397,0.13437145,0.111772698,0.919584688,0.424661914,0.2748755175
35,0.1130742272195341,0.11618418441654399,0.069832965,0.06614088,0.13387349,0.112650528,0.964957964,0.446066391,0.274681255
36,0.11241438901110312,0.1157446301945685,0.069644175,0.06592208999999999,0.13329115,0.112761661,1.01810519,0.468174064,0.27445415
37,0.11167670627354212,0.11505075688165001,0.069452955,0.0657927,0.13263495,0.113423681,1.0610386,0.489771825,0.273902765
38,0.11112892253479215,0.11464434811636952,0.069284205,0.0657210375,0.13218222,0.113819933,1.10554997,0.511805283,0.27319141
39,0.1103806497427125,0.11373286686861912,0.06906945,0.065530335,0.13151049,0.114550485,1.14937129,0.531646073,0.272509545
40,0.10975214634579852,0.11365340731714851,0.0689130825,0.06536931,0.13100919,0.114698329,1.19500772,0.555011676,0.2725299925
41,0.10910322120173652,0.1128904157693965,0.06872943,0.06526347,0.13045176,0.115149588,1.23128126,0.573956749,0.27179904
42,0.10832493936939054,0.11273608610710414,0.0685137975,0.065192115,0.12977713,0.1159386,1.27635345,0.595518225,0.27157387250000004
43,0.10767310471358554,0.11183273909666354,0.0683295225,0.06500655749999999,0.1292218,0.115883164,1.31666096,0.613908642,0.27083010750000003
44,0.10691416878851649,0.11155597655542815,0.06813477,0.064901475,0.12856145,0.116513364,1.35570046,0.631668444,0.2703094
45,0.10617809431507413,0.11087342106180603,0.067918485,0.0648172575,0.12790337,0.116967983,1.38032832,0.651266191,0.26992479
46,0.10534643843523203,0.11006337946077553,0.0676922625,0.06452240249999999,0.12715875,0.117736389,1.41707133,0.668121236,0.2691193675
47,0.10472087544443401,0.10979245970714402,0.06750378,0.06442811999999999,0.12663308,0.11784015,1.45995595,0.68503387,0.2687882025
48,0.10378976003320314,0.10975016781005213,0.067250625,0.064331805,0.12574974,0.118578526,1.47788743,0.701164088,0.2679840125
49,0.10314418483109178,0.10893233883130399,0.0670593525,0.06414252000000001,0.12519791,0.118948049,1.50995135,0.717352873,0.2678192625
50,0.10232962600782579,0.10809475324177553,0.0668311125,0.06401072249999999,0.12443931,0.119752676,1.54024204,0.730929358,0.26704000499999997
51,0.10166199822608178,0.10782141673859649,0.0666141525,0.06386853,0.12380314,0.120054158,1.55732693,0.745156816,0.2664756475
52,0.10088160833355311,0.10723832342251413,0.066404775,0.063558315,0.12308573,0.120851926,1.58392525,0.757621132,0.2657772025
53,0.10013351861246211,0.10638499166294599,0.066220155,0.06343614,0.12238722,0.120979182,1.61017142,0.768806274,0.26572448
54,0.09935261858045102,0.10563054967397713,0.0659530575,0.063202695,0.1215774,0.121773211,1.61813298,0.778940589,0.265175945
55,0.09868096519190411,0.10549579548365678,0.065768115,0.0631131525,0.12095506,0.122256725,1.65137547,0.788437511,0.26418618
56,0.09807234456445313,0.10535230588467648,0.065555625,0.06303866999999999,0.12033473,0.122816022,1.66024149,0.797186453,0.26424462
57,0.09743584024732553,0.10571939302956412,0.06538472249999999,0.063005565,0.1197117,0.12315197,1.67419155,0.806119868,0.2638388475
58,0.09663244750194712,0.10431609972323203,0.065153505,0.0626757375,0.11886859,0.123839539,1.68010991,0.812757512,0.2624976425
59,0.09607534089073802,0.10477274032089605,0.0649770975,0.0626488575,0.11829782,0.124175596,1.68777826,0.818442421,0.26248094499999997
60,0.0953818389138765,0.10367968872705077,0.06477333,0.062335312500000004,0.11756457,0.124796849,1.70816377,0.823664897,0.2621766475
61,0.09476680671153102,0.10343957138959912,0.0645637425,0.062286734999999996,0.11689424,0.125297233,1.71564577,0.827224807,0.26217565000000004
62,0.0942826322465285,0.10300711817138178,0.06441129,0.0621304725,0.11638366,0.12551584,1.72781101,0.83134977,0.26204454
63,0.09370919746953979,0.10268803847966601,0.0642503925,0.06200154,0.11571985,0.126147279,1.71806848,0.832788325,0.26170383750000004
64,0.09302818739002401,0.10218597878410704,0.06403668,0.0617528625,0.11499113,0.126647527,1.73233825,0.837823001,0.2613522625
65,0.09252319128436212,0.10186356460493803,0.063899595,0.0617669025,0.11438251,0.127312764,1.71906093,0.836481741,0.2606112775
66,0.09200757235291912,0.10129023780031055,0.063715665,0.0615374775,0.11375236,0.127734818,1.72354349,0.834988095,0.260599555
67,0.09157324652652052,0.10144039890033203,0.0635661975,0.0616269375,0.11322694,0.127871585,1.72418203,0.833978312,0.2603540375
68,0.09102558838235053,0.1004904744683085,0.06340172250000001,0.06128660999999999,0.11258413,0.128628488,1.72330446,0.833821082,0.259609655
69,0.090474634935794,0.10018321689480228,0.06320838000000001,0.0611207325,0.11190114,0.129175742,1.71784046,0.830552004,0.2594947625
70,0.09019109102281211,0.099970486239586,0.063118845,0.06101694,0.11153602,0.129473562,1.71641414,0.829322186,0.259679195
71,0.08979295031972714,0.10000891666196426,0.062992305,0.0609870525,0.11102459,0.129982816,1.711056,0.824489915,0.2591908525
72,0.08933369324520078,0.09907074535773205,0.0628741125,0.0608541375,0.11043727,0.130331552,1.69755091,0.82244989,0.259041215
73,0.08893671396036551,0.0996694159722365,0.0627332025,0.06080307,0.1099179,0.130713434,1.70634137,0.815222059,0.2588174875
74,0.08860595996218401,0.09877079855584303,0.06260628,0.0606786225,0.10945485,0.13106291,1.69320571,0.812436554,0.25865218749999996
75,0.08813287255477227,0.09837648211774178,0.062469907500000005,0.060602647499999995,0.10886575,0.131290392,1.69289948,0.807325648,0.258255695
76,0.087852797174856,0.09848386490830979,0.062382839999999995,0.060522967500000004,0.10843749,0.131752948,1.67200053,0.80181908,0.25831647
77,0.08743029313442804,0.09758604562128678,0.0622457025,0.06039275250000001,0.10788861,0.131676539,1.66695284,0.796037275,0.25788837
78,0.08717276011715477,0.09738663099806852,0.0621557925,0.06033291,0.10750532,0.132291634,1.66351263,0.791591427,0.257859615
79,0.0867121972846148,0.09766271083841553,0.06202260749999999,0.060386077499999996,0.10689289,0.132728015,1.64884981,0.78392158,0.257085705
80,0.08651968543103553,0.09720719076741251,0.06193760250000001,0.06020235,0.10657799,0.133268666,1.63888962,0.777539879,0.2571497125
81,0.08621804327001954,0.09673269412074603,0.0618534375,0.060180982499999994,0.10613893,0.13309572,1.6291357,0.769488692,0.2573851475
82,0.0858035353587685,0.09750205682055313,0.06171609,0.060219974999999995,0.10555765,0.133962481,1.61187852,0.763122836,0.2569981025
83,0.08563152562006413,0.09712186709941104,0.06165931499999999,0.060200542499999996,0.10526193,0.133982613,1.60406988,0.753931342,0.255877975
84,0.08532279132358214,0.09673415772980852,0.061582395000000005,0.060168389999999995,0.10483001,0.134157946,1.59417305,0.74764729,0.2560423425
85,0.08520846114982578,0.0960231224619285,0.0615031125,0.05993679,0.10456611,0.134177964,1.57776748,0.73783444,0.25581261
86,0.084816414342024,0.0969865542881965,0.06139332,0.060222029999999996,0.10404912,0.134714826,1.56906586,0.730255664,0.254656
87,0.08457772219168203,0.09663935897279413,0.061323337500000005,0.060068085,0.10368753,0.135117593,1.55825959,0.723407442,0.2548465175
88,0.08428203582152102,0.09575718060922399,0.061251982499999996,0.05994131999999999,0.10324588,0.135272011,1.54383649,0.71416537,0.2546773025
89,0.08411512941177712,0.09597654449834428,0.061185945000000005,0.0599993475,0.10297648,0.135507569,1.53178278,0.707392262,0.25413841
90,0.08386676396249454,0.09647830886130679,0.0610968375,0.060020527500000004,0.10257822,0.135805865,1.51027547,0.699477423,0.254655125
91,0.08376071468233728,0.09529827230179452,0.0610458675,0.0597647625,0.10235401,0.136113546,1.49965023,0.690503402,0.2525478825
92,0.08349212165241952,0.09502515921295078,0.060970237499999996,0.0596881125,0.10196619,0.136389231,1.48418455,0.683314412,0.2532392525
93,0.08313232528864803,0.09503444163831104,0.060856102499999995,0.0597154575,0.10148154,0.136865511,1.47977123,0.675353758,0.25216338
94,0.08315134122094428,0.095117319800994,0.0608329725,0.05971038000000001,0.10139281,0.136833664,1.45736611,0.667277587,0.2525666425
95,0.08299804138330077,0.09577148697818212,0.0608146875,0.059893604999999996,0.10116176,0.137087443,1.44997612,0.659540934,0.25209752500000004
96,0.08266931488473411,0.09525871454254554,0.060703035,0.0597536775,0.10066537,0.137565576,1.42787201,0.64941221,0.251595195
97,0.08240232113247814,0.09546450151017599,0.060630075,0.059748239999999994,0.10029306,0.137885874,1.41500668,0.64269434,0.25108738750000004
98,0.08230584880950599,0.095345798541634,0.06060834,0.059759219999999995,0.10012105,0.137936942,1.40557324,0.636334717,0.25096474
99,0.0820257595746165,0.09477279159033203,0.06051872999999999,0.059669062499999995,0.09971018,0.138383368,1.39174284,0.626752234,0.25115489
100,0.08200903310961052,0.09483640001453651,0.060466522499999995,0.05962257,0.09958308,0.138220998,1.3731041,0.619468182,0.2510867825
101,0.08174906930371251,0.0952855716470365,0.060409050000000006,0.05970243,0.09921013,0.138579752,1.35917826,0.610246372,0.2505604075
102,0.08161678337044803,0.09529568180969554,0.060352102500000004,0.059735197500000004,0.09897352,0.138679602,1.34390251,0.602739657,0.25054120999999996
103,0.08146432865771214,0.09509541034604412,0.060308595000000007,0.059703165,0.09872518,0.139026591,1.33152089,0.594015242,0.2498323065
104,0.0813697140819125,0.09458589599710703,0.060275850000000006,0.0596727375,0.09855295,0.138955212,1.31846527,0.588062287,0.2501524975
105,0.0811275686882748,0.09466084361127303,0.0601916325,0.059521102500000006,0.09819472,0.139560377,1.30292697,0.579472445,0.25029836
106,0.081082351959026,0.0947380832844485,0.060172739999999995,0.05948919,0.09807406,0.139409822,1.28863346,0.572453079,0.249642929
107,0.08074678248370554,0.09507460634029105,0.060084877499999995,0.059618782499999995,0.09763901,0.139586223,1.27800653,0.565969976,0.2494541225
108,0.08080479471380311,0.094860269017984,0.06007222499999999,0.05955072,0.0976033,0.139802466,1.25769448,0.5577028,0.248838358
109,0.08061255475674399,0.09432854105934303,0.060017879999999996,0.05946950249999999,0.09733191,0.140039508,1.24596444,0.550624421,0.2486164335
110,0.08041577801009411,0.09457319974368478,0.059937914999999994,0.059501407500000006,0.0970325,0.140261415,1.23438174,0.542969327,0.248028951
111,0.08034975755484913,0.09465883300174913,0.059912984999999995,0.059516265,0.09689364,0.140514476,1.22049576,0.53566537,0.24757398625
112,0.0801643966889393,0.09478410474474912,0.059825947500000004,0.059576264999999996,0.09660308,0.14068879,1.20309285,0.529017274,0.248046451
113,0.08002006676708229,0.09481639900230303,0.0597960675,0.0594407025,0.09639473,0.140422952,1.1918077,0.523134531,0.24790194225
114,0.079957751458546,0.09452373939218053,0.05976186,0.0594549975,0.09625014,0.141070346,1.17760432,0.516043595,0.24712360575000003
115,0.07979811363657578,0.09514641139116711,0.059700487499999996,0.059485455,0.09601491,0.141265062,1.16602536,0.509456708,0.24695528125000002
116,0.07972028746880704,0.09469585934379354,0.059665537500000004,0.05933511749999999,0.0958564,0.140996057,1.14769094,0.501889778,0.2470721305
117,0.07964369108146553,0.09436662096055651,0.0596547975,0.05938413,0.09573532,0.141226504,1.13697548,0.49712129,0.24635658775
118,0.07959401233932728,0.09429008564133412,0.0596417325,0.059402715,0.09561727,0.141387784,1.12092408,0.489349712,0.2460877285
119,0.07938327077572851,0.09442905698184104,0.0595831575,0.059347342500000004,0.09533992,0.141500772,1.11622914,0.485083692,0.24605645650000002
120,0.07915821043691249,0.09431685057385103,0.05946585,0.059297182500000004,0.09501179,0.141813937,1.10190099,0.47893817,0.246361885
121,0.07924577225016953,0.09453591251381104,0.059524237499999993,0.0592635825,0.09507626,0.141870791,1.0898504,0.471924738,0.245825826
122,0.07905849769015977,0.09372421073393429,0.059448967500000005,0.0592741725,0.09481692,0.142079464,1.08225747,0.466474067,0.24533672874999998
123,0.07909819079792427,0.09410968926752578,0.0594942525,0.05931528750000001,0.09482303,0.141889273,1.06587615,0.460537922,0.24503523
124,0.07903711906105312,0.09477380840820313,0.059433975,0.059409375,0.09469201,0.141907962,1.05492022,0.455080522,0.24509269075
125,0.07891230867292603,0.09460271461630604,0.0593779425,0.059324617499999996,0.09449163,0.142540665,1.03947871,0.448845832,0.245358798
126,0.078687308965186,0.09485480601543912,0.059346060000000006,0.059401934999999996,0.09422394,0.142530018,1.03230332,0.44395878,0.24512745475
127,0.07857071178127578,0.09513234095215914,0.05927471250000001,0.059460465,0.09403176,0.142755469,1.02087428,0.437911634,0.24403804224999998
128,0.07841081603901603,0.09430235677007813,0.0592322175,0.059341124999999995,0.09381271,0.143157074,1.01297577,0.432581385,0.244540216
129,0.07841295889963212,0.09461318685846212,0.059230605,0.059380155000000004,0.09378344,0.143081463,1.00448959,0.427972786,0.24364482999999998
130,0.07838094575221329,0.09485985317502729,0.0592165875,0.0593897325,0.09370288,0.142964161,0.991435319,0.421955518,0.2435647615
131,0.07820574253988713,0.09469307855985978,0.059158094999999994,0.0594609675,0.09346683,0.143333744,0.973017113,0.418140669,0.24319463575
132,0.07833863180022227,0.09451580216099353,0.0591879075,0.0592871175,0.09356685,0.143235488,0.964466239,0.411131577,0.24221144075
133,0.07817939610014411,0.09422789579297813,0.059148914999999996,0.059258325,0.09336452,0.143278794,0.957382156,0.406684093,0.24212924025
134,0.07790592171002228,0.09443231814322854,0.0590544675,0.0592831575,0.09301887,0.143559745,0.947565091,0.402421494,0.2422874165
135,0.07797385321257601,0.09466273353639651,0.05906376000000001,0.05924403,0.09305755,0.143371104,0.935886116,0.397387824,0.2429209055
136,0.07782711330141953,0.0948287021341485,0.0590057625,0.05927931,0.09285177,0.143664201,0.924270261,0.392883441,0.24096604850000003
137,0.07777342936829179,0.09456120212992603,0.058997272499999996,0.059302057500000005,0.09276899,0.143943899,0.914382443,0.389194445,0.24151550324999999
138,0.07766346875962102,0.09510511900639651,0.0589359825,0.05950653,0.09259944,0.144132737,0.90611891,0.38462682,0.241223107
139,0.07764490571362052,0.09473267442055713,0.0589826775,0.059436104999999996,0.09257007,0.144540319,0.892277618,0.379659272,0.24066640125
140,0.07754824493298228,0.09440751393105103,0.058919932499999994,0.0593029425,0.0924209,0.143860643,0.885001408,0.375408634,0.24133965699999999
141,0.0776333638045765,0.09527168480255213,0.058949669999999996,0.059381804999999996,0.09249105,0.143615425,0.876896989,0.370980518,0.2405200005
142,0.07755938320701604,0.09480464723645078,0.058909657500000004,0.059306512500000005,0.09236667,0.144496333,0.866072221,0.366101901,0.24094143775
143,0.07739077713883678,0.09523563989090914,0.0588812475,0.059235465,0.09216967,0.14408127,0.860766722,0.362729883,0.24034054225
144,0.07724027924413412,0.09520059762992912,0.058804965,0.05940013499999999,0.09195345,0.144248697,0.851221238,0.358060633,0.23943563675
145,0.07710327260310913,0.0949320542896165,0.058760534999999996,0.059356229999999996,0.09177598,0.144392312,0.844080904,0.354007651,0.23880436049999998
146,0.07724570207601729,0.09482209020298411,0.058806292499999996,0.059394285000000005,0.09191375,0.144273084,0.833139385,0.350395645,0.23879691125000002
147,0.07709285857772552,0.09526255950050849,0.0587432775,0.059350110000000005,0.09171181,0.144822731,0.825170625,0.347047979,0.2385022705
148,0.07700297484447803,0.095049722893856,0.0587135775,0.05933784,0.09158311,0.144572404,0.817402899,0.342317165,0.23855424375
149,0.07685335251321103,0.09467240236791953,0.0586714575,0.0592686375,0.0913965,0.144988325,0.809110491,0.339000962,0.23795181825
150,0.07693298179032178,0.09439501486335702,0.0587023275,0.05921726249999999,0.09146875,0.144813355,0.805196817,0.334901328,0.23855040925
151,0.0769025936814485,0.09488281217345651,0.058679190000000006,0.05925063,0.09140486,0.144872592,0.791841438,0.33213958,0.23780479775
152,0.07676196630415802,0.09488360948966804,0.058625302500000004,0.059360377500000006,0.09122333,0.145273634,0.7837171,0.328909318,0.23786612475
153,0.07684255231205411,0.09544498569395214,0.058638885,0.059349555,0.09128902,0.144943434,0.780243248,0.324568992,0.23816057525
154,0.07680511716185599,0.09545447760743928,0.05865216,0.0593940525,0.09123433,0.145071434,0.767141525,0.321626548,0.23728173225
155,0.07657205208798928,0.09501140088703412,0.0585600525,0.059223285,0.09094538,0.14506462,0.762356381,0.318052063,0.23668632450000002
156,0.07675522228040078,0.09496481740570228,0.058611712499999996,0.059231107500000005,0.09113353,0.14512706,0.753073573,0.314852997,0.235910121
157,0.0766948722227125,0.09477642667855313,0.058610550000000004,0.059276024999999996,0.09105121,0.144739491,0.744511467,0.311235384,0.235605444
158,0.0764332890499685,0.09533410578705077,0.058500090000000005,0.059488687500000005,0.09072791,0.145291666,0.742288308,0.308651395,0.23475911924999998
159,0.07645707414336712,0.095267082028786,0.05854129499999999,0.05942406,0.09075712,0.145092865,0.736704723,0.305994066,0.23529690674999998
160,0.07641758299859999,0.09533493981551104,0.05849940000000001,0.0592834575,0.09067482,0.145236871,0.724343065,0.301923641,0.23491141425
161,0.0764616420235685,0.09521479596802179,0.05854791,0.0593863275,0.09072804,0.145114232,0.717169317,0.299410726,0.23455000175000001
162,0.07637120319542812,0.095241033571666,0.05847772500000001,0.05925846,0.090592,0.145463685,0.712234525,0.296426866,0.23415148025
163,0.07613196880733229,0.09496934138709212,0.0583860675,0.059162204999999995,0.09029731,0.145728272,0.7051579,0.293611232,0.23354002875000002
164,0.07605261621479179,0.09440052787122553,0.0583766475,0.0591632775,0.09019718,0.145952361,0.70101654,0.289947763,0.23281211699999999
165,0.07607897492611213,0.09427391566475651,0.058399154999999994,0.059163629999999995,0.09022027,0.145788177,0.691421097,0.287583273,0.23256498550000002
166,0.07601519958354679,0.09470329964517413,0.0583693275,0.059176485,0.09012533,0.145682945,0.683214107,0.284576303,0.232408635
167,0.07598096177139399,0.09498875202079227,0.058339379999999996,0.0592947075,0.09006669,0.146216654,0.681863687,0.281760552,0.231265891
168,0.07608554840638929,0.09539962638626952,0.058368052499999996,0.0593405625,0.09017084,0.145764206,0.671208744,0.279539996,0.23234193225000002
169,0.07577070718836679,0.09531033173267603,0.058268272499999996,0.0592879425,0.08979628,0.146038201,0.665429362,0.276087618,0.23232144075
170,0.07595753597198204,0.09548481135138304,0.058316137500000004,0.059314177499999995,0.08999346,0.145788967,0.659303486,0.273850284,0.232029277
171,0.07589367253743354,0.09508555367180052,0.0582984825,0.059275402500000005,0.08990869,0.146067304,0.652837552,0.271704134,0.23180173675
172,0.07577090326261413,0.09525188428510212,0.058260315,0.059235195,0.08975717,0.146052811,0.648758743,0.268501224,0.23134328375
173,0.07581955119171249,0.09559515025089649,0.05830455,0.059289030000000006,0.08981486,0.145909906,0.644083446,0.265736475,0.2309784965
174,0.07574135814822978,0.09522849173290553,0.058257832499999995,0.059268877500000004,0.08970352,0.146019842,0.636531048,0.263515436,0.230563671
175,0.07572682039066103,0.09451980446493477,0.0582224175,0.0591485925,0.08966364,0.14638956,0.63170025,0.262078648,0.230750659
176,0.0756093743604125,0.09453804921885,0.05822115,0.059165100000000005,0.08953407,0.146405743,0.624714691,0.258806725,0.22950199375000002
177,0.0755815804176085,0.09491440374368679,0.058205610000000005,0.0592501275,0.08948709,0.146377122,0.617494309,0.256884031,0.2288879735
178,0.07546767880737729,0.09499155249417802,0.0581562675,0.0592842975,0.0893417,0.146522593,0.614047874,0.254182869,0.2294770765
179,0.07543249983435853,0.09505156693467479,0.0581476425,0.059232367499999994,0.08929383,0.146781259,0.605481002,0.252454609,0.2287457285
180,0.075470938923426,0.09475087000541249,0.058150740000000006,0.05921115,0.08932038,0.146320574,0.600024749,0.24966215,0.22823303975
181,0.07536929955455413,0.09528363469983103,0.058117365000000004,0.0593917425,0.08919394,0.146499976,0.596737907,0.247830409,0.228418595
182,0.075268255128626,0.09484778981848928,0.058075260000000004,0.059220052499999995,0.08906669,0.146687478,0.589857071,0.246103318,0.2263782735
183,0.07544600062875399,0.09469292565139649,0.05814198,0.059105969999999994,0.08926805,0.146397912,0.587506057,0.244511452,0.22675822075000002
184,0.07538663494984212,0.09512745948545412,0.058122795000000005,0.059130884999999994,0.08919033,0.146480938,0.585210379,0.241638773,0.22682266824999997
185,0.07510591477327729,0.09460370556048103,0.0580041075,0.0591457425,0.0888483,0.146839049,0.579692184,0.239667262,0.22676880300000002
186,0.0753119504428125,0.09474049216099353,0.05809725,0.0592871175,0.08908463,0.14639815,0.572619003,0.237111519,0.225474799
187,0.07518025102630399,0.09468829247246802,0.05806752,0.0592163775,0.08893127,0.146575215,0.5708207,0.234507075,0.22602432675
188,0.07494907132117712,0.09490580999118713,0.05798194500000001,0.059260095,0.08865483,0.146944723,0.566198498,0.232886427,0.22514833725
189,0.07502364308798913,0.09454881791468178,0.057982185000000006,0.0592255275,0.08872105,0.1469227,0.558971324,0.231435474,0.22469315
190,0.07507840349126305,0.09416836075662849,0.0580122225,0.059041710000000004,0.08878013,0.146734946,0.552508796,0.229423663,0.22400090649999999
191,0.07496957971919913,0.09413138417269912,0.057935984999999995,0.059034014999999995,0.08863018,0.146905997,0.550586098,0.227348251,0.22360741850000002
192,0.07494810249335312,0.09451303396155553,0.057984825,0.059120002500000005,0.08862257,0.146599834,0.545531229,0.225765282,0.22324550475
193,0.07485715703354401,0.09488011598086712,0.057935879999999995,0.059208705,0.08850565,0.146980203,0.542971216,0.224505402,0.22250536575000002
194,0.07479796032530053,0.09529141859808828,0.0578954025,0.059190412500000004,0.08842065,0.146909134,0.537545582,0.222613407,0.22360035025
195,0.07481466273999998,0.09418275211508603,0.057918,0.05900354249999999,0.08843894,0.14709142,0.532464094,0.220382567,0.22272615499999998
196,0.07478115334195398,0.09480503084518913,0.05788398,0.05916181499999999,0.08838016,0.146794934,0.527201647,0.218103266,0.221969186
197,0.07491378645357304,0.09531801460479211,0.0579228975,0.059327955,0.08852442,0.146926491,0.522278404,0.216400469,0.22161200999999997
198,0.07478914632702413,0.09477587514002578,0.057893235,0.0591640875,0.08838401,0.147022536,0.52249831,0.21581374,0.22172073350000002
199,0.07469495785291604,0.09436648380401053,0.0578762175,0.0592953975,0.08827401,0.147083238,0.514894953,0.213903707,0.221225305
200,0.07469841612339399,0.09417192109296678,0.057859379999999995,0.059156272499999996,0.08826164,0.147252554,0.509774898,0.211658496,0.22049044725
201,0.07479638621517212,0.094275111053056,0.05791075500000001,0.05916816,0.08837799,0.146870446,0.50805929,0.21021523,0.220222722
202,0.07466246713119352,0.09442723277825102,0.057872242500000004,0.0591531825,0.08822079,0.147351357,0.504764435,0.208955271,0.21983059875
203,0.074751245181746,0.09466508737887679,0.057892860000000004,0.0592009275,0.08831334,0.146829547,0.501826351,0.207288938,0.21959087924999998
204,0.07454364070112178,0.094442964791826,0.0578210475,0.059116260000000004,0.08806722,0.147285038,0.495902664,0.205516313,0.21855276775000002
205,0.07462321073317554,0.09490196251939353,0.057837277500000006,0.0593688825,0.08814984,0.147369033,0.494197784,0.204627954,0.21853732825
206,0.07440310137080228,0.09470937493221679,0.0577607325,0.0592443525,0.08789007,0.14761704,0.490799072,0.203028574,0.218503759
207,0.074419048819656,0.09471550031252353,0.05776884,0.0591779175,0.08790389,0.147309528,0.485839919,0.201901037,0.2181005265
208,0.07446153346137353,0.09468611928773912,0.057816082500000004,0.05904406500000001,0.08796186,0.147247034,0.482898997,0.199973433,0.2172004695
209,0.07447210346337929,0.09387598417483828,0.0578032275,0.0589987875,0.08796224,0.147500812,0.482273633,0.198299922,0.21645317425000002
210,0.07440422507132813,0.09380827183811953,0.057757875,0.0590081625,0.08786726,0.147408915,0.47511143,0.197329824,0.2159525335
211,0.0742969025258485,0.0945299575269285,0.05773281,0.05920071,0.08774459,0.147628441,0.473191678,0.195890332,0.21546962400000003
212,0.07430284056672712,0.094857358557906,0.057731055,0.059178659999999994,0.0877458,0.147274061,0.469745482,0.194867462,0.214939398
213,0.07430088389797428,0.094075457883144,0.0577546275,0.05908188,0.08774966,0.147825934,0.467198058,0.193034253,0.21463131425
214,0.07422559078365,0.09426962501869912,0.0576957,0.059135265000000006,0.08764288,0.147590376,0.462192547,0.191907714,0.214374328
215,0.07418581178785312,0.09420923203294053,0.057691574999999995,0.0590522025,0.08759632,0.147520379,0.459064652,0.1904463,0.2142518685
216,0.07430602450063212,0.09426106218347813,0.057709395000000004,0.05918032499999999,0.08772,0.147624092,0.45547022,0.189324605,0.21438676699999998
217,0.07407014083755978,0.09520280071562054,0.0576470325,0.0592226775,0.08745242,0.147602289,0.450870298,0.188552284,0.2134041595
218,0.07431341969590599,0.09483581735573854,0.05776866,0.0592626825,0.08774393,0.147243853,0.447813295,0.186742621,0.21405931025000002
219,0.0739673244832685,0.09463555599121329,0.05763141,0.059019787500000004,0.0873342,0.147702735,0.447767766,0.185812595,0.21302236749999998
220,0.07385917691321328,0.09471972459857714,0.057591412499999994,0.059097945,0.08720398,0.147752246,0.443810656,0.184882821,0.21243499249999998
221,0.07405916605494413,0.09449662723140677,0.057638835,0.059247472499999995,0.08742219,0.147959585,0.443249692,0.183801272,0.2112134645
222,0.07397718383987649,0.09455154342404452,0.057633329999999997,0.0592812375,0.08733234,0.147610125,0.439819065,0.18234195,0.21129835775
223,0.07408134567579802,0.09456244580070412,0.0576240225,0.059175885,0.08742902,0.147484877,0.436781422,0.181178737,0.210374593
224,0.07397189138517603,0.09469738363649803,0.0576098175,0.0592200225,0.08730921,0.147459492,0.436121725,0.180237169,0.21065419625
225,0.07393877556848479,0.09354404568454454,0.057615967500000004,0.0589476375,0.08727671,0.14794128,0.430082447,0.179636616,0.21001347475
226,0.07397532008149728,0.09441493130897553,0.057611092499999995,0.0590535975,0.08730438,0.147675901,0.427104477,0.177394292,0.20944412525
227,0.07388695857485729,0.09468572718679179,0.057579307499999996,0.0591772725,0.08720023,0.148326793,0.424399817,0.177119706,0.20975555275
228,0.07391477679285,0.09449220241479728,0.0575679,0.0592790925,0.08721808,0.147981272,0.420180116,0.175996881,0.20913655675
229,0.07376773710763401,0.09464944045914914,0.05752422,0.059193015,0.08704936,0.148212783,0.416302455,0.175265362,0.2083066335
230,0.07388130607527305,0.09441817192236328,0.0576011025,0.0590278125,0.08719242,0.147941079,0.414282848,0.173663347,0.20792637425
231,0.07371087774650399,0.09444477497651649,0.057519480000000005,0.05920773,0.08698263,0.147847447,0.412635802,0.172930321,0.20744401150000003
232,0.07386820763513602,0.09428898006878914,0.0575815425,0.059233814999999995,0.08716496,0.147921685,0.409873313,0.171849219,0.2073346015
233,0.07387743231418203,0.09448695054149728,0.0575433375,0.05930453250000001,0.08715369,0.147860766,0.409237334,0.170984909,0.20654299275
234,0.07361655234673214,0.09448579672952553,0.057500354999999996,0.0592724025,0.08687175,0.14839365,0.407333376,0.170486385,0.20612432399999997
235,0.07366805371957479,0.09453938518937413,0.0575069925,0.059212485,0.08692267,0.148316457,0.403687492,0.169375869,0.2052302115
236,0.07362250681031554,0.09492524290833412,0.0574659225,0.059342715000000004,0.08685616,0.14844791,0.401734276,0.168172408,0.205731441
237,0.073601271335266,0.0952122898337173,0.05748354,0.05938170749999999,0.08683891,0.148168596,0.399218828,0.167615644,0.2041700075
238,0.07374416273635649,0.09370038786418214,0.05754213,0.059053604999999995,0.08700494,0.148226719,0.395912031,0.166531511,0.2036226985
239,0.07361921925614413,0.09425488045046602,0.057468914999999995,0.0592257825,0.08684576,0.148550311,0.394935216,0.166088652,0.20315445375000002
240,0.0735707572786565,0.09429844452801053,0.05749736999999999,0.059218522499999995,0.08680636,0.148269439,0.392422252,0.164897214,0.20283240724999999
241,0.07337250210717104,0.094373593697864,0.057389857499999995,0.059134919999999994,0.0865579,0.148730251,0.389453232,0.164148394,0.20210547299999998
242,0.07360375818309803,0.09477099683279104,0.05746802249999999,0.0593187825,0.08682017,0.148257121,0.387558286,0.163145609,0.20281082700000003
243,0.07355919891299229,0.0942925835705285,0.057471667500000004,0.05930871,0.08677573,0.148505823,0.385378424,0.16272674,0.2024731765
244,0.073427047843144,0.09408813343576412,0.057431880000000005,0.059073315,0.08662321,0.148730293,0.383372013,0.161538677,0.20241696350000002
245,0.07337530347752978,0.09407994738642413,0.057409207500000003,0.059101484999999995,0.08655903,0.148389898,0.380351379,0.160700065,0.20241743325
246,0.07330906276301477,0.0934505362579085,0.0574013925,0.05905461,0.08648605,0.148385919,0.378553689,0.159829377,0.201145721
247,0.073427489882504,0.094165026229074,0.05742948,0.05909718,0.08661326,0.148234241,0.374619806,0.15893037,0.2003428045
248,0.0733962534309165,0.09459247883539212,0.05740923,0.059199795,0.08657188,0.148621928,0.373737771,0.158126221,0.20031926174999998
249,0.0734529251926383,0.09438321161896304,0.057409987499999995,0.0592482225,0.08662502,0.148440218,0.369670152,0.157280468,0.20013486625
250,0.0734210877228273,0.09441548581293428,0.057418267499999995,0.0591714525,0.08659428,0.14815142,0.368293692,0.156717457,0.19918113475
251,0.07326196152139727,0.09408798077990979,0.0573849075,0.059000407500000004,0.08641941,0.14857903,0.366072353,0.156663004,0.19767503150000001
252,0.0733334461874125,0.09362541445740978,0.05737515,0.0588995925,0.08648407,0.148287087,0.367896836,0.15529626,0.19819064175
253,0.07325142718664103,0.094647705133394,0.0573272175,0.059209380000000006,0.08637778,0.148319343,0.363834123,0.154341744,0.197923785
254,0.07334495735132579,0.09441570734125,0.057387112500000004,0.0590715,0.08649687,0.148366805,0.362925042,0.154362313,0.19752421525000002
255,0.07333787529222813,0.09404605489284104,0.057384674999999996,0.0590926575,0.08648561,0.148538395,0.358946846,0.153379606,0.19722586749999999
256,0.07321152800449852,0.0942041677179085,0.0573379575,0.059145390000000006,0.08633668,0.148401264,0.357943623,0.152694044,0.19721697900000001
257,0.07314754641510313,0.09452902749136054,0.057308175,0.0591434775,0.08625813,0.14865568,0.356810258,0.151943907,0.1970025475
258,0.07319800277945912,0.09435376680786953,0.057334785,0.0592061625,0.08631819,0.148636166,0.354488328,0.15119736,0.1962826155
259,0.07311759851966228,0.09441697907749212,0.057292867500000004,0.059306205,0.08621624,0.14882095,0.351180754,0.150869057,0.195138383
260,0.07311308496656854,0.094779770161794,0.0572958825,0.05921838,0.08621113,0.148686979,0.349283711,0.149812583,0.1959350405
261,0.07309247257564999,0.09477455214765104,0.0572637,0.0591908175,0.08617501,0.149040806,0.350248756,0.14941363,0.19433164975
262,0.07299956152789228,0.0946488433566085,0.0572843325,0.05923689,0.08608981,0.148952284,0.348109987,0.14892571,0.19396971950000003
263,0.0729201115909765,0.09445015929787552,0.05724567,0.0593055975,0.08599039,0.14895741,0.346093067,0.147894105,0.19408661300000002
264,0.07292264076379927,0.09400139800121912,0.057250747500000004,0.059139584999999995,0.08599396,0.149090754,0.344908941,0.147215274,0.193695544
265,0.07297761532239554,0.09460406046961714,0.0572643225,0.059216294999999995,0.08605315,0.148607808,0.344394538,0.146932346,0.19322437775
266,0.07294706896823802,0.09409284691158352,0.0572447775,0.059251357500000004,0.08601218,0.149176733,0.340633719,0.146444299,0.19275806574999998
267,0.07297205568959553,0.094510125742034,0.057252802500000005,0.059199779999999994,0.08603812,0.148994129,0.337845036,0.14554616,0.1923954455
268,0.07297588103920079,0.0941438285136165,0.0572581125,0.05920377,0.08604322,0.148776677,0.338484357,0.145671258,0.19113526150000001
269,0.07295432038252303,0.09378736249574303,0.0572429775,0.059069377500000006,0.08601306,0.149143055,0.336351641,0.144666927,0.191107477
270,0.0728698583443241,0.09501540311910413,0.057227235,0.059367884999999995,0.08591935,0.148803034,0.333481151,0.144031909,0.19115910875
271,0.0729994076823365,0.09433381576885311,0.05727543,0.059224425000000004,0.0860683,0.148680293,0.333139043,0.143179853,0.19085039299999998
272,0.072886736568914,0.09443988091726227,0.05721941999999999,0.0593088675,0.08592879,0.148907112,0.331368522,0.142373056,0.18961137275
273,0.07281150312054849,0.0949757818919923,0.057213810000000004,0.0592883325,0.08584967,0.14905797,0.328494406,0.142313577,0.189391311
274,0.07274973087052578,0.09470470385143304,0.0571792875,0.0593483025,0.08577095,0.148738031,0.327117335,0.141593304,0.18947088050000002
275,0.07276056898255312,0.09392831897335313,0.057152775,0.059173575,0.08576847,0.148855095,0.326742799,0.140992098,0.18858046550000002
276,0.07296443159935052,0.09501880615138714,0.057241402499999997,0.059368094999999996,0.08601091,0.149120488,0.325273585,0.141049085,0.18749587225
277,0.0728426038550885,0.094475001947136,0.05720601,0.05930544,0.08587074,0.148992848,0.323042095,0.14030683,0.18635650199999998
278,0.07269943919234478,0.0946629601921485,0.057136192499999995,0.05931818999999999,0.08569507,0.149016538,0.321126912,0.139562676,0.18681754150000002
279,0.07277018774979452,0.09426453476507103,0.0571632375,0.0594541425,0.08577741,0.149082478,0.321425161,0.139266745,0.18731783375000002
280,0.0727475764222965,0.09446301661131212,0.057183029999999996,0.059252595,0.08576163,0.14877288,0.319152816,0.138560755,0.18747422925
281,0.0726128718856,0.09448792394980313,0.057128399999999996,0.059399775,0.08560175,0.149213634,0.316294085,0.138368667,0.186413858
282,0.07261422215465978,0.09445113726239428,0.057131032500000005,0.0592189725,0.08560229,0.149137334,0.315910299,0.137534019,0.18635146825
283,0.07257001601548828,0.09415737611927553,0.0571408125,0.0592892775,0.08556181,0.149220149,0.314542999,0.137323873,0.18541380975
284,0.07272688885542712,0.09462665757958828,0.057154304999999996,0.0593575875,0.08572228,0.149074685,0.312242976,0.136716365,0.18468237625
285,0.07256192560915078,0.09392453441665649,0.0570910875,0.05911737,0.08552901,0.149222232,0.313677831,0.13596315,0.18549409449999998
286,0.07252413650975212,0.09467240221509712,0.057066195,0.059258745,0.08547816,0.149257883,0.309376232,0.135908462,0.18465027875
287,0.07246414186126053,0.09477373694005704,0.057028522500000005,0.0594363375,0.08540052,0.149573384,0.308329838,0.135599779,0.18396972974999998
288,0.07236666251939912,0.09459395710616303,0.057029264999999996,0.0593442225,0.08530159,0.149182123,0.308250959,0.134811291,0.18272898075
289,0.07256694663140413,0.09456951812385304,0.057085635,0.05926142250000001,0.08552586,0.149241226,0.307299763,0.134566272,0.182957153
290,0.07240846704423728,0.09422933098304354,0.0570345075,0.05936511750000001,0.08534446,0.149323061,0.308031465,0.133921536,0.18298642225
291,0.07240127349030304,0.09495239767105311,0.0570725775,0.059486025,0.08535162,0.149291421,0.303883709,0.133639035,0.1820092395
292,0.07240150934331678,0.09497691915113053,0.057045727500000004,0.0594009975,0.08533984,0.149478167,0.303091895,0.13348694,0.1822000125
293,0.07240411359135178,0.095102142862146,0.0570614475,0.05942514,0.08534659,0.149284622,0.300915664,0.132650692,0.181997493
294,0.07233302050521478,0.09446828347800353,0.0570066075,0.0593772825,0.08525102,0.149567279,0.300637266,0.132295009,0.1816845775
295,0.07225258374594104,0.0940616700257885,0.056983342500000006,0.059352989999999994,0.08515858,0.149318526,0.298920277,0.131925664,0.18199799025000002
296,0.07233335685482578,0.0942310376226,0.0570424875,0.05938260000000001,0.08526476,0.149459772,0.298567822,0.13143894,0.18064664149999998
297,0.07228037135141102,0.094222144974626,0.0569924175,0.05930526,0.08518823,0.149356184,0.296219205,0.131344929,0.17958116175
298,0.07231833966280704,0.09450695779452578,0.057022462499999996,0.0592687125,0.08523949,0.149348726,0.296573371,0.130845731,0.18028853474999998
299,0.07234817410850411,0.094451029841664,0.056983635000000005,0.05934191999999999,0.08524943,0.149135332,0.29432351,0.130150131,0.17947528575
300,0.0721976894824,0.09440399505609649,0.056953199999999995,0.05929353,0.08508571,0.149546027,0.29444141,0.130212447,0.17936075475000002
301,0.07232169877027303,0.09447212904601601,0.05699889749999999,0.05941104,0.08522786,0.149249,0.291616737,0.129720743,0.17864930725
302,0.07233542332810704,0.09460159877042554,0.0569912625,0.059492722500000005,0.08523699,0.149069889,0.292519114,0.129075159,0.17850511
303,0.07220988092099478,0.09509623700585354,0.0570101925,0.059538157499999994,0.085119,0.148753423,0.291076692,0.129296034,0.17799778249999998
304,0.07221339114595703,0.09468905823338603,0.0569660625,0.0593515425,0.0851024,0.149258808,0.289949145,0.128647971,0.17803663125000002
305,0.07208189436984214,0.09459392308364477,0.056922795,0.0595241925,0.08495143,0.149842472,0.288005898,0.128565989,0.17671942999999998
306,0.07205586493250979,0.09395186934934412,0.056895592499999995,0.05927083500000001,0.08491211,0.149579851,0.286701692,0.127856224,0.17654146575000002
307,0.07208597561270401,0.09460384969120912,0.05693352,0.059449785,0.08495687,0.149156872,0.28539922,0.127565092,0.17601101225
308,0.07183794560897178,0.09496402287383827,0.0568603275,0.0594892125,0.08467742,0.149953555,0.28553844,0.127734961,0.1753606605
309,0.0720805005766765,0.09461321885750601,0.05691867,0.0593947425,0.08494334,0.149430834,0.283741023,0.126897719,0.17538122374999998
310,0.07193811919707399,0.09461304896159212,0.05689782,0.05942404500000001,0.08479134,0.149696123,0.282526997,0.126768519,0.17464259650000002
311,0.07200001987457477,0.09488886637937413,0.0569163675,0.059493765,0.0848601,0.149499281,0.280555477,0.12654375,0.1738680145
312,0.071914109532104,0.09457204761219401,0.056894520000000004,0.059377620000000006,0.08476359,0.149776061,0.280144974,0.125902699,0.17488377249999998
313,0.07190875783924852,0.09490940095879678,0.05688519,0.0595100475,0.08475435,0.149648314,0.280811326,0.125753333,0.17435961825
314,0.07180191513970413,0.09501380230144853,0.056839635,0.059404042500000004,0.08462618,0.150196353,0.278978444,0.125483245,0.173403065
315,0.07193596186282578,0.09481947778227579,0.0568888875,0.0593467125,0.08478145,0.149953114,0.277461717,0.12531245,0.17317949900000001
316,0.07188088581280727,0.09489976623137411,0.0568529325,0.059572484999999994,0.08470875,0.149589303,0.277023381,0.124522726,0.17400269675
317,0.07185930155302601,0.094744317367624,0.056797259999999995,0.059347319999999995,0.08466225,0.150053514,0.276119523,0.124464198,0.17319992699999998
318,0.07183433146892354,0.09421275227446428,0.0568380825,0.0594870525,0.08465377,0.149541134,0.274850105,0.124033459,0.172237081
319,0.07183856449231928,0.09453211272703052,0.0568523475,0.0594638775,0.0846636,0.149841816,0.274273083,0.12372655,0.171547098
320,0.07184823538191303,0.09472751306908203,0.056854222499999996,0.0593150625,0.08467354,0.149871831,0.273175316,0.123447067,0.17239713525
321,0.07174554342478212,0.09507877417470079,0.056783354999999994,0.0595261125,0.08453827,0.149863086,0.272309033,0.122967829,0.17114539225
322,0.071825195876306,0.09462415879626854,0.056834340000000004,0.0594438825,0.08463983,0.14971275,0.271289582,0.123239644,0.16992647100000002
323,0.07191831185988679,0.09502432390763213,0.0568741275,0.059445645000000005,0.08474983,0.149847079,0.271026169,0.122669917,0.17074907125
324,0.071793124122504,0.09489607976143913,0.05682948,0.059518064999999995,0.08460369,0.149642034,0.267366613,0.122433698,0.17018271375000002
325,0.07159515698995178,0.09454816746394804,0.0567705525,0.0594060225,0.08437973,0.149686766,0.27083812,0.1220811,0.170222671
326,0.07174674359452413,0.09484603965290712,0.056800514999999996,0.059372895,0.08454359,0.149874935,0.268253305,0.121705215,0.1692476665
327,0.07154011450162212,0.09444286790549554,0.056737755,0.0595076775,0.08430899,0.150262904,0.267432016,0.121422238,0.16901782925
328,0.071761164196104,0.09474380710906553,0.056804520000000004,0.059337202500000005,0.08455822,0.149795069,0.265547594,0.121112112,0.16909763325
329,0.07173226170530313,0.09458757840969603,0.056825774999999995,0.059480857500000005,0.08453807,0.149681005,0.266246061,0.121027151,0.16855560349999998
330,0.07172271827910214,0.09424345264096327,0.056804805,0.05930658750000001,0.08451819,0.149698326,0.264475457,0.121045472,0.167302528
331,0.07167001205059428,0.09420759358618178,0.0567949725,0.0593944725,0.08446126,0.150011566,0.265188667,0.120637559,0.16693179625
332,0.07150423506746328,0.09465633228081413,0.056745412499999995,0.059469435,0.08427316,0.15003156,0.264012311,0.120245886,0.168087186
333,0.07168063723693599,0.0943689709142125,0.056776440000000004,0.05931045,0.0844621,0.149996068,0.262291251,0.120118301,0.16704835725
334,0.07142539734155554,0.0951917126024,0.05672000249999999,0.05953320000000001,0.08418158,0.149797638,0.261085523,0.119946971,0.16686774125
335,0.07152848276200979,0.094668317292514,0.056715592499999995,0.05942658000000001,0.08428169,0.149835578,0.2612747,0.119561283,0.16669407725000002
336,0.071640134043794,0.09439525329142599,0.05678838,0.05931426000000001,0.08442499,0.149875209,0.260612824,0.119613899,0.16599395074999998
337,0.07160324608473428,0.09408701133889927,0.056772547500000006,0.0594012525,0.08438055,0.149909248,0.259828447,0.119271805,0.16531480425
338,0.07156200434199712,0.0944056590562125,0.056733495,0.05952405,0.0843207,0.149754487,0.258236494,0.118898426,0.16563147350000001
339,0.07146866574155702,0.09447734725444352,0.0567075375,0.0593891175,0.08421629,0.150485683,0.2579999,0.118372405,0.16646869925
340,0.07147218452441251,0.09440799393271603,0.056728350000000004,0.05948421749999999,0.08422818,0.149863674,0.257786999,0.11829019,0.16507082074999999
341,0.07167931925408728,0.0939613889482125,0.0567914925,0.059346449999999995,0.08446228,0.149647829,0.257122459,0.118148206,0.1644567885
342,0.07160470743029104,0.09470469440239929,0.056781217499999995,0.0595787475,0.08438204,0.149919486,0.256381315,0.117639099,0.16483344875
343,0.0715119816790685,0.09448573235010553,0.056725410000000004,0.0593660025,0.08426513,0.150218704,0.256777773,0.117388377,0.1647967405
344,0.07135537221192728,0.09422394055686913,0.0566901075,0.059365335000000005,0.08409216,0.150091702,0.254946227,0.117481515,0.16392520125
345,0.071598123172034,0.09468367044196413,0.056750220000000004,0.059397315000000006,0.0843606,0.149849932,0.255134651,0.117071875,0.1639713345
346,0.07142671367547812,0.09418689403731303,0.056682075,0.059326222500000005,0.0841585,0.149891862,0.254049034,0.116632896,0.1639674135
347,0.07140880697440213,0.09418354813114928,0.056697195,0.0593712525,0.08414683,0.149977383,0.252501167,0.1165588,0.16282031475
348,0.07152634063280412,0.093734184461826,0.05672611500000001,0.05934126,0.08427648,0.149920625,0.25185153,0.116445087,0.16310837674999998
349,0.07145058338548828,0.09410092708680849,0.056708812500000004,0.05935839,0.0841924,0.150035239,0.251170145,0.116228249,0.1637031425
350,0.07135336229218178,0.09464058408686178,0.0566661525,0.0595082475,0.08407655,0.150361419,0.250610629,0.116024514,0.16292140075
351,0.07130896870365,0.09432260131265212,0.0566493,0.059391555,0.08402324,0.150107988,0.248351705,0.115617223,0.161759442
352,0.07133786774314853,0.09438470258548827,0.0566560425,0.05939681249999999,0.08405497,0.150155928,0.249842721,0.115783037,0.16201665325
353,0.07126932748613413,0.09443626649204678,0.056661285,0.059420047499999996,0.08398901,0.150311281,0.249660627,0.115858677,0.16169095475
354,0.07140827367157912,0.09474328282560002,0.056672865,0.0595416,0.08413191,0.149924212,0.248542837,0.115536789,0.16075097275
355,0.07137454319524413,0.0944549151944948,0.056670915,0.0594795675,0.08409703,0.1500621,0.248876387,0.11525143,0.16099687075000002
356,0.07130804951103054,0.09420507137193712,0.056652997499999996,0.05936509499999999,0.08402225,0.15008001,0.248546871,0.11524403,0.160371859
357,0.07120864025620913,0.094689063474056,0.056618535,0.05957316,0.08390732,0.150208905,0.248011654,0.114817554,0.1597626655
358,0.07114163398921411,0.09452570590737053,0.056592315,0.0595641975,0.08382852,0.150299245,0.248265106,0.114683433,0.160221579
359,0.07130119076344928,0.09417672892982412,0.0566327475,0.059473485000000006,0.08400489,0.149989787,0.247062768,0.11447332,0.15891221449999998
360,0.07125373330435303,0.0952395047975685,0.0566267025,0.05968041,0.08395434,0.149970642,0.246545238,0.114220079,0.15955235774999998
361,0.07128276069176429,0.09430818414923212,0.05663694749999999,0.059349645,0.08398779,0.150210738,0.247103733,0.114052982,0.15970550175
362,0.07118623673831913,0.09441990088732555,0.056577585,0.0594152775,0.08386467,0.150362196,0.244377284,0.114026918,0.15910377475
363,0.07124048038155803,0.09409310395945977,0.0566351775,0.0592824075,0.08394378,0.149860123,0.245789789,0.113708336,0.158995185
364,0.07112986163529714,0.09427502886846728,0.056606745,0.0593282925,0.08382045,0.150188277,0.244291788,0.113657113,0.158804214
365,0.07111771972436304,0.09366117953024052,0.056592097499999994,0.059231797499999995,0.08380059,0.150329042,0.24223984,0.113287844,0.15844381550000003
366,0.07119476121933929,0.09402902283026479,0.0566220525,0.059388607499999996,0.08389058,0.150088556,0.242784759,0.113486281,0.1576444195
367,0.07107056467788178,0.09433301385372812,0.0565504725,0.059534925,0.08373619,0.150495449,0.24443394,0.113509368,0.15733793825000003
368,0.07112902178189454,0.09398854140683853,0.0565704375,0.0593764425,0.08380131,0.150313803,0.242670285,0.112763197,0.1578018865
369,0.07106470640382728,0.09439800488928428,0.0565782675,0.0595134525,0.08374076,0.150245561,0.241149258,0.11309371,0.15810952699999997
370,0.07116687383421212,0.09369760820883913,0.056618594999999994,0.05926606499999999,0.08386069,0.150627937,0.241148205,0.112943483,0.1569427795
371,0.07111374258124478,0.093689813526114,0.056590432499999996,0.059277420000000004,0.08379432,0.150388484,0.240795298,0.11256021,0.156862025
372,0.07107003646717214,0.09413397990985212,0.056569245000000004,0.059400194999999996,0.08374053,0.150506385,0.240389479,0.112157118,0.15791345825
373,0.07118264657943651,0.09400635654125,0.05661357,0.0593115,0.08387227,0.150573357,0.240249939,0.111905592,0.15640229675
374,0.07099239668212853,0.09421137994997712,0.0565422825,0.059426055,0.08365071,0.150325692,0.240195159,0.111956508,0.1567831455
375,0.07106055685079804,0.0942775708786,0.0565458975,0.0594906,0.08372037,0.150699895,0.238497721,0.111963877,0.15603310875
376,0.07116299762088478,0.09435296087132053,0.0566105925,0.0594098025,0.08384974,0.150108739,0.236890073,0.111761958,0.155638616
377,0.07104355062630352,0.09439468596699603,0.0565438425,0.059547142500000004,0.08370168,0.150401838,0.239333965,0.111585776,0.15538330575
378,0.07103336908406399,0.09393902342205648,0.05657208,0.05924913,0.08370389,0.150728499,0.237772959,0.111611322,0.15516995475
379,0.07109197353336849,0.09449201039768211,0.05656191000000001,0.059563605,0.08375717,0.150233584,0.237239774,0.111639268,0.15533097825
380,0.07110137966218849,0.09350902170808913,0.05657901,0.059251065000000006,0.08377346,0.150212867,0.236906465,0.111344858,0.15447474149999998
381,0.07101257093280602,0.09402032997694229,0.056535382499999995,0.0593663325,0.08366582,0.150862094,0.235856275,0.111343184,0.1543018365
382,0.07084481043531249,0.09376270522129929,0.05651175,0.0593507475,0.08348729,0.150395851,0.23569213,0.111163536,0.1546349125
383,0.07115101982228604,0.09335083297793303,0.0565574175,0.059299822499999995,0.08381244,0.150248693,0.235023654,0.110893959,0.153352168
384,0.07115261016923399,0.09381758704990177,0.056586779999999996,0.0593354475,0.08382681,0.150350006,0.234363982,0.111075497,0.15306458725
385,0.0709097282474085,0.09403550582344429,0.056527110000000005,0.0594670275,0.08355759,0.150836666,0.233745646,0.110785435,0.15338641275
386,0.07080874497626553,0.09469817141256803,0.0564387975,0.059468377499999996,0.08341857,0.150837379,0.235654462,0.110583433,0.15317336399999998
387,0.07082863568793413,0.09396928434245214,0.056479035000000004,0.059484195,0.08345517,0.15036423,0.235118829,0.110671411,0.15322311975
388,0.07078923700708213,0.0940869866313018,0.056478645,0.0594919275,0.08341561,0.150788382,0.23482326,0.110657246,0.1521850705
389,0.07079813724460703,0.09404256124506412,0.0564608625,0.059315565,0.08341596,0.150325068,0.234087931,0.110663386,0.15220237450000002
390,0.07066151237083829,0.09441699190696429,0.0564067875,0.0596129475,0.08325583,0.150909343,0.234235671,0.110347027,0.152661417
391,0.07075984754721328,0.09431893664045554,0.0564277875,0.0594519975,0.08336329,0.150769748,0.234252848,0.10996512,0.1525943605
392,0.07090937784656229,0.094333455785544,0.0565031325,0.059544120000000006,0.08354478,0.150442507,0.233321677,0.109830051,0.15252699474999998
393,0.07082643809546353,0.09383658125924853,0.05648144249999999,0.059572042500000005,0.08345228,0.150783088,0.232562402,0.109790631,0.15243637375000002
394,0.07090684848230214,0.094313441327176,0.056516805,0.059336759999999995,0.08354735,0.150215884,0.231321177,0.109551327,0.15295577375
395,0.0708816205534125,0.0937681678200165,0.056470349999999996,0.059307269999999995,0.08350215,0.150570586,0.232100063,0.109736179,0.15157894775
396,0.07083281614638828,0.09389407966759054,0.0564856125,0.0596270775,0.08345994,0.150719522,0.2309676,0.109959629,0.15097772825
397,0.07073646174973178,0.09383240293074212,0.0564321525,0.059444955,0.08333981,0.150553132,0.230823582,0.109440095,0.15195800775
398,0.07087765456097914,0.09441461575949602,0.056499135,0.05955036,0.08350994,0.150305729,0.231051014,0.109259914,0.151550924
399,0.07079072839217813,0.09340642509767304,0.056450475,0.059329102499999994,0.08340174,0.1508918,0.230344919,0.109422943,0.1510554825
400,0.07087576209582601,0.09418201606024854,0.056488739999999996,0.0595710825,0.08350301,0.150543123,0.230368728,0.109169682,0.15109954725
401,0.0707990536992165,0.093800829913394,0.05646777,0.05950938,0.08341709,0.150489729,0.230640114,0.109087279,0.1508366775
402,0.07080934808008851,0.09405573107456178,0.05645601,0.0594448725,0.08342164,0.150576826,0.228755242,0.108982317,0.1499819455
