epoch,train_loss,val_loss,train_rmse,val_rmse,train_loss_obj
1,0.15095187,0.19685765,0.10132010,0.09961319,0.18298277
2,0.15190294,0.19668033,0.10155721,0.09954252,0.18372909
3,0.15079127,0.19649589,0.10133654,0.09946906,0.18293151
4,0.15035430,0.19631060,0.10114195,0.09939721,0.18229616
5,0.15108019,0.19611978,0.10117511,0.09932360,0.18267576
6,0.14853627,0.19593027,0.10031584,0.09925038,0.17970566
7,0.15038360,0.19573578,0.10108712,0.09917563,0.18224821
8,0.14784935,0.19554238,0.10017137,0.09910163,0.17924375
9,0.15067602,0.19534619,0.10112542,0.09902781,0.18276860
10,0.14979392,0.19514702,0.10067697,0.09895481,0.18151650
11,0.14916217,0.19494383,0.10040486,0.09888079,0.18063547
12,0.14753626,0.19473865,0.10004888,0.09880554,0.17879283
13,0.14818085,0.19452412,0.10024812,0.09872668,0.17987895
14,0.14792712,0.19430993,0.09995525,0.09864648,0.17934471
15,0.14707674,0.19408858,0.09980047,0.09856401,0.17839320
16,0.14611770,0.19385063,0.09952666,0.09847503,0.17759307
17,0.14588962,0.19360715,0.09916324,0.09838157,0.17682922
18,0.14535310,0.19335569,0.09926464,0.09828617,0.17659851
19,0.14480142,0.19309797,0.09925829,0.09818766,0.17655511
20,0.14581192,0.19283041,0.09925395,0.09808355,0.17693971
21,0.14516504,0.19256161,0.09928100,0.09797866,0.17686159
22,0.14453725,0.19228590,0.09883046,0.09786733,0.17592085
23,0.14435419,0.19199565,0.09871454,0.09775098,0.17544754
24,0.14415046,0.19170178,0.09858396,0.09763257,0.17548310
25,0.14442894,0.19139651,0.09844737,0.09750667,0.17528517
26,0.14365288,0.19109231,0.09809803,0.09737980,0.17435876
27,0.14088587,0.19077905,0.09752248,0.09724943,0.17172771
28,0.14205002,0.19044657,0.09761946,0.09711053,0.17269992
29,0.14129244,0.19010679,0.09730448,0.09696968,0.17165514
30,0.14287769,0.18977024,0.09761291,0.09682455,0.17329364
31,0.14016944,0.18943131,0.09696189,0.09667291,0.17074145
32,0.13888235,0.18908570,0.09654518,0.09652076,0.16925542
33,0.14087378,0.18872721,0.09679877,0.09637368,0.17117519
34,0.13865572,0.18837003,0.09588303,0.09622379,0.16805047
35,0.13777964,0.18800275,0.09570283,0.09606390,0.16760519
36,0.13850311,0.18763976,0.09558089,0.09591640,0.16776736
37,0.13751681,0.18728456,0.09528449,0.09576681,0.16680684
38,0.13664434,0.18692740,0.09515158,0.09562423,0.16615529
39,0.13431677,0.18656860,0.09424544,0.09548498,0.16347316
40,0.13454215,0.18623586,0.09418229,0.09535667,0.16354809
41,0.13354402,0.18589952,0.09418389,0.09522467,0.16281511
42,0.13366156,0.18554625,0.09368921,0.09509474,0.16248477
43,0.13153301,0.18521632,0.09329374,0.09498266,0.16045175
44,0.13161509,0.18489690,0.09317856,0.09489745,0.16060430
45,0.13236047,0.18458467,0.09330966,0.09480876,0.16121517
46,0.13075468,0.18426559,0.09242115,0.09473218,0.15900015
47,0.13000958,0.18394569,0.09228118,0.09466224,0.15851494
48,0.12946071,0.18362270,0.09230628,0.09460401,0.15844883
49,0.12806904,0.18328591,0.09172660,0.09452926,0.15680813
50,0.12691650,0.18294913,0.09137254,0.09446404,0.15562138
51,0.12756634,0.18262112,0.09173863,0.09439660,0.15682464
52,0.12582207,0.18228799,0.09072200,0.09431252,0.15412355
53,0.12564692,0.18195981,0.09076182,0.09422218,0.15433886
54,0.12500499,0.18164862,0.09057610,0.09415619,0.15368775
55,0.12464395,0.18132962,0.09058616,0.09408901,0.15378088
56,0.12482386,0.18100341,0.09041317,0.09399758,0.15372786
57,0.12252370,0.18070401,0.08969183,0.09391394,0.15132236
58,0.12199056,0.18039810,0.08972121,0.09384031,0.15104519
59,0.12022853,0.18011840,0.08887473,0.09377099,0.14878423
60,0.12142123,0.17984079,0.08943890,0.09368685,0.15055572
61,0.12090429,0.17955206,0.08938381,0.09360503,0.15020279
62,0.11928071,0.17922255,0.08848795,0.09355444,0.14787019
63,0.11856462,0.17896868,0.08847603,0.09353795,0.14727342
64,0.11872700,0.17868499,0.08816125,0.09352020,0.14742911
65,0.11799654,0.17850842,0.08821433,0.09348709,0.14706386
66,0.11808309,0.17827918,0.08820999,0.09344919,0.14720580
67,0.11659940,0.17802085,0.08753091,0.09340264,0.14556448
68,0.11569565,0.17779008,0.08743249,0.09337223,0.14482057
69,0.11469892,0.17759997,0.08703410,0.09335073,0.14381901
70,0.11614008,0.17743288,0.08762086,0.09331990,0.14576037
71,0.11562730,0.17724089,0.08733389,0.09329173,0.14494751
72,0.11399656,0.17702326,0.08654638,0.09330067,0.14286789
73,0.11349293,0.17684735,0.08638005,0.09332721,0.14248484
74,0.11327677,0.17667203,0.08656969,0.09328912,0.14289703
75,0.11366621,0.17650831,0.08647092,0.09322671,0.14310928
76,0.11291137,0.17634648,0.08634759,0.09318310,0.14255915
77,0.11124946,0.17613433,0.08591501,0.09309293,0.14098964
78,0.11015086,0.17606499,0.08568719,0.09307397,0.14005698
79,0.11063375,0.17599141,0.08558526,0.09303825,0.14060033
80,0.10914670,0.17589903,0.08500602,0.09305291,0.13859421
81,0.11061480,0.17580267,0.08534613,0.09310475,0.14041800
82,0.10832134,0.17573199,0.08478262,0.09316321,0.13796367
83,0.10875761,0.17569879,0.08484906,0.09318965,0.13853866
84,0.10773038,0.17565101,0.08450972,0.09310831,0.13743909
85,0.10779755,0.17556398,0.08465690,0.09301273,0.13789225
86,0.10901231,0.17542865,0.08508588,0.09290925,0.13946615
87,0.10808487,0.17524881,0.08444889,0.09286781,0.13797632
88,0.10777226,0.17495736,0.08434527,0.09289056,0.13777092
89,0.10651476,0.17478205,0.08401413,0.09286992,0.13685222
90,0.10611257,0.17460070,0.08382944,0.09282358,0.13600263
91,0.10585730,0.17442857,0.08357143,0.09278393,0.13558624
92,0.10553735,0.17427103,0.08343533,0.09273692,0.13532780
93,0.10530903,0.17415188,0.08358871,0.09272081,0.13551268
94,0.10510184,0.17403121,0.08352942,0.09274765,0.13531668
95,0.10407942,0.17398651,0.08309717,0.09279492,0.13408467
96,0.10469445,0.17397033,0.08323600,0.09281982,0.13482119
97,0.10334841,0.17392989,0.08274189,0.09279450,0.13329783
98,0.10302301,0.17384114,0.08258404,0.09272257,0.13300186
99,0.10316554,0.17372968,0.08280447,0.09265487,0.13363771
100,0.10270516,0.17370859,0.08264368,0.09264429,0.13324167
101,0.10282199,0.17362386,0.08253026,0.09266375,0.13292655
102,0.10123747,0.17350059,0.08201144,0.09268389,0.13141829
103,0.10122452,0.17355635,0.08193787,0.09267308,0.13155626
104,0.10080206,0.17348995,0.08198063,0.09261567,0.13122314
105,0.10004473,0.17331346,0.08142740,0.09253891,0.13008360
106,0.09919560,0.17307449,0.08118856,0.09242840,0.12942410
107,0.10003504,0.17290696,0.08175083,0.09238598,0.13070483
108,0.09965016,0.17270116,0.08130825,0.09238451,0.12994432
109,0.09907112,0.17253916,0.08137495,0.09232827,0.12953316
110,0.09874984,0.17248613,0.08118911,0.09231002,0.12918859
111,0.09936751,0.17246699,0.08112617,0.09235264,0.12988693
112,0.09835179,0.17255494,0.08091128,0.09241504,0.12873493
113,0.09775990,0.17251997,0.08058733,0.09239556,0.12790270
114,0.09732951,0.17251568,0.08061588,0.09238288,0.12799585
115,0.09800701,0.17255834,0.08066356,0.09236250,0.12840867
116,0.09581412,0.17255808,0.07967599,0.09228716,0.12584807
117,0.09764660,0.17236371,0.08068273,0.09226171,0.12855182
118,0.09579709,0.17213970,0.07968947,0.09221795,0.12595249
119,0.09531299,0.17189553,0.07953229,0.09218256,0.12542094
120,0.09588508,0.17175922,0.08009585,0.09212880,0.12658844
121,0.09520342,0.17161362,0.07957624,0.09210991,0.12571307
122,0.09625836,0.17153371,0.08012294,0.09210937,0.12735598
123,0.09434344,0.17147701,0.07906081,0.09204202,0.12460056
124,0.09439270,0.17143943,0.07960474,0.09193663,0.12525736
125,0.09403480,0.17126734,0.07918162,0.09191492,0.12441285
126,0.09394041,0.17121271,0.07877138,0.09199936,0.12412169
127,0.09431146,0.17122160,0.07949532,0.09205371,0.12545767
128,0.09427954,0.17126868,0.07945480,0.09197711,0.12534741
129,0.09380558,0.17124521,0.07903849,0.09191140,0.12474244
130,0.09245170,0.17113996,0.07812986,0.09184240,0.12266463
131,0.09345692,0.17122438,0.07879589,0.09185840,0.12435329
132,0.09283026,0.17135769,0.07869243,0.09185289,0.12348663
133,0.09309828,0.17119047,0.07881110,0.09182973,0.12386207
134,0.09201347,0.17098155,0.07842654,0.09180776,0.12267661
135,0.09161699,0.17079770,0.07810309,0.09179483,0.12225337
136,0.09264309,0.17079849,0.07843365,0.09184057,0.12335253
137,0.09145572,0.17081198,0.07800210,0.09180968,0.12209806
138,0.09149957,0.17065944,0.07793415,0.09178206,0.12218558
139,0.09116719,0.17054954,0.07779552,0.09176908,0.12164897
140,0.09148435,0.17053483,0.07799089,0.09176027,0.12226192
141,0.09014507,0.17057606,0.07736384,0.09176013,0.12080832
142,0.09186651,0.17089861,0.07805070,0.09179854,0.12269809
143,0.09062302,0.17107491,0.07774379,0.09175685,0.12179954
144,0.08925817,0.17119658,0.07699854,0.09172329,0.11963543
145,0.08898417,0.17124446,0.07682828,0.09169421,0.11955346
146,0.09016268,0.17128970,0.07737693,0.09164280,0.12105079
147,0.08839144,0.17115359,0.07682010,0.09167606,0.11913219
148,0.08872787,0.17097707,0.07676494,0.09168083,0.11937286
149,0.08907535,0.17082969,0.07695814,0.09163557,0.11986875
150,0.08926944,0.17079755,0.07705197,0.09158443,0.12037934
151,0.08809880,0.17082520,0.07652491,0.09158294,0.11887165
152,0.08881879,0.17080080,0.07674912,0.09166119,0.11976980
153,0.08735135,0.17066224,0.07599367,0.09160293,0.11765463
154,0.08778443,0.17061187,0.07661339,0.09153748,0.11894928
155,0.08687783,0.17053009,0.07614402,0.09140495,0.11787687
156,0.08695245,0.17065804,0.07594865,0.09143363,0.11782364
157,0.08780439,0.17071003,0.07643087,0.09150536,0.11881744
158,0.08730444,0.17085788,0.07619863,0.09157533,0.11826393
159,0.08662356,0.17099583,0.07577850,0.09147695,0.11751056
160,0.08734881,0.17082584,0.07615870,0.09142715,0.11823281
161,0.08775988,0.17085792,0.07649521,0.09137823,0.11873154
162,0.08634884,0.17106844,0.07558694,0.09139500,0.11682180
163,0.08610670,0.17123303,0.07589203,0.09141506,0.11756080
164,0.08559552,0.17127110,0.07563631,0.09150607,0.11690488
165,0.08481781,0.17123913,0.07493889,0.09158783,0.11557378
166,0.08528328,0.17090589,0.07510392,0.09162074,0.11591077
167,0.08493535,0.17040368,0.07499034,0.09167760,0.11544592
168,0.08545533,0.17010331,0.07539602,0.09158153,0.11670466
169,0.08495919,0.17017055,0.07492386,0.09142080,0.11578983
170,0.08512079,0.17037536,0.07517992,0.09130086,0.11614586
171,0.08490030,0.17029712,0.07524915,0.09130138,0.11578354
172,0.08489816,0.17039149,0.07493786,0.09135322,0.11543731
173,0.08490429,0.17060526,0.07503705,0.09135439,0.11546147
174,0.08342264,0.17083690,0.07422242,0.09140154,0.11379394
175,0.08396705,0.17124998,0.07461798,0.09142102,0.11481068
176,0.08249534,0.17148916,0.07384271,0.09136821,0.11289860
177,0.08364320,0.17145127,0.07484357,0.09143883,0.11494677
178,0.08326037,0.17131978,0.07454031,0.09155552,0.11441271
179,0.08274647,0.17109308,0.07431921,0.09151232,0.11356049
180,0.08290710,0.17105680,0.07421064,0.09142574,0.11379240
181,0.08261263,0.17101964,0.07388828,0.09139353,0.11324274
182,0.08320427,0.17087077,0.07425773,0.09143987,0.11403523
183,0.08288060,0.17088650,0.07429713,0.09151455,0.11423360
184,0.08328797,0.17088589,0.07449432,0.09147675,0.11470959
185,0.08241763,0.17085117,0.07413875,0.09149583,0.11334402
186,0.08346688,0.17078487,0.07430344,0.09144196,0.11446554
187,0.08192790,0.17056729,0.07394988,0.09143325,0.11296836
188,0.08232114,0.17024019,0.07412913,0.09131048,0.11367015
189,0.08224384,0.17007056,0.07390308,0.09122158,0.11295183
190,0.08166311,0.17020772,0.07345024,0.09127960,0.11230490
191,0.08273937,0.17060623,0.07434237,0.09130667,0.11417390
192,0.08178943,0.17091211,0.07361767,0.09135717,0.11266245
193,0.08211554,0.17097107,0.07378740,0.09144959,0.11334678
194,0.08077536,0.17095523,0.07338247,0.09149829,0.11174850
195,0.07989123,0.17097328,0.07292701,0.09138033,0.11065820
196,0.08094094,0.17104306,0.07320993,0.09134393,0.11189634
197,0.08126075,0.17097609,0.07336120,0.09133954,0.11192947
198,0.08047201,0.17085045,0.07317802,0.09129730,0.11127451
199,0.08021363,0.17085504,0.07280387,0.09127250,0.11082077
200,0.08128528,0.17080382,0.07340842,0.09124680,0.11218928
201,0.08090082,0.17077983,0.07288378,0.09124892,0.11150751
202,0.07930715,0.17068151,0.07252189,0.09127538,0.11011273
203,0.08023205,0.17052202,0.07280914,0.09139006,0.11094143
204,0.08071598,0.17046212,0.07303165,0.09140408,0.11167403
205,0.07919694,0.17045934,0.07274804,0.09123881,0.11040219
206,0.08055977,0.17038575,0.07303697,0.09112639,0.11185658
207,0.07918589,0.17037279,0.07270346,0.09123870,0.11034844
208,0.07887046,0.17056701,0.07229796,0.09130827,0.10946789
209,0.08044753,0.17082866,0.07303475,0.09124410,0.11146276
210,0.07980994,0.17084264,0.07276273,0.09118521,0.11069638
211,0.07955554,0.17064653,0.07272608,0.09125569,0.11044307
212,0.07978797,0.17063250,0.07245170,0.09135562,0.11049511
213,0.07807293,0.17059972,0.07201824,0.09130190,0.10883196
214,0.07757941,0.17058542,0.07155206,0.09123780,0.10796999
215,0.07953816,0.17059456,0.07244865,0.09122353,0.11058410
216,0.07989076,0.17058944,0.07272777,0.09119608,0.11119840
217,0.07880020,0.17059773,0.07236194,0.09115994,0.10971824
218,0.07841064,0.17065551,0.07180676,0.09112122,0.10875699
219,0.07817077,0.17063610,0.07191624,0.09109509,0.10917278
220,0.07829142,0.17073033,0.07191089,0.09112753,0.10906073
221,0.07865969,0.17074575,0.07234640,0.09119540,0.10974503
222,0.07743531,0.17069405,0.07156380,0.09122114,0.10811449
223,0.07763938,0.17066667,0.07154155,0.09120741,0.10841258
224,0.07698836,0.17069446,0.07159070,0.09127014,0.10831806
225,0.07770798,0.17066467,0.07182068,0.09125707,0.10877403
226,0.07780534,0.17078236,0.07159216,0.09121044,0.10873952
227,0.07792433,0.17077126,0.07187014,0.09114912,0.10891591
228,0.07742968,0.17066556,0.07175333,0.09114720,0.10823846
229,0.07761832,0.17070291,0.07160002,0.09110060,0.10829856
230,0.07815918,0.17076947,0.07193261,0.09109393,0.10907258
231,0.07623573,0.17078726,0.07109706,0.09109665,0.10720033
232,0.07680606,0.17068445,0.07121693,0.09108636,0.10769368
233,0.07770408,0.17066328,0.07181343,0.09105470,0.10922354
234,0.07675955,0.17044431,0.07141835,0.09106760,0.10800652
235,0.07696499,0.17045266,0.07131798,0.09104997,0.10810670
236,0.07644119,0.17051843,0.07085362,0.09102857,0.10708533
237,0.07648090,0.17047235,0.07123413,0.09103395,0.10737755
238,0.07641341,0.17032767,0.07075673,0.09108415,0.10665161
239,0.07655106,0.17033562,0.07097169,0.09105409,0.10748492
240,0.07598057,0.17059366,0.07048055,0.09100299,0.10644982
241,0.07575713,0.17077903,0.07073387,0.09103137,0.10640041
242,0.07603050,0.17074235,0.07070462,0.09109426,0.10665101
243,0.07643788,0.17076117,0.07110543,0.09111864,0.10725965
244,0.07637011,0.17085772,0.07097951,0.09119836,0.10731492
245,0.07590079,0.17093127,0.07076726,0.09119052,0.10673244
246,0.07445416,0.17094682,0.07022551,0.09110808,0.10513154
247,0.07632430,0.17100367,0.07086970,0.09107305,0.10726061
248,0.07475203,0.17077111,0.07013884,0.09113221,0.10561471
249,0.07546338,0.17039450,0.07031800,0.09118783,0.10585702
250,0.07590363,0.17010785,0.07082679,0.09113973,0.10689824
251,0.07577327,0.16989189,0.07091761,0.09102071,0.10674610
252,0.07454627,0.16988731,0.07015970,0.09095422,0.10565428
253,0.07456916,0.17009805,0.07029456,0.09093966,0.10555529
254,0.07504664,0.17027565,0.07026510,0.09093125,0.10611738
255,0.07558554,0.17025710,0.07015053,0.09089650,0.10585761
256,0.07429141,0.17037167,0.07040235,0.09089457,0.10551387
257,0.07505356,0.17041688,0.07044688,0.09090700,0.10613782
258,0.07415291,0.17044672,0.06960466,0.09095197,0.10462907
259,0.07510862,0.17063075,0.07047064,0.09100050,0.10618173
260,0.07567796,0.17075688,0.07060356,0.09097005,0.10641157
261,0.07357910,0.17082840,0.06955836,0.09113353,0.10395108
262,0.07498184,0.17095826,0.07010017,0.09125769,0.10534250
263,0.07314000,0.17103219,0.06946574,0.09120740,0.10389946
264,0.07486767,0.17112470,0.07008307,0.09119195,0.10573796
265,0.07358361,0.17111848,0.06973102,0.09120191,0.10460377
266,0.07417652,0.17116950,0.07013860,0.09118531,0.10551386
267,0.07409261,0.17099843,0.06978940,0.09117341,0.10482289
268,0.07367876,0.17087537,0.06947143,0.09114010,0.10394867
269,0.07445903,0.17086749,0.06997809,0.09110694,0.10524415
270,0.07487174,0.17088624,0.07036236,0.09110370,0.10588635
271,0.07421677,0.17099212,0.07001379,0.09107251,0.10479335
272,0.07446876,0.17097921,0.07003679,0.09106763,0.10521773
273,0.07370407,0.17076854,0.06955534,0.09113201,0.10407935
274,0.07418374,0.17082076,0.06968826,0.09113239,0.10498743
275,0.07325481,0.17093608,0.06955668,0.09106060,0.10419011
276,0.07358976,0.17086435,0.06955757,0.09105925,0.10476221
277,0.07286217,0.17074367,0.06937385,0.09108334,0.10372036
278,0.07401589,0.17059991,0.06961439,0.09108148,0.10469150
279,0.07449620,0.17056381,0.06996511,0.09112313,0.10564532
280,0.07416659,0.17051823,0.06980403,0.09121335,0.10515379
281,0.07231329,0.17064976,0.06910953,0.09121056,0.10329262
282,0.07263935,0.17077159,0.06909489,0.09117120,0.10338849
283,0.07192409,0.17090307,0.06884057,0.09114966,0.10276580
284,0.07262886,0.17081769,0.06897315,0.09120470,0.10322011
285,0.07344426,0.17070482,0.06933525,0.09123586,0.10418277
286,0.07236697,0.17037070,0.06910935,0.09115847,0.10327451
287,0.07236376,0.17013532,0.06906850,0.09116485,0.10326601
288,0.07156284,0.16992806,0.06869747,0.09109225,0.10217077
289,0.07173129,0.16993043,0.06901091,0.09095201,0.10254355
290,0.07230015,0.17021192,0.06897424,0.09095636,0.10280656
291,0.07130441,0.17066217,0.06843710,0.09108603,0.10162505
292,0.07338760,0.17101030,0.06935196,0.09118452,0.10415636
293,0.07177055,0.17098175,0.06870952,0.09110854,0.10253660
294,0.07197662,0.17087996,0.06875853,0.09101642,0.10269185
295,0.07225932,0.17072773,0.06854025,0.09103211,0.10263666
296,0.07261071,0.17048159,0.06908134,0.09105237,0.10339153
297,0.07161203,0.17020304,0.06845247,0.09098152,0.10181157
298,0.07109317,0.17004010,0.06851482,0.09099658,0.10178552
299,0.07102905,0.16986834,0.06806444,0.09095877,0.10131854
300,0.07161382,0.16975003,0.06822586,0.09096730,0.10202121
301,0.07171090,0.16977056,0.06863533,0.09090881,0.10250675
302,0.07170865,0.17005592,0.06868749,0.09092245,0.10256975
303,0.07221365,0.17040361,0.06900965,0.09093268,0.10316489
304,0.07206833,0.17050378,0.06873620,0.09098018,0.10306780
305,0.07185259,0.17058440,0.06886955,0.09106494,0.10288848
306,0.07216986,0.17079073,0.06867609,0.09112835,0.10261703
307,0.07104786,0.17080661,0.06833018,0.09104998,0.10175020
308,0.07153163,0.17036350,0.06841822,0.09086251,0.10234117
309,0.07035860,0.17004693,0.06774538,0.09075659,0.10100084
310,0.07130166,0.16992594,0.06818773,0.09083019,0.10187525
311,0.07071014,0.16988811,0.06824999,0.09090111,0.10154250
312,0.07122452,0.17004557,0.06832986,0.09086575,0.10216324
313,0.06966975,0.17020502,0.06764140,0.09081693,0.10032407
314,0.07116658,0.17024503,0.06835060,0.09086963,0.10189835
315,0.07113725,0.17001207,0.06815102,0.09095384,0.10202333
316,0.07086436,0.16975801,0.06830176,0.09094533,0.10172396
317,0.06996036,0.16960590,0.06803135,0.09080997,0.10101193
318,0.07149541,0.16954016,0.06813638,0.09063348,0.10199300
319,0.07130003,0.16959361,0.06842837,0.09061831,0.10222039
320,0.06977662,0.16949329,0.06761682,0.09070938,0.10021781
321,0.07054009,0.16951192,0.06774339,0.09082244,0.10095033
322,0.07017446,0.16966114,0.06786798,0.09083414,0.10069686
323,0.07110202,0.16989557,0.06821684,0.09080766,0.10188796
324,0.07100556,0.16983834,0.06835270,0.09073003,0.10238470
325,0.07001228,0.16976992,0.06742615,0.09071562,0.10025803
326,0.07066426,0.16981499,0.06781014,0.09085705,0.10136991
327,0.06998797,0.17011734,0.06746443,0.09097345,0.10029300
328,0.07000508,0.17030500,0.06748459,0.09090671,0.10056475
329,0.07053178,0.17041742,0.06772070,0.09088330,0.10088430
330,0.06918034,0.17066236,0.06720002,0.09094522,0.09959035
331,0.07033262,0.17091956,0.06756940,0.09109691,0.10090732
332,0.07012667,0.17097751,0.06773613,0.09111115,0.10118385
333,0.06993888,0.17093474,0.06751738,0.09102132,0.10056609
334,0.07024686,0.17070987,0.06770791,0.09083145,0.10104254
335,0.06907005,0.17052180,0.06748387,0.09080362,0.09995507
336,0.06971256,0.17053732,0.06778395,0.09088772,0.10063169
337,0.06988512,0.17054317,0.06772763,0.09097649,0.10047639
338,0.06976731,0.17061120,0.06751433,0.09111232,0.10036578
339,0.06860831,0.17063802,0.06727544,0.09110651,0.09959060
340,0.06911601,0.17062000,0.06713523,0.09105209,0.09949159
341,0.06895726,0.17057548,0.06710596,0.09098078,0.09986474
342,0.06772651,0.17037078,0.06692579,0.09088239,0.09834439
343,0.06981943,0.17028354,0.06734092,0.09077666,0.10038618
344,0.06939033,0.17022941,0.06720870,0.09077887,0.09986722
345,0.06922242,0.17031264,0.06725405,0.09088746,0.09976163
346,0.06843497,0.17051599,0.06669058,0.09100956,0.09896739
347,0.06957073,0.17080071,0.06714737,0.09111856,0.10005376
348,0.06931908,0.17087965,0.06733110,0.09104952,0.10016760
349,0.06924629,0.17090497,0.06694872,0.09091117,0.09948063
350,0.06945184,0.17069503,0.06736534,0.09076938,0.10045486
351,0.06911316,0.17064500,0.06707244,0.09082004,0.09978927
352,0.06903854,0.17046134,0.06698771,0.09084881,0.09937119
353,0.06771362,0.17032560,0.06624358,0.09075605,0.09792139
354,0.06844645,0.17014762,0.06675669,0.09065431,0.09877488
355,0.06884797,0.16998601,0.06701498,0.09064072,0.09945593
356,0.06843726,0.16990858,0.06688038,0.09073053,0.09922828
357,0.06838903,0.16981632,0.06652936,0.09084622,0.09869664
358,0.06797776,0.16978586,0.06647704,0.09081387,0.09835882
359,0.06834207,0.16975202,0.06636237,0.09068101,0.09867228
360,0.06760695,0.16956331,0.06613154,0.09059129,0.09811040
361,0.06891958,0.16935636,0.06681508,0.09059882,0.09936404
362,0.06713425,0.16935056,0.06581600,0.09070729,0.09700807
363,0.06727015,0.16946922,0.06608914,0.09070337,0.09715557
364,0.06803523,0.16984310,0.06674267,0.09066213,0.09865904
365,0.06879076,0.17019179,0.06675833,0.09066492,0.09926054
366,0.06771582,0.17031163,0.06593914,0.09074802,0.09748162
367,0.06732076,0.17034313,0.06613527,0.09085921,0.09780034
368,0.06730884,0.17027370,0.06639573,0.09088409,0.09789837
369,0.06724205,0.17018036,0.06636489,0.09075619,0.09776584
370,0.06885792,0.17016619,0.06694528,0.09072621,0.09949025
371,0.06718281,0.17017263,0.06595313,0.09074415,0.09768923
372,0.06764864,0.16999051,0.06634993,0.09075519,0.09862488
373,0.06790878,0.16980638,0.06591002,0.09083373,0.09795634
374,0.06831306,0.16974316,0.06671691,0.09084612,0.09924442
375,0.06833972,0.16959839,0.06684304,0.09074502,0.09911274
376,0.06802516,0.16952097,0.06663340,0.09065127,0.09879778
377,0.06751124,0.16947095,0.06596807,0.09069590,0.09773031
378,0.06762427,0.16955345,0.06629643,0.09076713,0.09832083
379,0.06764772,0.16963741,0.06646657,0.09080157,0.09862098
380,0.06736315,0.16964461,0.06613024,0.09062067,0.09815828
381,0.06676110,0.16960615,0.06592317,0.09048354,0.09717182
382,0.06796815,0.16954075,0.06639956,0.09045025,0.09841155
383,0.06801884,0.16958934,0.06662793,0.09052682,0.09870728
384,0.06808046,0.16990447,0.06630025,0.09068847,0.09827978
385,0.06731405,0.17009122,0.06586329,0.09074575,0.09781724
386,0.06659885,0.17009660,0.06529227,0.09079318,0.09654341
387,0.06645924,0.17003597,0.06560711,0.09079390,0.09708454
388,0.06726769,0.16992906,0.06621090,0.09077089,0.09818365
389,0.06640131,0.16983897,0.06551898,0.09066628,0.09682970
390,0.06672717,0.16969680,0.06591540,0.09058841,0.09763268
391,0.06689200,0.16982934,0.06574056,0.09061295,0.09718652
392,0.06627265,0.17003794,0.06544027,0.09066568,0.09670340
393,0.06659340,0.17014491,0.06553304,0.09075269,0.09682953
394,0.06714986,0.17017740,0.06574858,0.09077287,0.09740190
395,0.06664507,0.17015851,0.06558634,0.09070795,0.09694627
396,0.06666121,0.17006383,0.06572649,0.09060504,0.09757578
397,0.06600664,0.17000741,0.06538667,0.09062152,0.09643059
398,0.06637099,0.16965599,0.06597432,0.09065106,0.09731653
399,0.06661244,0.16943879,0.06555883,0.09068295,0.09691078
400,0.06613076,0.16957456,0.06555132,0.09068736,0.09682567
401,0.06573731,0.16974369,0.06491341,0.09057520,0.09566710
402,0.06599300,0.16987452,0.06522226,0.09052526,0.09591021
403,0.06580923,0.16999181,0.06547260,0.09054826,0.09627379
404,0.06581701,0.16993945,0.06549401,0.09057763,0.09643478
405,0.06593384,0.16968750,0.06519412,0.09055711,0.09625822
406,0.06629175,0.16953221,0.06555253,0.09053468,0.09692287
407,0.06543345,0.16945667,0.06525800,0.09047157,0.09588633
408,0.06626976,0.16955359,0.06532156,0.09043638,0.09640105
409,0.06522458,0.16971522,0.06479685,0.09042593,0.09571908
410,0.06613242,0.16990820,0.06500808,0.09052951,0.09617897
411,0.06563464,0.17008047,0.06518304,0.09065612,0.09623925
412,0.06585575,0.17031432,0.06516816,0.09069965,0.09631551
413,0.06549010,0.17061826,0.06511016,0.09078097,0.09580770
414,0.06490245,0.17061936,0.06488907,0.09086178,0.09520549
415,0.06542771,0.17038453,0.06479971,0.09082835,0.09552599
416,0.06558123,0.16995290,0.06489700,0.09063843,0.09554990
417,0.06522529,0.16949160,0.06508916,0.09048026,0.09567630
418,0.06523802,0.16918197,0.06443607,0.09045827,0.09517351
419,0.06576269,0.16922558,0.06497947,0.09049354,0.09637770
420,0.06529032,0.16924646,0.06477660,0.09047817,0.09529830
421,0.06514554,0.16947773,0.06456325,0.09047210,0.09521658
422,0.06572100,0.16956268,0.06482821,0.09043617,0.09593087
423,0.06509649,0.16953709,0.06467912,0.09048215,0.09546606
424,0.06543400,0.16938146,0.06451107,0.09054815,0.09554195
425,0.06505732,0.16928207,0.06489832,0.09052288,0.09545043
426,0.06447593,0.16907706,0.06425199,0.09047889,0.09454776
427,0.06435866,0.16890279,0.06450416,0.09044890,0.09466812
428,0.06482159,0.16902435,0.06498261,0.09052166,0.09553598
429,0.06547948,0.16928346,0.06480808,0.09059117,0.09603473
430,0.06511181,0.16946447,0.06441573,0.09055999,0.09486027
431,0.06589123,0.16953184,0.06524825,0.09053894,0.09613643
432,0.06518153,0.16946253,0.06452039,0.09053239,0.09539117
433,0.06537457,0.16946318,0.06462095,0.09050263,0.09557932
434,0.06480826,0.16945791,0.06455181,0.09052768,0.09509279
435,0.06543032,0.16959455,0.06483672,0.09058983,0.09543608
436,0.06401158,0.16962283,0.06397287,0.09065595,0.09432110
437,0.06486341,0.16971849,0.06448626,0.09070144,0.09484514
438,0.06424390,0.16987031,0.06429853,0.09076758,0.09421721
439,0.06479151,0.16999412,0.06445454,0.09073105,0.09516239
440,0.06408516,0.16990209,0.06433626,0.09052335,0.09448300
441,0.06501310,0.16959697,0.06460871,0.09039567,0.09498219
442,0.06449817,0.16936808,0.06415739,0.09035027,0.09450008
443,0.06469198,0.16922460,0.06447938,0.09031134,0.09478529
444,0.06402001,0.16911724,0.06409767,0.09021211,0.09413967
445,0.06435771,0.16886672,0.06460130,0.09008348,0.09473706
446,0.06510383,0.16864817,0.06439094,0.09016874,0.09505636
447,0.06377024,0.16857064,0.06393260,0.09018895,0.09416749
448,0.06377754,0.16867356,0.06404458,0.09018525,0.09408555
449,0.06449759,0.16877145,0.06402482,0.09021559,0.09451695
450,0.06488807,0.16898956,0.06450009,0.09034380,0.09478683
451,0.06394495,0.16914354,0.06428366,0.09045615,0.09418613
452,0.06485741,0.16910966,0.06440545,0.09044070,0.09530288
453,0.06414406,0.16915878,0.06409559,0.09037177,0.09438247
454,0.06519310,0.16930998,0.06450512,0.09039216,0.09552226
455,0.06412349,0.16953690,0.06413159,0.09046054,0.09448257
456,0.06502881,0.16979017,0.06439703,0.09054143,0.09506477
457,0.06440641,0.17007841,0.06399141,0.09054465,0.09455012
458,0.06395129,0.16992403,0.06394347,0.09042930,0.09440371
459,0.06419011,0.16958560,0.06426116,0.09028408,0.09510180
460,0.06392179,0.16926093,0.06408960,0.09015380,0.09445663
461,0.06463923,0.16914278,0.06433382,0.09016197,0.09464443
462,0.06417827,0.16919277,0.06400602,0.09022561,0.09433642
463,0.06357104,0.16940895,0.06356700,0.09026638,0.09365074
464,0.06425136,0.16963965,0.06426446,0.09035936,0.09440052
465,0.06396534,0.16977313,0.06387705,0.09048200,0.09383251
466,0.06395326,0.16983947,0.06388421,0.09048452,0.09383236
467,0.06301941,0.16971785,0.06345205,0.09037885,0.09293561
468,0.06437327,0.16938849,0.06416090,0.09021232,0.09485956
469,0.06309897,0.16920273,0.06343492,0.09013660,0.09349960
470,0.06343473,0.16910942,0.06413936,0.09010467,0.09405252
471,0.06408451,0.16895725,0.06405869,0.09004970,0.09433359
472,0.06367864,0.16895697,0.06394782,0.09009082,0.09404270
473,0.06456200,0.16881321,0.06410450,0.09003515,0.09484494
474,0.06415683,0.16872167,0.06398570,0.09003461,0.09407837
475,0.06436277,0.16861582,0.06410942,0.09003471,0.09426006
476,0.06386309,0.16859150,0.06355323,0.09003576,0.09404192
477,0.06327387,0.16876230,0.06369112,0.09009937,0.09327433
478,0.06438712,0.16903571,0.06413552,0.09017348,0.09449643
479,0.06263997,0.16933352,0.06338031,0.09016952,0.09264331
480,0.06332055,0.16934847,0.06367520,0.09017161,0.09342538
481,0.06352208,0.16936461,0.06393714,0.09009638,0.09400602
482,0.06321251,0.16930436,0.06324391,0.09006329,0.09311586
483,0.06342652,0.16895813,0.06380262,0.09000543,0.09404625
484,0.06306630,0.16856246,0.06359765,0.08993949,0.09344426
485,0.06255390,0.16832018,0.06323500,0.08991302,0.09283181
486,0.06354226,0.16814686,0.06341730,0.08990378,0.09357735
487,0.06298156,0.16813775,0.06344685,0.08997686,0.09310795
488,0.06240407,0.16831994,0.06298090,0.09005628,0.09248691
489,0.06295687,0.16858208,0.06343009,0.09020362,0.09317912
490,0.06277758,0.16879034,0.06346691,0.09018673,0.09303550
491,0.06355818,0.16868189,0.06385697,0.08999267,0.09395684
492,0.06260062,0.16864209,0.06317155,0.08989067,0.09202645
493,0.06306084,0.16865123,0.06337031,0.08987712,0.09318066
494,0.06293565,0.16869227,0.06338231,0.08994777,0.09307959
495,0.06339023,0.16867703,0.06379842,0.08998303,0.09388132
496,0.06329161,0.16863012,0.06337454,0.08993195,0.09311573
497,0.06258095,0.16872835,0.06296059,0.08993982,0.09250684
498,0.06251947,0.16873456,0.06315149,0.09002166,0.09264368
499,0.06312241,0.16870722,0.06350823,0.09016308,0.09325840
500,0.06229580,0.16862245,0.06295925,0.09016915,0.09241539
501,0.06236695,0.16852984,0.06289344,0.09006620,0.09256208
502,0.06257347,0.16830790,0.06319785,0.08996159,0.09280569
503,0.06188982,0.16828247,0.06271688,0.08996098,0.09179323
504,0.06228507,0.16826766,0.06279556,0.09000808,0.09196264
505,0.06200652,0.16824774,0.06273722,0.09000984,0.09194421
506,0.06265220,0.16830302,0.06317089,0.09002535,0.09275060
507,0.06248316,0.16821877,0.06318098,0.08992904,0.09271055
508,0.06211637,0.16813368,0.06277541,0.08983947,0.09218091
509,0.06251579,0.16795294,0.06288979,0.08980765,0.09277375
510,0.06278484,0.16793158,0.06275771,0.08990124,0.09278265
511,0.06285652,0.16801499,0.06338669,0.08987614,0.09304741
512,0.06190268,0.16802958,0.06294891,0.08982187,0.09234366
513,0.06257842,0.16825624,0.06278563,0.08986802,0.09240081
514,0.06368878,0.16843630,0.06358715,0.08989704,0.09393978
515,0.06199112,0.16854108,0.06288924,0.08991906,0.09213598
516,0.06272961,0.16855748,0.06303155,0.08987256,0.09260603
517,0.06240512,0.16848593,0.06280553,0.08983459,0.09243879
518,0.06141569,0.16844356,0.06262632,0.08982253,0.09156447
519,0.06201865,0.16835875,0.06287796,0.08979212,0.09216741
520,0.06255451,0.16832021,0.06300917,0.08971895,0.09269186
521,0.06231617,0.16824143,0.06293128,0.08972384,0.09237086
522,0.06243783,0.16818281,0.06334164,0.08971198,0.09284628
523,0.06293504,0.16806665,0.06342186,0.08970657,0.09325445
524,0.06211349,0.16809160,0.06287545,0.08975979,0.09231889
525,0.06098737,0.16823982,0.06231132,0.08988825,0.09118055
526,0.06073635,0.16837201,0.06208665,0.08991791,0.09054911
527,0.06242668,0.16831894,0.06267527,0.08995689,0.09244755
528,0.06213457,0.16808657,0.06291778,0.08988729,0.09212277
529,0.06170634,0.16803019,0.06267068,0.08984294,0.09164554
530,0.06181821,0.16802146,0.06270785,0.08977450,0.09214277
531,0.06234052,0.16809304,0.06275257,0.08977483,0.09229686
532,0.06219965,0.16834432,0.06293323,0.08981714,0.09256271
533,0.06026940,0.16859184,0.06179946,0.08985783,0.09019757
534,0.06120677,0.16875034,0.06214927,0.08994165,0.09119355
535,0.06174598,0.16873677,0.06269389,0.09001129,0.09221486
536,0.06188504,0.16859954,0.06267564,0.08996289,0.09204747
537,0.06112173,0.16856475,0.06213723,0.08990143,0.09064863
538,0.06152565,0.16843041,0.06270103,0.08981663,0.09159358
539,0.06085875,0.16831928,0.06235588,0.08978546,0.09080540
540,0.06184629,0.16837787,0.06270507,0.08989893,0.09189018
541,0.06092599,0.16837217,0.06229441,0.08995620,0.09092248
542,0.06233431,0.16847445,0.06284488,0.08994233,0.09261733
543,0.06010818,0.16865396,0.06181876,0.08993945,0.09002524
544,0.06099864,0.16851813,0.06214664,0.08987499,0.09117220
545,0.06071276,0.16824205,0.06228757,0.08981762,0.09110526
546,0.06134823,0.16801478,0.06237083,0.08981233,0.09137327
547,0.06145982,0.16787049,0.06218338,0.08979126,0.09132134
548,0.06134052,0.16780806,0.06220994,0.08976870,0.09120479
549,0.06090744,0.16785646,0.06201289,0.08969660,0.09061617
550,0.06157070,0.16780466,0.06250048,0.08964242,0.09129563
551,0.06088067,0.16761675,0.06180135,0.08962272,0.09031688
552,0.06114726,0.16750743,0.06187881,0.08964248,0.09083047
553,0.06211742,0.16741632,0.06276153,0.08971191,0.09254252
554,0.06102474,0.16738177,0.06241769,0.08966894,0.09154939
555,0.06107989,0.16715627,0.06207200,0.08956607,0.09136425
556,0.06165602,0.16696703,0.06244912,0.08947357,0.09181111
557,0.06098481,0.16689932,0.06199301,0.08943849,0.09130304
558,0.06117561,0.16704489,0.06208997,0.08946338,0.09107175
559,0.06118005,0.16735805,0.06228438,0.08959135,0.09149402
560,0.06077760,0.16772949,0.06214882,0.08980143,0.09087863
561,0.06140927,0.16799105,0.06230120,0.08990527,0.09163507
562,0.06078934,0.16824681,0.06186214,0.08995577,0.09090286
563,0.06030474,0.16809229,0.06149994,0.08988019,0.09026486
564,0.05995106,0.16775874,0.06141450,0.08976357,0.08954843
565,0.06106574,0.16748216,0.06193218,0.08964888,0.09092021
566,0.06044622,0.16741199,0.06180925,0.08960013,0.09030430
567,0.06027256,0.16745792,0.06168538,0.08958571,0.09009792
568,0.06128385,0.16750296,0.06225630,0.08953865,0.09104636
569,0.06034528,0.16771547,0.06182694,0.08952447,0.09018522
570,0.06104722,0.16794733,0.06220041,0.08954477,0.09139048
571,0.06077401,0.16802342,0.06196679,0.08953163,0.09077315
572,0.06075092,0.16795673,0.06186124,0.08954626,0.09094061
573,0.06101985,0.16805508,0.06187828,0.08964263,0.09122556
574,0.06083202,0.16804134,0.06196698,0.08972109,0.09094573
575,0.06024172,0.16805293,0.06189518,0.08973383,0.09053639
576,0.06027946,0.16813579,0.06189036,0.08967153,0.09066709
577,0.05947967,0.16837117,0.06133644,0.08971559,0.08917880
578,0.06021491,0.16839457,0.06177344,0.08970269,0.09061423
579,0.06016494,0.16836351,0.06184821,0.08976046,0.09051301
580,0.06068578,0.16837601,0.06198138,0.08987949,0.09077015
581,0.06018143,0.16844969,0.06184579,0.08993650,0.09014227
582,0.06093695,0.16845449,0.06183980,0.08986400,0.09070270
583,0.06092270,0.16827744,0.06209743,0.08973249,0.09127749
584,0.06025136,0.16812999,0.06152488,0.08966064,0.09007878
585,0.05983695,0.16804013,0.06135379,0.08963976,0.08977163
586,0.06006741,0.16795172,0.06163335,0.08957712,0.09019950
587,0.06019355,0.16796437,0.06144788,0.08957936,0.09016053
588,0.06003510,0.16785363,0.06154093,0.08961589,0.08975835
589,0.06026873,0.16788204,0.06174328,0.08965247,0.09037240
590,0.06059576,0.16790813,0.06161624,0.08966944,0.09030232
591,0.06006580,0.16784462,0.06163689,0.08967071,0.09028657
592,0.06022977,0.16786499,0.06143731,0.08964620,0.09025667
593,0.05991871,0.16790174,0.06152521,0.08958862,0.09020828
594,0.05999939,0.16795514,0.06139739,0.08945996,0.09002506
595,0.05978072,0.16806244,0.06107845,0.08942916,0.08954129
596,0.05981626,0.16805547,0.06166271,0.08944478,0.09014627
597,0.05979224,0.16808369,0.06149201,0.08953517,0.08970635
598,0.05959565,0.16810085,0.06128664,0.08957897,0.08978051
599,0.06012293,0.16807041,0.06180347,0.08958475,0.09012343
600,0.06004651,0.16799725,0.06156275,0.08951662,0.09000786
601,0.05995405,0.16800623,0.06159125,0.08944186,0.08997961
602,0.05868282,0.16808018,0.06105434,0.08948506,0.08867849
603,0.05937410,0.16805613,0.06108879,0.08952588,0.08912378
604,0.05961041,0.16797025,0.06133775,0.08965648,0.08974598
605,0.05961040,0.16808406,0.06162849,0.08974994,0.08983008
606,0.05924624,0.16791578,0.06102095,0.08970269,0.08931263
607,0.05948328,0.16762351,0.06126231,0.08959009,0.08949230
608,0.05894409,0.16748466,0.06105973,0.08953022,0.08899872
609,0.05932130,0.16730986,0.06106441,0.08947579,0.08925092
610,0.05893215,0.16717181,0.06083975,0.08946798,0.08846385
611,0.06001801,0.16713015,0.06133518,0.08950704,0.09001427
612,0.05958282,0.16711999,0.06150949,0.08953207,0.08961640
613,0.05934624,0.16725519,0.06102934,0.08951680,0.08924399
614,0.05891466,0.16730689,0.06106463,0.08939761,0.08891072
615,0.05983679,0.16724534,0.06141723,0.08931570,0.09006960
616,0.05924290,0.16727885,0.06078126,0.08935289,0.08880405
617,0.06002243,0.16719404,0.06145375,0.08936007,0.09010002
618,0.05917799,0.16725715,0.06118457,0.08943956,0.08905021
619,0.05928064,0.16727655,0.06111484,0.08945077,0.08938209
620,0.05861058,0.16729389,0.06064428,0.08944304,0.08862759
621,0.05894389,0.16717774,0.06061944,0.08942302,0.08867458
622,0.05882863,0.16723485,0.06097167,0.08948139,0.08874436
623,0.05898797,0.16726248,0.06092288,0.08948233,0.08920428
624,0.05909939,0.16729752,0.06088793,0.08950344,0.08903796
625,0.05982172,0.16741382,0.06140598,0.08940646,0.08976356
626,0.05906349,0.16755174,0.06060055,0.08933965,0.08878267
627,0.05950547,0.16766894,0.06127603,0.08940366,0.08986841
628,0.05902018,0.16771588,0.06071220,0.08951162,0.08880867
629,0.05843696,0.16770444,0.06051388,0.08956981,0.08848700
630,0.05854278,0.16762104,0.06051833,0.08955152,0.08820694
631,0.05804633,0.16749727,0.06032160,0.08951284,0.08792409
632,0.05914574,0.16750149,0.06072154,0.08951772,0.08935085
633,0.05842846,0.16749930,0.06031037,0.08956996,0.08799479
634,0.05914358,0.16739623,0.06108781,0.08953924,0.08938337
635,0.05980568,0.16741247,0.06131513,0.08944327,0.08971391
636,0.05954974,0.16760221,0.06133147,0.08938002,0.08945949
637,0.05795373,0.16768117,0.06028589,0.08933659,0.08733387
638,0.05884056,0.16772753,0.06085250,0.08942730,0.08893680
639,0.05987994,0.16762737,0.06148871,0.08939712,0.09011968
640,0.05919705,0.16749405,0.06087946,0.08935829,0.08935694
641,0.05914024,0.16737803,0.06070418,0.08928424,0.08950429
642,0.05972689,0.16737966,0.06123386,0.08930349,0.08980483
643,0.05789348,0.16736488,0.06004419,0.08934323,0.08788064
644,0.05953400,0.16740741,0.06108577,0.08932244,0.08941616
645,0.05819477,0.16739164,0.06064210,0.08929054,0.08837023
646,0.05908244,0.16736304,0.06076704,0.08927457,0.08888306
647,0.05868840,0.16727002,0.06048681,0.08922520,0.08835596
648,0.05851210,0.16707677,0.06080465,0.08918437,0.08875719
649,0.05900211,0.16677015,0.06075350,0.08909385,0.08878443
650,0.05881229,0.16672262,0.06075828,0.08912454,0.08877820
651,0.05792178,0.16677434,0.06056585,0.08923594,0.08822296
652,0.05816083,0.16695694,0.06058418,0.08930822,0.08864966
653,0.05855881,0.16703968,0.06049623,0.08933736,0.08850042
654,0.05893613,0.16716688,0.06057290,0.08939011,0.08911153
655,0.05873583,0.16710817,0.06067221,0.08937411,0.08924629
656,0.05854672,0.16710637,0.06031364,0.08937890,0.08813488
657,0.05921147,0.16704491,0.06095404,0.08932170,0.08930905
658,0.05866456,0.16688917,0.06058794,0.08918775,0.08852195
659,0.05816270,0.16683908,0.06014610,0.08918678,0.08762836
660,0.05921469,0.16692635,0.06084350,0.08919154,0.08903940
661,0.05924261,0.16672463,0.06068228,0.08910271,0.08893668
662,0.05834908,0.16647090,0.06054993,0.08903284,0.08866825
663,0.05908116,0.16622105,0.06063308,0.08895701,0.08913615
664,0.05838454,0.16620343,0.06038112,0.08900168,0.08815931
665,0.05824460,0.16631818,0.06003769,0.08915141,0.08779895
666,0.05959508,0.16644063,0.06127098,0.08924572,0.08985679
667,0.05945972,0.16658491,0.06134232,0.08922260,0.08968284
668,0.05816623,0.16666245,0.06028468,0.08916914,0.08763595
669,0.05800418,0.16674314,0.06018249,0.08916989,0.08795637
670,0.05841888,0.16666839,0.06064785,0.08917551,0.08844765
671,0.05860171,0.16658259,0.06044375,0.08911432,0.08852947
672,0.05794676,0.16660111,0.06000683,0.08903197,0.08768971
673,0.05808652,0.16671995,0.06054717,0.08896630,0.08856994
674,0.05811372,0.16682477,0.06052291,0.08888121,0.08831289
675,0.05859217,0.16691271,0.06031958,0.08886208,0.08809415
676,0.05826451,0.16701701,0.06060957,0.08890145,0.08831429
677,0.05777980,0.16693759,0.06008460,0.08896679,0.08736277
678,0.05821390,0.16690038,0.06012364,0.08896344,0.08779502
679,0.05832090,0.16688226,0.06028728,0.08893860,0.08803623
680,0.05720472,0.16682688,0.05971452,0.08893237,0.08706926
681,0.05843121,0.16672914,0.06041130,0.08897667,0.08854924
682,0.05858221,0.16673055,0.06041257,0.08900871,0.08843966
683,0.05798900,0.16677675,0.06056237,0.08902341,0.08862009
684,0.05755050,0.16683616,0.05984865,0.08896534,0.08723661
685,0.05753307,0.16687927,0.05975284,0.08889554,0.08668844
686,0.05680356,0.16694518,0.05974998,0.08889105,0.08643430
687,0.05776893,0.16684050,0.06030439,0.08892864,0.08772045
688,0.05777826,0.16680145,0.05992014,0.08908705,0.08750247
689,0.05713699,0.16663679,0.05989503,0.08914883,0.08740812
690,0.05821528,0.16652795,0.06037240,0.08911245,0.08821395
691,0.05707047,0.16665302,0.05953553,0.08912174,0.08668656
692,0.05814424,0.16681956,0.06012214,0.08914455,0.08809484
693,0.05805597,0.16684852,0.06003848,0.08920032,0.08775021
694,0.05786604,0.16688695,0.06018059,0.08924998,0.08752151
695,0.05718680,0.16686830,0.05980109,0.08919387,0.08714592
696,0.05799834,0.16699596,0.05987190,0.08910619,0.08770960
697,0.05726581,0.16707659,0.05981657,0.08912563,0.08720604
698,0.05801574,0.16714548,0.06029098,0.08920621,0.08823247
699,0.05729969,0.16717690,0.06001211,0.08925427,0.08744587
700,0.05769297,0.16706393,0.05993402,0.08919925,0.08767746
701,0.05766177,0.16677290,0.05988853,0.08910374,0.08746221
702,0.05796574,0.16651519,0.06025576,0.08900776,0.08826104
703,0.05857970,0.16654517,0.06049169,0.08896222,0.08819096
704,0.05735384,0.16660944,0.05990219,0.08894802,0.08713880
705,0.05792077,0.16664284,0.06072890,0.08885565,0.08810221
706,0.05732265,0.16679630,0.05981498,0.08879280,0.08699080
707,0.05787238,0.16697421,0.05996790,0.08891753,0.08764512
708,0.05680052,0.16725985,0.05964407,0.08913535,0.08701233
709,0.05724079,0.16723992,0.05988894,0.08923563,0.08729436
710,0.05692346,0.16711487,0.05940265,0.08919664,0.08676454
711,0.05746600,0.16701366,0.05973627,0.08913236,0.08751900
712,0.05733005,0.16710183,0.05977075,0.08911223,0.08704464
713,0.05718982,0.16734153,0.06009716,0.08917815,0.08749235
714,0.05741278,0.16758583,0.05950691,0.08924085,0.08693876
715,0.05799331,0.16751868,0.06008184,0.08925381,0.08798741
716,0.05712421,0.16726031,0.05986554,0.08920841,0.08705966
717,0.05764729,0.16695906,0.06001056,0.08916224,0.08744959
718,0.05735994,0.16655649,0.05928375,0.08912314,0.08654258
719,0.05771518,0.16599711,0.05971801,0.08893415,0.08721205
720,0.05750311,0.16572421,0.06006741,0.08884946,0.08712960
721,0.05724093,0.16570585,0.05967300,0.08887980,0.08697062
722,0.05690787,0.16576300,0.05988215,0.08882624,0.08691999
723,0.05693283,0.16587865,0.05932904,0.08874872,0.08669493
724,0.05724029,0.16601718,0.05956960,0.08870038,0.08716175
725,0.05723663,0.16604178,0.05928993,0.08868195,0.08683049
726,0.05672170,0.16609020,0.05920553,0.08874192,0.08602361
727,0.05663583,0.16618653,0.05951711,0.08883337,0.08642750
728,0.05734507,0.16611120,0.05970408,0.08888782,0.08699692
729,0.05653339,0.16599670,0.05925926,0.08883576,0.08610481
730,0.05580832,0.16592160,0.05877909,0.08880059,0.08545866
731,0.05534934,0.16606099,0.05861106,0.08885698,0.08468632
732,0.05684709,0.16631781,0.05956486,0.08897842,0.08702541
733,0.05693310,0.16654679,0.05919877,0.08906350,0.08647732
734,0.05726657,0.16679426,0.06006515,0.08913555,0.08729239
735,0.05706024,0.16698138,0.05963432,0.08908025,0.08709690
736,0.05680196,0.16694383,0.05934536,0.08899114,0.08655749
737,0.05614795,0.16675823,0.05927963,0.08889334,0.08610299
738,0.05692482,0.16657745,0.05927028,0.08884780,0.08678770
739,0.05631529,0.16655574,0.05920538,0.08896166,0.08599342
740,0.05726355,0.16662785,0.06014799,0.08901764,0.08742170
741,0.05731866,0.16675448,0.05970845,0.08900165,0.08722444
742,0.05620083,0.16688204,0.05920751,0.08889331,0.08608055
743,0.05715805,0.16693130,0.05972397,0.08887459,0.08700558
744,0.05720807,0.16688933,0.05989098,0.08886138,0.08755708
745,0.05679663,0.16681606,0.05968294,0.08889983,0.08684957
746,0.05648143,0.16674826,0.05922461,0.08893061,0.08585061
747,0.05690280,0.16683530,0.05962508,0.08897324,0.08672815
748,0.05761076,0.16683212,0.05965262,0.08900614,0.08700220
749,0.05633316,0.16685443,0.05915468,0.08902783,0.08606946
750,0.05670877,0.16676198,0.05962408,0.08902552,0.08685448
751,0.05592451,0.16679099,0.05902403,0.08899709,0.08577614
752,0.05675994,0.16675765,0.05948605,0.08902711,0.08664377
753,0.05668459,0.16676318,0.05912342,0.08913705,0.08653278
754,0.05726922,0.16674541,0.05969914,0.08915158,0.08756984
755,0.05685356,0.16651280,0.05944168,0.08913651,0.08682774
756,0.05701251,0.16629016,0.05955498,0.08908093,0.08662153
757,0.05619350,0.16615347,0.05931155,0.08904291,0.08609464
758,0.05612970,0.16615572,0.05899227,0.08899134,0.08574882
759,0.05634698,0.16636124,0.05921430,0.08897746,0.08629515
760,0.05599180,0.16638225,0.05898762,0.08896160,0.08560043
761,0.05646452,0.16617984,0.05900991,0.08893721,0.08613649
762,0.05614267,0.16605293,0.05920495,0.08901487,0.08590286
763,0.05677149,0.16610534,0.05975819,0.08904271,0.08665068
764,0.05674103,0.16631030,0.05944259,0.08900976,0.08694060
765,0.05648819,0.16645123,0.05925300,0.08897917,0.08645530
766,0.05667953,0.16649655,0.05939933,0.08898279,0.08618114
767,0.05714618,0.16651305,0.05966470,0.08903163,0.08722798
768,0.05657366,0.16639809,0.05945361,0.08905008,0.08645171
769,0.05613905,0.16622737,0.05923523,0.08905444,0.08639609
770,0.05696544,0.16607012,0.05930966,0.08903187,0.08668642
771,0.05671405,0.16590541,0.05899066,0.08894701,0.08637720
772,0.05610411,0.16583431,0.05887545,0.08883472,0.08576195
773,0.05622277,0.16584902,0.05883196,0.08876315,0.08564819
774,0.05666195,0.16576554,0.05939400,0.08869825,0.08665080
775,0.05659116,0.16565068,0.05908349,0.08868945,0.08651848
776,0.05604981,0.16568200,0.05887874,0.08879333,0.08559607
777,0.05580378,0.16565081,0.05900338,0.08881069,0.08565269
778,0.05586632,0.16572264,0.05934399,0.08881566,0.08594577
779,0.05703288,0.16582298,0.05929552,0.08880495,0.08659305
780,0.05598745,0.16588093,0.05873203,0.08883692,0.08574038
781,0.05618431,0.16592840,0.05896220,0.08882670,0.08592643
782,0.05598372,0.16599948,0.05872447,0.08885858,0.08550170
783,0.05646342,0.16609605,0.05868730,0.08888942,0.08592790
784,0.05591212,0.16606743,0.05878201,0.08889951,0.08558624
785,0.05668214,0.16598636,0.05910280,0.08887748,0.08649143
786,0.05684803,0.16592133,0.05907955,0.08888769,0.08673303
787,0.05525745,0.16577138,0.05852133,0.08882553,0.08501928
788,0.05575142,0.16576090,0.05872022,0.08882769,0.08562773
789,0.05646137,0.16588699,0.05881394,0.08886428,0.08579704
790,0.05615120,0.16608639,0.05881265,0.08896943,0.08573970
791,0.05586269,0.16614675,0.05890177,0.08899642,0.08574179
792,0.05604057,0.16624998,0.05897539,0.08901691,0.08600982
793,0.05572264,0.16624707,0.05898077,0.08903913,0.08584945
794,0.05537484,0.16625525,0.05866986,0.08902869,0.08510419
795,0.05570239,0.16617256,0.05885944,0.08902059,0.08558416
796,0.05634772,0.16610668,0.05890115,0.08905063,0.08577265
797,0.05655701,0.16604463,0.05944892,0.08901919,0.08671044
798,0.05613139,0.16594830,0.05899727,0.08896276,0.08617375
799,0.05707445,0.16585980,0.05921924,0.08897219,0.08699195
800,0.05608173,0.16586484,0.05885743,0.08897399,0.08607532
801,0.05584969,0.16581972,0.05879252,0.08897657,0.08526657
802,0.05566409,0.16568377,0.05907687,0.08891103,0.08585959
803,0.05542352,0.16554044,0.05882252,0.08882150,0.08533295
804,0.05588103,0.16544427,0.05881018,0.08871829,0.08579081
805,0.05633033,0.16546860,0.05909916,0.08873538,0.08639228
806,0.05586528,0.16567389,0.05911520,0.08879563,0.08591384
807,0.05670138,0.16597658,0.05904527,0.08885951,0.08643572
808,0.05569177,0.16624317,0.05865807,0.08892928,0.08559348
809,0.05551533,0.16635051,0.05854006,0.08896049,0.08545562
810,0.05459716,0.16622584,0.05813946,0.08892537,0.08461270
811,0.05488228,0.16584724,0.05831622,0.08886049,0.08501939
812,0.05655254,0.16564204,0.05944383,0.08893301,0.08688135
813,0.05604451,0.16559406,0.05900563,0.08893926,0.08588305
814,0.05614736,0.16559838,0.05914866,0.08892253,0.08603741
815,0.05561644,0.16561039,0.05880742,0.08886317,0.08555202
816,0.05599799,0.16555976,0.05850676,0.08884656,0.08559876
817,0.05521623,0.16562928,0.05849642,0.08888003,0.08479535
818,0.05537245,0.16568994,0.05853313,0.08896640,0.08501263
819,0.05522921,0.16572682,0.05865517,0.08894613,0.08496426
820,0.05514101,0.16581656,0.05845831,0.08893993,0.08479036
821,0.05445961,0.16574741,0.05815383,0.08891583,0.08413468
822,0.05519759,0.16557474,0.05833847,0.08883184,0.08531332
823,0.05463876,0.16540108,0.05835470,0.08877407,0.08461755
824,0.05516349,0.16535560,0.05848780,0.08882016,0.08530407
825,0.05562802,0.16525443,0.05908528,0.08885252,0.08563560
826,0.05658086,0.16529146,0.05904094,0.08882784,0.08620380
827,0.05581835,0.16539792,0.05887380,0.08881008,0.08594122
828,0.05566628,0.16547247,0.05849634,0.08877640,0.08537023
829,0.05533289,0.16549957,0.05844570,0.08873731,0.08507377
830,0.05508592,0.16557707,0.05840195,0.08872662,0.08479410
831,0.05563024,0.16560528,0.05849628,0.08876200,0.08531804
832,0.05554452,0.16567527,0.05851560,0.08886465,0.08544918
833,0.05526939,0.16579817,0.05832673,0.08894967,0.08492539
834,0.05563851,0.16584404,0.05888694,0.08888512,0.08585041
835,0.05596685,0.16594002,0.05886735,0.08881362,0.08568720
836,0.05529588,0.16598491,0.05849920,0.08881204,0.08527747
837,0.05496037,0.16597824,0.05796497,0.08884599,0.08480650
838,0.05596177,0.16589758,0.05868823,0.08885126,0.08579293
839,0.05533005,0.16592235,0.05816268,0.08888817,0.08490019
840,0.05557083,0.16596766,0.05875150,0.08892007,0.08575664
841,0.05482907,0.16593778,0.05810941,0.08887000,0.08450865
842,0.05569751,0.16599245,0.05869301,0.08884409,0.08533680
843,0.05540220,0.16597187,0.05836871,0.08881576,0.08516560
844,0.05503468,0.16609223,0.05825467,0.08889034,0.08453533
845,0.05531411,0.16617507,0.05811178,0.08895673,0.08510935
846,0.05454395,0.16618938,0.05780753,0.08902561,0.08428281
847,0.05469412,0.16614301,0.05807434,0.08907009,0.08461160
848,0.05500995,0.16604658,0.05807292,0.08902701,0.08500857
849,0.05551979,0.16588766,0.05893585,0.08887150,0.08585311
850,0.05506903,0.16574842,0.05845668,0.08872981,0.08508741
851,0.05540496,0.16570713,0.05855100,0.08869366,0.08528786
852,0.05593044,0.16567931,0.05852811,0.08869783,0.08523153
853,0.05614480,0.16565444,0.05907936,0.08873796,0.08584822
854,0.05534859,0.16556679,0.05829390,0.08876234,0.08496450
855,0.05484556,0.16544859,0.05814155,0.08871034,0.08450414
856,0.05480273,0.16539042,0.05802188,0.08868979,0.08454155
857,0.05473312,0.16535118,0.05817139,0.08865370,0.08487559
858,0.05509525,0.16544751,0.05831287,0.08866571,0.08514459
859,0.05525059,0.16548019,0.05834456,0.08870125,0.08491468
860,0.05459349,0.16539033,0.05788159,0.08870228,0.08450782
861,0.05388179,0.16524255,0.05778335,0.08870954,0.08351124
862,0.05459108,0.16522214,0.05770497,0.08872993,0.08435624
863,0.05530150,0.16526671,0.05847927,0.08876450,0.08509187
864,0.05547599,0.16540281,0.05831157,0.08880744,0.08548718
865,0.05516941,0.16556214,0.05831470,0.08885854,0.08506193
866,0.05523307,0.16565694,0.05834345,0.08888803,0.08525090
867,0.05511604,0.16575251,0.05835528,0.08886172,0.08477314
868,0.05534394,0.16584933,0.05850352,0.08888046,0.08509827
869,0.05494469,0.16596145,0.05804928,0.08888980,0.08426366
870,0.05511333,0.16595770,0.05831943,0.08885355,0.08507495
871,0.05543430,0.16585133,0.05845077,0.08876996,0.08518675
872,0.05440546,0.16579237,0.05799071,0.08873575,0.08430824
873,0.05451320,0.16577631,0.05809362,0.08878391,0.08471745
874,0.05530851,0.16572590,0.05837925,0.08883071,0.08554603
875,0.05491822,0.16565577,0.05792582,0.08883595,0.08435336
876,0.05504609,0.16553182,0.05808694,0.08881846,0.08476229
877,0.05487992,0.16538450,0.05798940,0.08871105,0.08448530
878,0.05459755,0.16524473,0.05783423,0.08854214,0.08407346
879,0.05359381,0.16510087,0.05751298,0.08849912,0.08318170
880,0.05516240,0.16499155,0.05822534,0.08852859,0.08491290
881,0.05524459,0.16505606,0.05827143,0.08855984,0.08495162
882,0.05390421,0.16523169,0.05746227,0.08857084,0.08327894
883,0.05403315,0.16543044,0.05781887,0.08860488,0.08392525
884,0.05504393,0.16564902,0.05856410,0.08870837,0.08530127
885,0.05498486,0.16577680,0.05810378,0.08878500,0.08514582
886,0.05447682,0.16572896,0.05766352,0.08878287,0.08416492
887,0.05440839,0.16561321,0.05776700,0.08875576,0.08385252
888,0.05537664,0.16543445,0.05833395,0.08871773,0.08494332
889,0.05511840,0.16528421,0.05836727,0.08868735,0.08515496
890,0.05395951,0.16539230,0.05750752,0.08871632,0.08350598
891,0.05404824,0.16553170,0.05747647,0.08875752,0.08382446
892,0.05481108,0.16558907,0.05812501,0.08878546,0.08474530
893,0.05420291,0.16576059,0.05810239,0.08879834,0.08433125
894,0.05453831,0.16583129,0.05807861,0.08883311,0.08453650
895,0.05421148,0.16574225,0.05766408,0.08887477,0.08391671
896,0.05445489,0.16555016,0.05790872,0.08887577,0.08419252
897,0.05420035,0.16533196,0.05755079,0.08888928,0.08388983
898,0.05431099,0.16522003,0.05790111,0.08889127,0.08416635
899,0.05451873,0.16500740,0.05800878,0.08884857,0.08449515
900,0.05419194,0.16500198,0.05789026,0.08878920,0.08416549
901,0.05440403,0.16509042,0.05773778,0.08871024,0.08422865
902,0.05502325,0.16523946,0.05843212,0.08869956,0.08503462
903,0.05516834,0.16547493,0.05843915,0.08880160,0.08500999
904,0.05390674,0.16570755,0.05785839,0.08885227,0.08397627
905,0.05464393,0.16581694,0.05799124,0.08883428,0.08435448
906,0.05382223,0.16582652,0.05794341,0.08882744,0.08379325
907,0.05420609,0.16569793,0.05753583,0.08877467,0.08354281
908,0.05484207,0.16563147,0.05784534,0.08873912,0.08452929
909,0.05395024,0.16564503,0.05759536,0.08873322,0.08336540
910,0.05483520,0.16568399,0.05800159,0.08874047,0.08461001
911,0.05429127,0.16575769,0.05757318,0.08875197,0.08409559
912,0.05411936,0.16576290,0.05779551,0.08873914,0.08410739
913,0.05418077,0.16569759,0.05759292,0.08871470,0.08403378
914,0.05349808,0.16558367,0.05709636,0.08862083,0.08300660
915,0.05441103,0.16542695,0.05774078,0.08852357,0.08432137
916,0.05391297,0.16529057,0.05781975,0.08844016,0.08372697
917,0.05427427,0.16532135,0.05803478,0.08845126,0.08411562
918,0.05357225,0.16540147,0.05733423,0.08847950,0.08329880
919,0.05531311,0.16543794,0.05834973,0.08851750,0.08528436
920,0.05396409,0.16538139,0.05756393,0.08859054,0.08392433
921,0.05363091,0.16541325,0.05745064,0.08864551,0.08335552
922,0.05430796,0.16533000,0.05766412,0.08865184,0.08401442
923,0.05399258,0.16529000,0.05763879,0.08868654,0.08366975
924,0.05406748,0.16525396,0.05741739,0.08869883,0.08383873
925,0.05327514,0.16518441,0.05734765,0.08871023,0.08336164
926,0.05435406,0.16511639,0.05784035,0.08870129,0.08423938
927,0.05551072,0.16517125,0.05803362,0.08871493,0.08522557
928,0.05371548,0.16526316,0.05727689,0.08872944,0.08298368
929,0.05364096,0.16540593,0.05755254,0.08877870,0.08356008
930,0.05390273,0.16541245,0.05710580,0.08879374,0.08331502
931,0.05375369,0.16528115,0.05737635,0.08875422,0.08363284
932,0.05386523,0.16524203,0.05716283,0.08870565,0.08360575
933,0.05389253,0.16521932,0.05764499,0.08868057,0.08393016
934,0.05321310,0.16519559,0.05715250,0.08862977,0.08301488
935,0.05405464,0.16526144,0.05760422,0.08860931,0.08370695
936,0.05364122,0.16512219,0.05724120,0.08855537,0.08318292
937,0.05467926,0.16482341,0.05806974,0.08851074,0.08488481
938,0.05355511,0.16466264,0.05728895,0.08853658,0.08306945
939,0.05402750,0.16467646,0.05746318,0.08858910,0.08415494
940,0.05387223,0.16477062,0.05733354,0.08864058,0.08356743
941,0.05343104,0.16487881,0.05738971,0.08870166,0.08316915
942,0.05323981,0.16498359,0.05711939,0.08872963,0.08247470
943,0.05341905,0.16510564,0.05683425,0.08877292,0.08261190
944,0.05466359,0.16522663,0.05785394,0.08884441,0.08446130
945,0.05428445,0.16510352,0.05773465,0.08884593,0.08440185
946,0.05369338,0.16504533,0.05718986,0.08883673,0.08344992
947,0.05378622,0.16517189,0.05747752,0.08880081,0.08348579
948,0.05436243,0.16523708,0.05763992,0.08877171,0.08422234
949,0.05330539,0.16519656,0.05709652,0.08871761,0.08299158
950,0.05358726,0.16519269,0.05703282,0.08870670,0.08337030
951,0.05375197,0.16526427,0.05725599,0.08875989,0.08331920
952,0.05300121,0.16540545,0.05698420,0.08883701,0.08270248
953,0.05445634,0.16537392,0.05801275,0.08888713,0.08462770
954,0.05345285,0.16531110,0.05722391,0.08892836,0.08320848
955,0.05313864,0.16532878,0.05722809,0.08892853,0.08329904
956,0.05398594,0.16540433,0.05780508,0.08888879,0.08425412
957,0.05348121,0.16538504,0.05710744,0.08884342,0.08317147
958,0.05421809,0.16539858,0.05755560,0.08887496,0.08375310
959,0.05438583,0.16539107,0.05765111,0.08892315,0.08407138
960,0.05318764,0.16525045,0.05714459,0.08892242,0.08285121
961,0.05403672,0.16504692,0.05748412,0.08886068,0.08380677
962,0.05409459,0.16485435,0.05774999,0.08874572,0.08391345
963,0.05320804,0.16477833,0.05698117,0.08868052,0.08274448
964,0.05345904,0.16472412,0.05708851,0.08869933,0.08317228
965,0.05408797,0.16474663,0.05787772,0.08869856,0.08440810
966,0.05334882,0.16476106,0.05714448,0.08865051,0.08289655
967,0.05344736,0.16474083,0.05708326,0.08861234,0.08293618
968,0.05343901,0.16481440,0.05732588,0.08859172,0.08353979
969,0.05318674,0.16482834,0.05706263,0.08858669,0.08275937
970,0.05311117,0.16471951,0.05715948,0.08859561,0.08284835
971,0.05309657,0.16469118,0.05725016,0.08862003,0.08301636
972,0.05355671,0.16474751,0.05716231,0.08867140,0.08331981
973,0.05227362,0.16484656,0.05668569,0.08872764,0.08189148
974,0.05309478,0.16499784,0.05716704,0.08875915,0.08297808
975,0.05263982,0.16517157,0.05699267,0.08884784,0.08222266
976,0.05379484,0.16531741,0.05771567,0.08885195,0.08413316
977,0.05330857,0.16521491,0.05699517,0.08877213,0.08294071
978,0.05393296,0.16513384,0.05737957,0.08871832,0.08399204
979,0.05420304,0.16513390,0.05724449,0.08868669,0.08365325
980,0.05354584,0.16504327,0.05722707,0.08861517,0.08332702
981,0.05365370,0.16507261,0.05742806,0.08858434,0.08314978
982,0.05360697,0.16506880,0.05735003,0.08854286,0.08359233
983,0.05266977,0.16515114,0.05661406,0.08860028,0.08225134
984,0.05372711,0.16516883,0.05734253,0.08865594,0.08352764
985,0.05344970,0.16519761,0.05740920,0.08872398,0.08371650
986,0.05405956,0.16523712,0.05745223,0.08875114,0.08391848
987,0.05339915,0.16528097,0.05716433,0.08878653,0.08311537
988,0.05380385,0.16537297,0.05738933,0.08877859,0.08383643
989,0.05380526,0.16547143,0.05770740,0.08874728,0.08377819
990,0.05249259,0.16542691,0.05673313,0.08875437,0.08223551
991,0.05296181,0.16543027,0.05701412,0.08881395,0.08268255
992,0.05365684,0.16535224,0.05705927,0.08882807,0.08341383
993,0.05256391,0.16528936,0.05662792,0.08880906,0.08209360
994,0.05345252,0.16519410,0.05727374,0.08876187,0.08341052
995,0.05320456,0.16511041,0.05713039,0.08869308,0.08286453
996,0.05324988,0.16512156,0.05686912,0.08864658,0.08271261
997,0.05345252,0.16519211,0.05720727,0.08869004,0.08331909
998,0.05295789,0.16523260,0.05673782,0.08878210,0.08253402
999,0.05213633,0.16531071,0.05629258,0.08888808,0.08138711
1000,0.05349143,0.16540510,0.05690008,0.08891553,0.08316077
1001,0.05311792,0.16549098,0.05684442,0.08888176,0.08302867
1002,0.05319779,0.16549507,0.05714960,0.08882626,0.08319640
1003,0.05248960,0.16545743,0.05664296,0.08878234,0.08243277
1004,0.05346283,0.16527852,0.05742964,0.08878657,0.08342507
1005,0.05398952,0.16519920,0.05727344,0.08881583,0.08356649
1006,0.05323644,0.16513685,0.05703463,0.08880099,0.08286836
1007,0.05286750,0.16493144,0.05691418,0.08870926,0.08275668
1008,0.05224138,0.16476474,0.05662260,0.08864664,0.08178819
1009,0.05327029,0.16466951,0.05734160,0.08859420,0.08303824
1010,0.05301699,0.16466524,0.05681530,0.08857560,0.08258842
1011,0.05309547,0.16475165,0.05714448,0.08863410,0.08278275
1012,0.05340181,0.16482361,0.05728729,0.08871798,0.08306004
1013,0.05340894,0.16496638,0.05709692,0.08880607,0.08328047
1014,0.05289820,0.16521816,0.05700344,0.08889523,0.08265618
1015,0.05375421,0.16544053,0.05775059,0.08897049,0.08430391
1016,0.05257639,0.16563086,0.05685243,0.08901419,0.08263230
1017,0.05295238,0.16572182,0.05676459,0.08903810,0.08299719
1018,0.05281154,0.16563640,0.05675648,0.08900166,0.08243296
1019,0.05292753,0.16547180,0.05675756,0.08891598,0.08249931
1020,0.05205737,0.16537387,0.05680384,0.08887438,0.08197861
1021,0.05321550,0.16533526,0.05742235,0.08880893,0.08320795
1022,0.05248784,0.16534110,0.05661412,0.08880453,0.08218258
1023,0.05283567,0.16542681,0.05659249,0.08882114,0.08240484
1024,0.05279694,0.16540577,0.05678723,0.08882343,0.08240079
1025,0.05248220,0.16537200,0.05670916,0.08884770,0.08234471
1026,0.05307212,0.16532396,0.05683057,0.08887244,0.08287318
1027,0.05291874,0.16528506,0.05683471,0.08882901,0.08247871
1028,0.05248612,0.16530733,0.05668809,0.08877186,0.08233609
